[UnityConnectServicesConfig] Local config successfully read: "/usr/share/unity3d/config/services-config.json"
[UnityConnectServicesConfig] Service configuration:
    "servicesConfigBaseUrl": "",
    "disableServicesWindow": false,
    "disableUserLogin": false,
    "entitlementCacheTimeoutInSeconds": 60,
    "clientConnectTimeoutSec": 60,
    "clientHandshakeTimeoutSec": 30,
    "clientResolveEntitlementsTimeoutSec": 30,
    "clientUpdateLicenseTimeoutSec": 30,
    "licensingServiceBaseUrl": "",
    "enableProxyAutoconfig": "false"

Unity Editor version:    6000.5.10f1 (3bd4f66ad299)
Branch:                  6000.5/staging
Build type:              Release
Batch mode:              YES
System name:             Linux
Distro version:          #1 SMP PREEMPT_DYNAMIC Tue, 28 Jul 2026 13:49:51 +0000
Kernel version:          7.1.5-arch1-2
Architecture:            x86_64
Window Protocol:         Wayland (XWayland)
Available memory:        7605 MB
Date:                    2026-08-31T16:29:01Z
[Licensing::Module] Trying to connect to existing licensing client channel...
[Licensing::IpcConnector] Successfully connected to: "LicenseClient-asif" at "2026-08-31T16:29:01.689336Z"
[SignatureVerifier] Application signature verification not supported on this platform.
[Licensing::Client] Error: HandshakeResponse reported an error:
	ResponseCode: 505
	ResponseStatus: Unsupported protocol version '1.18.3'.
[Licensing::Module] Error: Failed to handshake to channel: "LicenseClient-asif"
[Licensing::IpcConnector] LicenseClient-asif channel disconnected successfully.
[Licensing::IpcConnector] Successfully connected to: "LicenseClient-asif-6000.5.10" at "2026-08-31T16:29:01.691286Z"
[SignatureVerifier] Application signature verification not supported on this platform.
[Licensing::Client] Handshaking with LicensingClient:
  Version:                 1.18.3+d7ffd15
  Session Id:              70669d7a451c419a932719c1bfb38297
  Correlation Id:          98826aebeb0a61efeb740c891542fc01
  External correlation Id: 5398821293523506167
  Machine Id:              9nBtIvNttBpV0fpHM/K0qgbDBRw=
[Licensing::Module] Successfully connected to LicensingClient on channel: "LicenseClient-asif-6000.5.10" (connect: 0.00s, validation: 0.00s, handshake: 0.00s)
[Licensing::IpcConnector] Successfully connected to: "LicenseClient-asif-6000.5.10-notifications" at "2026-08-31T16:29:01.695606Z"
[Licensing::Module] Licensing Background thread has ended after 0.01s
Selected window backend: (null) 
Desktop is 1920 x 1080 @ 60 Hz
Initialize udev device monitor.

COMMAND LINE ARGUMENTS:
unityhub-unity-editor-6000.5.10f1
-adb2
-batchMode
-noUpm
-name
AssetImportWorkerHW0
-projectPath
/home/asif/Projects/vrGame/vrgame
-logFile
Logs/AssetImportWorkerHW0.log
-srvPort
35113
-parentPid
149441
-analyticsCloudUserId
anonymous
-analyticsCloudProjectId
6a8ec91a-ea38-4532-8363-f6eb6d25c856
-analyticsLocalProjectId
185e02fd953626fe1b8e75156a2fa0f6
-editorAnalyticsEnabled
1
-cbmEditorLicense
6fb559045bdf791e9c9f24766630c20f85667e30
-cbmMachineId
9nBtIvNttBpV0fpHM/K0qgbDBRw=
-licensingIpc
LicenseClient-asif
-noDiagnosticSwitchPersistentStore
-job-worker-count
3
-background-job-worker-count
8
-asset-garbage-collectors
1
-force-vulkan
Successfully changed project path to: /home/asif/Projects/vrGame/vrgame
/home/asif/Projects/vrGame/vrgame
[UnityMemory] Configuration Parameters - Can be set up in boot.config
    "memorysetup-temp-allocator-size-gi-baking-worker=262144"
    "memorysetup-temp-allocator-size-gi-baking-worker=262144"
    "memorysetup-temp-allocator-size-gi-baking-worker=262144"
    "memorysetup-temp-allocator-size-gi-baking-worker=262144"
    "memorysetup-temp-allocator-size-gi-baking-worker=262144"
    "memorysetup-temp-allocator-size-nav-mesh-worker=65536"
    "memorysetup-temp-allocator-size-audio-worker=65536"
    "memorysetup-temp-allocator-size-cloud-worker=32768"
    "memorysetup-allocator-temp-initial-block-size-main=262144"
    "memorysetup-allocator-temp-initial-block-size-worker=262144"
    "memorysetup-temp-allocator-size-preload-manager=33554432"
    "memorysetup-remapper-allocator-initial-capacity=32768"
    "memorysetup-temp-allocator-size-gfx=262144"
    "memorysetup-temp-allocator-size-background-worker=32768"
    "memorysetup-temp-allocator-size-job-worker=262144"
    "memorysetup-bucket-allocator-granularity=16"
    "memorysetup-bucket-allocator-bucket-count=8"
    "memorysetup-bucket-allocator-block-size=33554432"
    "memorysetup-bucket-allocator-block-count=8"
    "memorysetup-main-allocator-block-size=16777216"
    "memorysetup-thread-allocator-block-size=16777216"
    "memorysetup-main-allocator-mimalloc-enabled=0"
    "memorysetup-gfx-main-allocator-block-size=16777216"
    "memorysetup-gfx-thread-allocator-block-size=16777216"
    "memorysetup-cache-allocator-block-size=4194304"
    "memorysetup-typetree-allocator-block-size=2097152"
    "memorysetup-profiler-bucket-allocator-granularity=16"
    "memorysetup-profiler-bucket-allocator-bucket-count=8"
    "memorysetup-profiler-bucket-allocator-block-size=33554432"
    "memorysetup-profiler-bucket-allocator-block-count=8"
    "memorysetup-profiler-allocator-block-size=16777216"
    "memorysetup-profiler-editor-allocator-block-size=1048576"
    "memorysetup-temp-allocator-size-main=16777216"
    "memorysetup-job-temp-allocator-block-size=2097152"
    "memorysetup-job-temp-allocator-block-size-background=1048576"
    "memorysetup-job-temp-allocator-reduction-small-platforms=262144"
Player connection [140038842289344]  Target information:

Player connection [140038842289344]  * "[IP] 192.168.1.11 [Port] 0 [Flags] 2 [Guid] 4216721021 [EditorId] 4216721021 [Version] 1048832 [Id] LinuxEditor(16,192.168.1.11) [Debug] 1 [PackageName] LinuxEditor [ProjectName] Editor" 

Player connection [140038842289344]  * "[IP] 192.168.122.1 [Port] 0 [Flags] 2 [Guid] 4216721021 [EditorId] 4216721021 [Version] 1048832 [Id] LinuxEditor(16,192.168.1.11) [Debug] 1 [PackageName] LinuxEditor [ProjectName] Editor" 

Player connection [140038842289344]  * "[IP] 172.17.0.1 [Port] 0 [Flags] 2 [Guid] 4216721021 [EditorId] 4216721021 [Version] 1048832 [Id] LinuxEditor(16,192.168.1.11) [Debug] 1 [PackageName] LinuxEditor [ProjectName] Editor" 

Player connection [140038842289344]  * "[IP] 172.18.0.1 [Port] 0 [Flags] 2 [Guid] 4216721021 [EditorId] 4216721021 [Version] 1048832 [Id] LinuxEditor(16,192.168.1.11) [Debug] 1 [PackageName] LinuxEditor [ProjectName] Editor" 

Player connection [140038842289344] Host joined multi-casting on [225.0.0.222:54997]...
Player connection [140038842289344] Host joined alternative multi-casting on [225.0.0.222:34997]...
JobSystem: Creating JobQueue using job-worker-count value 3
Input System module state changed to: Initialized.
[Physics::Module] Initialized fallback backend.
[Physics::Module] Id: 0xdecafbad
Library Redirect Path: Library/
Default GameObject Tag: Player already registered
[Physics::Module] Selected backend.
[Physics::Module] Name: PhysX
[Physics::Module] Id: 0xf2b8ea05
[Physics::Module] SDK Version: 4.1.2
[Physics::Module] Integration Version: 1.0.0
[Physics::Module] Threading Mode: Multi-Threaded
Refreshing native plugins compatible for Editor in 3.64 ms, found 1 plugins.
Initialize engine version: 6000.5.10f1 (3bd4f66ad299)
[Subsystems] Discovering subsystems at path /home/asif/Unity/Hub/Editor/6000.5.10f1/Editor/Data/Resources/UnitySubsystems
[Subsystems] Discovering subsystems at path /home/asif/Projects/vrGame/vrgame/Assets
Forcing GfxDevice: Vulkan
GfxDevice: creating device client; kGfxThreadingModeThreaded
[vulkan] LoadVulkanLibrary libvulkan.so.1[vulkan] Loaded instance function vkGetInstanceProcAddr
[vulkan] Loaded instance function vkGetInstanceProcAddr
[vulkan] Loaded instance function vkCreateInstance
[vulkan] Loaded instance function vkEnumerateInstanceExtensionProperties
[vulkan] Loaded instance function vkEnumerateInstanceLayerProperties
[vulkan] Loaded instance function vkEnumerateInstanceVersion
[Vulkan init] extensions: count=26
[Vulkan init] extensions: name=VK_EXT_acquire_drm_display [enabled=0, external=0]
[Vulkan init] extensions: name=VK_EXT_acquire_xlib_display [enabled=0, external=0]
[Vulkan init] extensions: name=VK_EXT_debug_report [enabled=0, external=0]
[Vulkan init] extensions: name=VK_EXT_debug_utils [enabled=1, external=0]
[Vulkan init] extensions: name=VK_EXT_direct_mode_display [enabled=0, external=0]
[Vulkan init] extensions: name=VK_EXT_display_surface_counter [enabled=0, external=0]
[Vulkan init] extensions: name=VK_EXT_headless_surface [enabled=0, external=0]
[Vulkan init] extensions: name=VK_EXT_layer_settings [enabled=0, external=0]
[Vulkan init] extensions: name=VK_EXT_surface_maintenance1 [enabled=0, external=0]
[Vulkan init] extensions: name=VK_EXT_swapchain_colorspace [enabled=1, external=0]
[Vulkan init] extensions: name=VK_KHR_device_group_creation [enabled=0, external=0]
[Vulkan init] extensions: name=VK_KHR_display [enabled=1, external=0]
[Vulkan init] extensions: name=VK_KHR_external_fence_capabilities [enabled=1, external=0]
[Vulkan init] extensions: name=VK_KHR_external_memory_capabilities [enabled=1, external=0]
[Vulkan init] extensions: name=VK_KHR_external_semaphore_capabilities [enabled=1, external=0]
[Vulkan init] extensions: name=VK_KHR_get_display_properties2 [enabled=0, external=0]
[Vulkan init] extensions: name=VK_KHR_get_physical_device_properties2 [enabled=1, external=0]
[Vulkan init] extensions: name=VK_KHR_get_surface_capabilities2 [enabled=0, external=0]
[Vulkan init] extensions: name=VK_KHR_portability_enumeration [enabled=0, external=0]
[Vulkan init] extensions: name=VK_KHR_surface [enabled=1, external=0]
[Vulkan init] extensions: name=VK_KHR_surface_maintenance1 [enabled=0, external=0]
[Vulkan init] extensions: name=VK_KHR_surface_protected_capabilities [enabled=0, external=0]
[Vulkan init] extensions: name=VK_KHR_wayland_surface [enabled=1, external=0]
[Vulkan init] extensions: name=VK_KHR_xcb_surface [enabled=0, external=0]
[Vulkan init] extensions: name=VK_KHR_xlib_surface [enabled=1, external=0]
[Vulkan init] extensions: name=VK_LUNARG_direct_driver_loading [enabled=0, external=0]
[vulkan] Loaded instance function vkDestroyInstance
[vulkan] Loaded instance function vkGetPhysicalDeviceProperties
[vulkan] Loaded instance function vkEnumeratePhysicalDevices
[Vulkan init] SelectPhysicalDevice requestedDeviceIndex=-1 xrDevice=(nil)
[Vulkan init] Physical Device 0x55bf684413e0 [0]: "Intel(R) Graphics (ADL GT2)" deviceType=1 vendorID=8086 deviceID=46b3
Vulkan detection: 2
[Vulkan init] extensions: count=26
[Vulkan init] extensions: name=VK_EXT_acquire_drm_display [enabled=0, external=0]
[Vulkan init] extensions: name=VK_EXT_acquire_xlib_display [enabled=0, external=0]
[Vulkan init] extensions: name=VK_EXT_debug_report [enabled=0, external=0]
[Vulkan init] extensions: name=VK_EXT_debug_utils [enabled=1, external=0]
[Vulkan init] extensions: name=VK_EXT_direct_mode_display [enabled=0, external=0]
[Vulkan init] extensions: name=VK_EXT_display_surface_counter [enabled=0, external=0]
[Vulkan init] extensions: name=VK_EXT_headless_surface [enabled=0, external=0]
[Vulkan init] extensions: name=VK_EXT_layer_settings [enabled=0, external=0]
[Vulkan init] extensions: name=VK_EXT_surface_maintenance1 [enabled=0, external=0]
[Vulkan init] extensions: name=VK_EXT_swapchain_colorspace [enabled=1, external=0]
[Vulkan init] extensions: name=VK_KHR_device_group_creation [enabled=0, external=0]
[Vulkan init] extensions: name=VK_KHR_display [enabled=1, external=0]
[Vulkan init] extensions: name=VK_KHR_external_fence_capabilities [enabled=1, external=0]
[Vulkan init] extensions: name=VK_KHR_external_memory_capabilities [enabled=1, external=0]
[Vulkan init] extensions: name=VK_KHR_external_semaphore_capabilities [enabled=1, external=0]
[Vulkan init] extensions: name=VK_KHR_get_display_properties2 [enabled=0, external=0]
[Vulkan init] extensions: name=VK_KHR_get_physical_device_properties2 [enabled=1, external=0]
[Vulkan init] extensions: name=VK_KHR_get_surface_capabilities2 [enabled=0, external=0]
[Vulkan init] extensions: name=VK_KHR_portability_enumeration [enabled=0, external=0]
[Vulkan init] extensions: name=VK_KHR_surface [enabled=1, external=0]
[Vulkan init] extensions: name=VK_KHR_surface_maintenance1 [enabled=0, external=0]
[Vulkan init] extensions: name=VK_KHR_surface_protected_capabilities [enabled=0, external=0]
[Vulkan init] extensions: name=VK_KHR_wayland_surface [enabled=1, external=0]
[Vulkan init] extensions: name=VK_KHR_xcb_surface [enabled=0, external=0]
[Vulkan init] extensions: name=VK_KHR_xlib_surface [enabled=1, external=0]
[Vulkan init] extensions: name=VK_LUNARG_direct_driver_loading [enabled=0, external=0]
[vulkan] Loaded instance function vkDestroyInstance
[vulkan] Loaded instance function vkGetPhysicalDeviceProperties
[vulkan] Loaded instance function vkEnumeratePhysicalDevices
[vulkan] Loaded instance function vkGetDeviceProcAddr
[vulkan] Loaded instance function vkGetPhysicalDeviceFeatures
[vulkan] Loaded instance function vkGetPhysicalDeviceFormatProperties
[vulkan] Loaded instance function vkGetPhysicalDeviceImageFormatProperties
[vulkan] Loaded instance function vkGetPhysicalDeviceQueueFamilyProperties
[vulkan] Loaded instance function vkGetPhysicalDeviceMemoryProperties
[vulkan] Loaded instance function vkCreateDevice
[vulkan] Loaded instance function vkEnumerateDeviceExtensionProperties
[vulkan] Loaded instance function vkEnumerateDeviceLayerProperties
[vulkan] Loaded instance function vkGetPhysicalDeviceSparseImageFormatProperties
[vulkan] Loaded instance function vkDestroySurfaceKHR
[vulkan] Loaded instance function vkGetPhysicalDeviceSurfaceSupportKHR
[vulkan] Loaded instance function vkGetPhysicalDeviceSurfaceCapabilitiesKHR
[vulkan] Loaded instance function vkGetPhysicalDeviceSurfaceFormatsKHR
[vulkan] Loaded instance function vkGetPhysicalDeviceSurfacePresentModesKHR
[vulkan] Loaded instance function vkCreateSwapchainKHR
[vulkan] Loaded instance function vkDestroySwapchainKHR
[vulkan] Loaded instance function vkGetSwapchainImagesKHR
[vulkan] Loaded instance function vkAcquireNextImageKHR
[vulkan] Loaded instance function vkQueuePresentKHR
[vulkan] Loaded instance function vkGetPhysicalDeviceDisplayPropertiesKHR
[vulkan] Loaded instance function vkGetPhysicalDeviceDisplayPlanePropertiesKHR
[vulkan] Loaded instance function vkGetDisplayPlaneSupportedDisplaysKHR
[vulkan] Loaded instance function vkGetDisplayModePropertiesKHR
[vulkan] Loaded instance function vkCreateDisplayModeKHR
[vulkan] Loaded instance function vkGetDisplayPlaneCapabilitiesKHR
[vulkan] Loaded instance function vkCreateDisplayPlaneSurfaceKHR
[vulkan] Loaded instance function vkCreateSharedSwapchainsKHR
[vulkan] Loaded instance function vkCreateXlibSurfaceKHR
[vulkan] Loaded instance function vkGetPhysicalDeviceXlibPresentationSupportKHR
[vulkan] Loaded instance function vkSetHdrMetadataEXT
[vulkan] Loaded instance function vkGetPhysicalDeviceFeatures2KHR
[vulkan] Loaded instance function vkGetPhysicalDeviceProperties2KHR
[vulkan] Loaded instance function vkGetPhysicalDeviceFormatProperties2KHR
[vulkan] Loaded instance function vkGetPhysicalDeviceImageFormatProperties2KHR
[vulkan] Loaded instance function vkGetPhysicalDeviceQueueFamilyProperties2KHR
[vulkan] Loaded instance function vkGetPhysicalDeviceMemoryProperties2KHR
[vulkan] Loaded instance function vkGetPhysicalDeviceSparseImageFormatProperties2KHR
[vulkan] Loaded instance function vkGetSemaphoreFdKHR
[vulkan] Loaded instance function vkImportSemaphoreFdKHR
[vulkan] Loaded instance function vkGetFenceFdKHR
[vulkan] Loaded instance function vkImportFenceFdKHR
[vulkan] Loaded instance function vkCreateSamplerYcbcrConversionKHR
[vulkan] Loaded instance function vkDestroySamplerYcbcrConversionKHR
[vulkan] Loaded instance function vkBindBufferMemory2KHR
[vulkan] Loaded instance function vkBindImageMemory2KHR
[vulkan] Loaded instance function vkWaitForPresentKHR
[vulkan] Loaded instance function vkGetPhysicalDeviceExternalSemaphorePropertiesKHR
[vulkan] Loaded instance function vkGetPhysicalDeviceExternalFencePropertiesKHR
[vulkan] Loaded instance function vkGetPhysicalDeviceFragmentShadingRatesKHR
[vulkan] Loaded instance function vkSetDebugUtilsObjectNameEXT
[vulkan] Loaded instance function vkSetDebugUtilsObjectTagEXT
[vulkan] Loaded instance function vkQueueBeginDebugUtilsLabelEXT
[vulkan] Loaded instance function vkQueueEndDebugUtilsLabelEXT
[vulkan] Loaded instance function vkQueueInsertDebugUtilsLabelEXT
[vulkan] Loaded instance function vkCmdBeginDebugUtilsLabelEXT
[vulkan] Loaded instance function vkCmdEndDebugUtilsLabelEXT
[vulkan] Loaded instance function vkCmdInsertDebugUtilsLabelEXT
[Vulkan init] SelectPhysicalDevice requestedDeviceIndex=-1 xrDevice=(nil)
[Vulkan init] Physical Device 0x55bf68352bd0 [0]: "Intel(R) Graphics (ADL GT2)" deviceType=1 vendorID=8086 deviceID=46b3
[Vulkan init] Selected physical device 0x55bf68352bd0
[Vulkan init] Graphics queue count=1
[Vulkan init] extensions: count=188
[Vulkan init] extensions: name=VK_AMD_buffer_marker [enabled=0, external=0]
[Vulkan init] extensions: name=VK_EXT_4444_formats [enabled=1, external=0]
[Vulkan init] extensions: name=VK_EXT_attachment_feedback_loop_dynamic_state [enabled=0, external=0]
[Vulkan init] extensions: name=VK_EXT_attachment_feedback_loop_layout [enabled=0, external=0]
[Vulkan init] extensions: name=VK_EXT_border_color_swizzle [enabled=0, external=0]
[Vulkan init] extensions: name=VK_EXT_buffer_device_address [enabled=0, external=0]
[Vulkan init] extensions: name=VK_EXT_calibrated_timestamps [enabled=0, external=0]
[Vulkan init] extensions: name=VK_EXT_color_write_enable [enabled=0, external=0]
[Vulkan init] extensions: name=VK_EXT_conditional_rendering [enabled=0, external=0]
[Vulkan init] extensions: name=VK_EXT_conservative_rasterization [enabled=1, external=0]
[Vulkan init] extensions: name=VK_EXT_custom_border_color [enabled=0, external=0]
[Vulkan init] extensions: name=VK_EXT_depth_bias_control [enabled=0, external=0]
[Vulkan init] extensions: name=VK_EXT_depth_clamp_control [enabled=0, external=0]
[Vulkan init] extensions: name=VK_EXT_depth_clamp_zero_one [enabled=0, external=0]
[Vulkan init] extensions: name=VK_EXT_depth_clip_control [enabled=0, external=0]
[Vulkan init] extensions: name=VK_EXT_depth_clip_enable [enabled=0, external=0]
[Vulkan init] extensions: name=VK_EXT_descriptor_buffer [enabled=0, external=0]
[Vulkan init] extensions: name=VK_EXT_descriptor_indexing [enabled=0, external=0]
[Vulkan init] extensions: name=VK_EXT_device_address_binding_report [enabled=0, external=0]
[Vulkan init] extensions: name=VK_EXT_device_memory_report [enabled=0, external=0]
[Vulkan init] extensions: name=VK_EXT_display_control [enabled=0, external=0]
[Vulkan init] extensions: name=VK_EXT_dynamic_rendering_unused_attachments [enabled=0, external=0]
[Vulkan init] extensions: name=VK_EXT_extended_dynamic_state [enabled=0, external=0]
[Vulkan init] extensions: name=VK_EXT_extended_dynamic_state2 [enabled=0, external=0]
[Vulkan init] extensions: name=VK_EXT_extended_dynamic_state3 [enabled=0, external=0]
[Vulkan init] extensions: name=VK_EXT_external_memory_acquire_unmodified [enabled=0, external=0]
[Vulkan init] extensions: name=VK_EXT_external_memory_dma_buf [enabled=0, external=0]
[Vulkan init] extensions: name=VK_EXT_external_memory_host [enabled=1, external=0]
[Vulkan init] extensions: name=VK_EXT_fragment_shader_interlock [enabled=0, external=0]
[Vulkan init] extensions: name=VK_EXT_global_priority [enabled=0, external=0]
[Vulkan init] extensions: name=VK_EXT_global_priority_query [enabled=0, external=0]
[Vulkan init] extensions: name=VK_EXT_graphics_pipeline_library [enabled=0, external=0]
[Vulkan init] extensions: name=VK_EXT_hdr_metadata [enabled=1, external=0]
[Vulkan init] extensions: name=VK_EXT_host_image_copy [enabled=0, external=0]
[Vulkan init] extensions: name=VK_EXT_host_query_reset [enabled=0, external=0]
[Vulkan init] extensions: name=VK_EXT_image_2d_view_of_3d [enabled=0, external=0]
[Vulkan init] extensions: name=VK_EXT_image_drm_format_modifier [enabled=0, external=0]
[Vulkan init] extensions: name=VK_EXT_image_robustness [enabled=0, external=0]
[Vulkan init] extensions: name=VK_EXT_image_sliced_view_of_3d [enabled=0, external=0]
[Vulkan init] extensions: name=VK_EXT_image_view_min_lod [enabled=0, external=0]
[Vulkan init] extensions: name=VK_EXT_index_type_uint8 [enabled=0, external=0]
[Vulkan init] extensions: name=VK_EXT_inline_uniform_block [enabled=0, external=0]
[Vulkan init] extensions: name=VK_EXT_legacy_dithering [enabled=0, external=0]
[Vulkan init] extensions: name=VK_EXT_legacy_vertex_attributes [enabled=0, external=0]
[Vulkan init] extensions: name=VK_EXT_line_rasterization [enabled=0, external=0]
[Vulkan init] extensions: name=VK_EXT_load_store_op_none [enabled=1, external=0]
[Vulkan init] extensions: name=VK_EXT_map_memory_placed [enabled=0, external=0]
[Vulkan init] extensions: name=VK_EXT_memory_budget [enabled=1, external=0]
[Vulkan init] extensions: name=VK_EXT_multi_draw [enabled=0, external=0]
[Vulkan init] extensions: name=VK_EXT_mutable_descriptor_type [enabled=0, external=0]
[Vulkan init] extensions: name=VK_EXT_nested_command_buffer [enabled=0, external=0]
[Vulkan init] extensions: name=VK_EXT_non_seamless_cube_map [enabled=0, external=0]
[Vulkan init] extensions: name=VK_EXT_pci_bus_info [enabled=0, external=0]
[Vulkan init] extensions: name=VK_EXT_physical_device_drm [enabled=0, external=0]
[Vulkan init] extensions: name=VK_EXT_pipeline_creation_cache_control [enabled=0, external=0]
[Vulkan init] extensions: name=VK_EXT_pipeline_creation_feedback [enabled=0, external=0]
[Vulkan init] extensions: name=VK_EXT_pipeline_protected_access [enabled=0, external=0]
[Vulkan init] extensions: name=VK_EXT_pipeline_robustness [enabled=0, external=0]
[Vulkan init] extensions: name=VK_EXT_post_depth_coverage [enabled=0, external=0]
[Vulkan init] extensions: name=VK_EXT_present_timing [enabled=0, external=0]
[Vulkan init] extensions: name=VK_EXT_primitive_topology_list_restart [enabled=0, external=0]
[Vulkan init] extensions: name=VK_EXT_primitives_generated_query [enabled=0, external=0]
[Vulkan init] extensions: name=VK_EXT_private_data [enabled=0, external=0]
[Vulkan init] extensions: name=VK_EXT_provoking_vertex [enabled=0, external=0]
[Vulkan init] extensions: name=VK_EXT_queue_family_foreign [enabled=1, external=0]
[Vulkan init] extensions: name=VK_EXT_robustness2 [enabled=0, external=0]
[Vulkan init] extensions: name=VK_EXT_sample_locations [enabled=0, external=0]
[Vulkan init] extensions: name=VK_EXT_sampler_filter_minmax [enabled=0, external=0]
[Vulkan init] extensions: name=VK_EXT_scalar_block_layout [enabled=1, external=0]
[Vulkan init] extensions: name=VK_EXT_separate_stencil_usage [enabled=0, external=0]
[Vulkan init] extensions: name=VK_EXT_shader_atomic_float [enabled=0, external=0]
[Vulkan init] extensions: name=VK_EXT_shader_atomic_float2 [enabled=0, external=0]
[Vulkan init] extensions: name=VK_EXT_shader_demote_to_helper_invocation [enabled=1, external=0]
[Vulkan init] extensions: name=VK_EXT_shader_image_atomic_int64 [enabled=0, external=0]
[Vulkan init] extensions: name=VK_EXT_shader_module_identifier [enabled=0, external=0]
[Vulkan init] extensions: name=VK_EXT_shader_object [enabled=0, external=0]
[Vulkan init] extensions: name=VK_EXT_shader_replicated_composites [enabled=0, external=0]
[Vulkan init] extensions: name=VK_EXT_shader_stencil_export [enabled=0, external=0]
[Vulkan init] extensions: name=VK_EXT_shader_subgroup_ballot [enabled=0, external=0]
[Vulkan init] extensions: name=VK_EXT_shader_subgroup_vote [enabled=0, external=0]
[Vulkan init] extensions: name=VK_EXT_shader_uniform_buffer_unsized_array [enabled=0, external=0]
[Vulkan init] extensions: name=VK_EXT_shader_viewport_index_layer [enabled=1, external=0]
[Vulkan init] extensions: name=VK_EXT_subgroup_size_control [enabled=0, external=0]
[Vulkan init] extensions: name=VK_EXT_swapchain_maintenance1 [enabled=0, external=0]
[Vulkan init] extensions: name=VK_EXT_texel_buffer_alignment [enabled=0, external=0]
[Vulkan init] extensions: name=VK_EXT_tooling_info [enabled=0, external=0]
[Vulkan init] extensions: name=VK_EXT_transform_feedback [enabled=0, external=0]
[Vulkan init] extensions: name=VK_EXT_vertex_attribute_divisor [enabled=0, external=0]
[Vulkan init] extensions: name=VK_EXT_vertex_input_dynamic_state [enabled=1, external=0]
[Vulkan init] extensions: name=VK_EXT_ycbcr_2plane_444_formats [enabled=0, external=0]
[Vulkan init] extensions: name=VK_EXT_ycbcr_image_arrays [enabled=0, external=0]
[Vulkan init] extensions: name=VK_GOOGLE_decorate_string [enabled=0, external=0]
[Vulkan init] extensions: name=VK_GOOGLE_hlsl_functionality1 [enabled=0, external=0]
[Vulkan init] extensions: name=VK_GOOGLE_user_type [enabled=0, external=0]
[Vulkan init] extensions: name=VK_INTEL_shader_integer_functions2 [enabled=0, external=0]
[Vulkan init] extensions: name=VK_KHR_16bit_storage [enabled=1, external=0]
[Vulkan init] extensions: name=VK_KHR_8bit_storage [enabled=0, external=0]
[Vulkan init] extensions: name=VK_KHR_bind_memory2 [enabled=1, external=0]
[Vulkan init] extensions: name=VK_KHR_buffer_device_address [enabled=0, external=0]
[Vulkan init] extensions: name=VK_KHR_calibrated_timestamps [enabled=0, external=0]
[Vulkan init] extensions: name=VK_KHR_compute_shader_derivatives [enabled=0, external=0]
[Vulkan init] extensions: name=VK_KHR_copy_commands2 [enabled=0, external=0]
[Vulkan init] extensions: name=VK_KHR_create_renderpass2 [enabled=1, external=0]
[Vulkan init] extensions: name=VK_KHR_dedicated_allocation [enabled=1, external=0]
[Vulkan init] extensions: name=VK_KHR_deferred_host_operations [enabled=0, external=0]
[Vulkan init] extensions: name=VK_KHR_depth_clamp_zero_one [enabled=0, external=0]
[Vulkan init] extensions: name=VK_KHR_depth_stencil_resolve [enabled=1, external=0]
[Vulkan init] extensions: name=VK_KHR_descriptor_update_template [enabled=1, external=0]
[Vulkan init] extensions: name=VK_KHR_device_group [enabled=0, external=0]
[Vulkan init] extensions: name=VK_KHR_draw_indirect_count [enabled=0, external=0]
[Vulkan init] extensions: name=VK_KHR_driver_properties [enabled=1, external=0]
[Vulkan init] extensions: name=VK_KHR_dynamic_rendering [enabled=0, external=0]
[Vulkan init] extensions: name=VK_KHR_dynamic_rendering_local_read [enabled=0, external=0]
[Vulkan init] extensions: name=VK_KHR_external_fence [enabled=1, external=0]
[Vulkan init] extensions: name=VK_KHR_external_fence_fd [enabled=1, external=0]
[Vulkan init] extensions: name=VK_KHR_external_memory [enabled=1, external=0]
[Vulkan init] extensions: name=VK_KHR_external_memory_fd [enabled=1, external=0]
[Vulkan init] extensions: name=VK_KHR_external_semaphore [enabled=1, external=0]
[Vulkan init] extensions: name=VK_KHR_external_semaphore_fd [enabled=1, external=0]
[Vulkan init] extensions: name=VK_KHR_format_feature_flags2 [enabled=0, external=0]
[Vulkan init] extensions: name=VK_KHR_fragment_shading_rate [enabled=1, external=0]
[Vulkan init] extensions: name=VK_KHR_get_memory_requirements2 [enabled=1, external=0]
[Vulkan init] extensions: name=VK_KHR_global_priority [enabled=0, external=0]
[Vulkan init] extensions: name=VK_KHR_image_format_list [enabled=1, external=0]
[Vulkan init] extensions: name=VK_KHR_imageless_framebuffer [enabled=0, external=0]
[Vulkan init] extensions: name=VK_KHR_incremental_present [enabled=0, external=0]
[Vulkan init] extensions: name=VK_KHR_index_type_uint8 [enabled=0, external=0]
[Vulkan init] extensions: name=VK_KHR_internally_synchronized_queues [enabled=0, external=0]
[Vulkan init] extensions: name=VK_KHR_line_rasterization [enabled=0, external=0]
[Vulkan init] extensions: name=VK_KHR_load_store_op_none [enabled=0, external=0]
[Vulkan init] extensions: name=VK_KHR_maintenance1 [enabled=1, external=0]
[Vulkan init] extensions: name=VK_KHR_maintenance10 [enabled=0, external=0]
[Vulkan init] extensions: name=VK_KHR_maintenance2 [enabled=1, external=0]
[Vulkan init] extensions: name=VK_KHR_maintenance3 [enabled=0, external=0]
[Vulkan init] extensions: name=VK_KHR_maintenance4 [enabled=0, external=0]
[Vulkan init] extensions: name=VK_KHR_maintenance5 [enabled=0, external=0]
[Vulkan init] extensions: name=VK_KHR_maintenance6 [enabled=0, external=0]
[Vulkan init] extensions: name=VK_KHR_maintenance7 [enabled=0, external=0]
[Vulkan init] extensions: name=VK_KHR_maintenance8 [enabled=0, external=0]
[Vulkan init] extensions: name=VK_KHR_maintenance9 [enabled=0, external=0]
[Vulkan init] extensions: name=VK_KHR_map_memory2 [enabled=0, external=0]
[Vulkan init] extensions: name=VK_KHR_multiview [enabled=1, external=0]
[Vulkan init] extensions: name=VK_KHR_pipeline_binary [enabled=0, external=0]
[Vulkan init] extensions: name=VK_KHR_pipeline_executable_properties [enabled=0, external=0]
[Vulkan init] extensions: name=VK_KHR_pipeline_library [enabled=0, external=0]
[Vulkan init] extensions: name=VK_KHR_present_id [enabled=1, external=0]
[Vulkan init] extensions: name=VK_KHR_present_id2 [enabled=0, external=0]
[Vulkan init] extensions: name=VK_KHR_present_wait [enabled=1, external=0]
[Vulkan init] extensions: name=VK_KHR_present_wait2 [enabled=0, external=0]
[Vulkan init] extensions: name=VK_KHR_push_descriptor [enabled=0, external=0]
[Vulkan init] extensions: name=VK_KHR_relaxed_block_layout [enabled=0, external=0]
[Vulkan init] extensions: name=VK_KHR_robustness2 [enabled=0, external=0]
[Vulkan init] extensions: name=VK_KHR_sampler_mirror_clamp_to_edge [enabled=1, external=0]
[Vulkan init] extensions: name=VK_KHR_sampler_ycbcr_conversion [enabled=1, external=0]
[Vulkan init] extensions: name=VK_KHR_separate_depth_stencil_layouts [enabled=0, external=0]
[Vulkan init] extensions: name=VK_KHR_shader_atomic_int64 [enabled=1, external=0]
[Vulkan init] extensions: name=VK_KHR_shader_clock [enabled=0, external=0]
[Vulkan init] extensions: name=VK_KHR_shader_draw_parameters [enabled=0, external=0]
[Vulkan init] extensions: name=VK_KHR_shader_expect_assume [enabled=0, external=0]
[Vulkan init] extensions: name=VK_KHR_shader_float16_int8 [enabled=1, external=0]
[Vulkan init] extensions: name=VK_KHR_shader_float_controls [enabled=0, external=0]
[Vulkan init] extensions: name=VK_KHR_shader_float_controls2 [enabled=0, external=0]
[Vulkan init] extensions: name=VK_KHR_shader_integer_dot_product [enabled=0, external=0]
[Vulkan init] extensions: name=VK_KHR_shader_maximal_reconvergence [enabled=0, external=0]
[Vulkan init] extensions: name=VK_KHR_shader_non_semantic_info [enabled=1, external=0]
[Vulkan init] extensions: name=VK_KHR_shader_quad_control [enabled=0, external=0]
[Vulkan init] extensions: name=VK_KHR_shader_relaxed_extended_instruction [enabled=0, external=0]
[Vulkan init] extensions: name=VK_KHR_shader_subgroup_extended_types [enabled=0, external=0]
[Vulkan init] extensions: name=VK_KHR_shader_subgroup_rotate [enabled=0, external=0]
[Vulkan init] extensions: name=VK_KHR_shader_subgroup_uniform_control_flow [enabled=0, external=0]
[Vulkan init] extensions: name=VK_KHR_shader_terminate_invocation [enabled=0, external=0]
[Vulkan init] extensions: name=VK_KHR_shader_untyped_pointers [enabled=0, external=0]
[Vulkan init] extensions: name=VK_KHR_spirv_1_4 [enabled=0, external=0]
[Vulkan init] extensions: name=VK_KHR_storage_buffer_storage_class [enabled=1, external=0]
[Vulkan init] extensions: name=VK_KHR_swapchain [enabled=1, external=0]
[Vulkan init] extensions: name=VK_KHR_swapchain_maintenance1 [enabled=0, external=0]
[Vulkan init] extensions: name=VK_KHR_swapchain_mutable_format [enabled=1, external=0]
[Vulkan init] extensions: name=VK_KHR_synchronization2 [enabled=0, external=0]
[Vulkan init] extensions: name=VK_KHR_timeline_semaphore [enabled=0, external=0]
[Vulkan init] extensions: name=VK_KHR_uniform_buffer_standard_layout [enabled=0, external=0]
[Vulkan init] extensions: name=VK_KHR_variable_pointers [enabled=0, external=0]
[Vulkan init] extensions: name=VK_KHR_vertex_attribute_divisor [enabled=0, external=0]
[Vulkan init] extensions: name=VK_KHR_vulkan_memory_model [enabled=0, external=0]
[Vulkan init] extensions: name=VK_KHR_workgroup_memory_explicit_layout [enabled=0, external=0]
[Vulkan init] extensions: name=VK_KHR_zero_initialize_workgroup_memory [enabled=0, external=0]
[Vulkan init] extensions: name=VK_MESA_image_alignment_control [enabled=0, external=0]
[Vulkan init] extensions: name=VK_NV_compute_shader_derivatives [enabled=0, external=0]
[Vulkan init] extensions: name=VK_VALVE_mutable_descriptor_type [enabled=0, external=0]
[vulkan] Loaded device function vkDestroyDevice
[vulkan] Loaded device function vkGetDeviceQueue
[vulkan] Loaded device function vkQueueSubmit
[vulkan] Loaded device function vkQueueWaitIdle
[vulkan] Loaded device function vkDeviceWaitIdle
[vulkan] Loaded device function vkAllocateMemory
[vulkan] Loaded device function vkFreeMemory
[vulkan] Loaded device function vkMapMemory
[vulkan] Loaded device function vkUnmapMemory
[vulkan] Loaded device function vkFlushMappedMemoryRanges
[vulkan] Loaded device function vkInvalidateMappedMemoryRanges
[vulkan] Loaded device function vkGetDeviceMemoryCommitment
[vulkan] Loaded device function vkBindBufferMemory
[vulkan] Loaded device function vkBindImageMemory
[vulkan] Loaded device function vkGetBufferMemoryRequirements
[vulkan] Loaded device function vkGetImageMemoryRequirements
[vulkan] Loaded device function vkGetImageSparseMemoryRequirements
[vulkan] Loaded device function vkQueueBindSparse
[vulkan] Loaded device function vkCreateFence
[vulkan] Loaded device function vkDestroyFence
[vulkan] Loaded device function vkResetFences
[vulkan] Loaded device function vkGetFenceStatus
[vulkan] Loaded device function vkWaitForFences
[vulkan] Loaded device function vkCreateSemaphore
[vulkan] Loaded device function vkDestroySemaphore
[vulkan] Loaded device function vkCreateEvent
[vulkan] Loaded device function vkDestroyEvent
[vulkan] Loaded device function vkGetEventStatus
[vulkan] Loaded device function vkSetEvent
[vulkan] Loaded device function vkResetEvent
[vulkan] Loaded device function vkCreateQueryPool
[vulkan] Loaded device function vkDestroyQueryPool
[vulkan] Loaded device function vkGetQueryPoolResults
[vulkan] Loaded device function vkCreateBuffer
[vulkan] Loaded device function vkDestroyBuffer
[vulkan] Loaded device function vkCreateBufferView
[vulkan] Loaded device function vkDestroyBufferView
[vulkan] Loaded device function vkCreateImage
[vulkan] Loaded device function vkDestroyImage
[vulkan] Loaded device function vkGetImageSubresourceLayout
[vulkan] Loaded device function vkCreateImageView
[vulkan] Loaded device function vkDestroyImageView
[vulkan] Loaded device function vkCreateShaderModule
[vulkan] Loaded device function vkDestroyShaderModule
[vulkan] Loaded device function vkCreatePipelineCache
[vulkan] Loaded device function vkDestroyPipelineCache
[vulkan] Loaded device function vkGetPipelineCacheData
[vulkan] Loaded device function vkMergePipelineCaches
[vulkan] Loaded device function vkCreateGraphicsPipelines
[vulkan] Loaded device function vkCreateComputePipelines
[vulkan] Loaded device function vkDestroyPipeline
[vulkan] Loaded device function vkCreatePipelineLayout
[vulkan] Loaded device function vkDestroyPipelineLayout
[vulkan] Loaded device function vkCreateSampler
[vulkan] Loaded device function vkDestroySampler
[vulkan] Loaded device function vkCreateDescriptorSetLayout
[vulkan] Loaded device function vkDestroyDescriptorSetLayout
[vulkan] Loaded device function vkCreateDescriptorPool
[vulkan] Loaded device function vkDestroyDescriptorPool
[vulkan] Loaded device function vkResetDescriptorPool
[vulkan] Loaded device function vkAllocateDescriptorSets
[vulkan] Loaded device function vkFreeDescriptorSets
[vulkan] Loaded device function vkUpdateDescriptorSets
[vulkan] Loaded device function vkCreateFramebuffer
[vulkan] Loaded device function vkDestroyFramebuffer
[vulkan] Loaded device function vkCreateRenderPass
[vulkan] Loaded device function vkDestroyRenderPass
[vulkan] Loaded device function vkGetRenderAreaGranularity
[vulkan] Loaded device function vkCreateCommandPool
[vulkan] Loaded device function vkDestroyCommandPool
[vulkan] Loaded device function vkResetCommandPool
[vulkan] Loaded device function vkAllocateCommandBuffers
[vulkan] Loaded device function vkFreeCommandBuffers
[vulkan] Loaded device function vkBeginCommandBuffer
[vulkan] Loaded device function vkEndCommandBuffer
[vulkan] Loaded device function vkResetCommandBuffer
[vulkan] Loaded device function vkCmdBindPipeline
[vulkan] Loaded device function vkCmdSetViewport
[vulkan] Loaded device function vkCmdSetScissor
[vulkan] Loaded device function vkCmdSetLineWidth
[vulkan] Loaded device function vkCmdSetDepthBias
[vulkan] Loaded device function vkCmdSetBlendConstants
[vulkan] Loaded device function vkCmdSetDepthBounds
[vulkan] Loaded device function vkCmdSetStencilCompareMask
[vulkan] Loaded device function vkCmdSetStencilWriteMask
[vulkan] Loaded device function vkCmdSetStencilReference
[vulkan] Loaded device function vkCmdBindDescriptorSets
[vulkan] Loaded device function vkCmdBindIndexBuffer
[vulkan] Loaded device function vkCmdBindVertexBuffers
[vulkan] Loaded device function vkCmdDraw
[vulkan] Loaded device function vkCmdDrawIndexed
[vulkan] Loaded device function vkCmdDrawIndirect
[vulkan] Loaded device function vkCmdDrawIndexedIndirect
[vulkan] Loaded device function vkCmdDispatch
[vulkan] Loaded device function vkCmdDispatchIndirect
[vulkan] Loaded device function vkCmdCopyBuffer
[vulkan] Loaded device function vkCmdCopyImage
[vulkan] Loaded device function vkCmdBlitImage
[vulkan] Loaded device function vkCmdCopyBufferToImage
[vulkan] Loaded device function vkCmdCopyImageToBuffer
[vulkan] Loaded device function vkCmdUpdateBuffer
[vulkan] Loaded device function vkCmdFillBuffer
[vulkan] Loaded device function vkCmdClearColorImage
[vulkan] Loaded device function vkCmdClearDepthStencilImage
[vulkan] Loaded device function vkCmdClearAttachments
[vulkan] Loaded device function vkCmdResolveImage
[vulkan] Loaded device function vkCmdSetEvent
[vulkan] Loaded device function vkCmdResetEvent
[vulkan] Loaded device function vkCmdWaitEvents
[vulkan] Loaded device function vkCmdPipelineBarrier
[vulkan] Loaded device function vkCmdBeginQuery
[vulkan] Loaded device function vkCmdEndQuery
[vulkan] Loaded device function vkCmdResetQueryPool
[vulkan] Loaded device function vkCmdWriteTimestamp
[vulkan] Loaded device function vkCmdCopyQueryPoolResults
[vulkan] Loaded device function vkCmdPushConstants
[vulkan] Loaded device function vkCmdBeginRenderPass
[vulkan] Loaded device function vkCmdNextSubpass
[vulkan] Loaded device function vkCmdEndRenderPass
[vulkan] Loaded device function vkCmdExecuteCommands
[vulkan] Loaded device function vkGetImageMemoryRequirements2KHR
[vulkan] Loaded device function vkGetBufferMemoryRequirements2KHR
[vulkan] Loaded device function vkGetImageSparseMemoryRequirements2KHR
[vulkan] Loaded device function vkCreateDescriptorUpdateTemplateKHR
[vulkan] Loaded device function vkDestroyDescriptorUpdateTemplateKHR
[vulkan] Loaded device function vkUpdateDescriptorSetWithTemplateKHR
[vulkan] Loaded device function vkCmdBeginRenderPass2KHR
[vulkan] Loaded device function vkCmdEndRenderPass2KHR
[vulkan] Loaded device function vkCmdNextSubpass2KHR
[vulkan] Loaded device function vkCreateRenderPass2KHR
[vulkan] Loaded device function vkCmdSetVertexInputEXT
[vulkan] Loaded device function vkCmdSetFragmentShadingRateKHR
[vulkan] Failed to load device function vkGetFramebufferTilePropertiesQCOM
[vulkan] Loaded instance function vkGetFramebufferTilePropertiesQCOM
[vulkan] Failed to load device function vkDebugMarkerSetObjectTagEXT
[vulkan] Loaded instance function vkDebugMarkerSetObjectTagEXT
[vulkan] Failed to load device function vkDebugMarkerSetObjectNameEXT
[vulkan] Loaded instance function vkDebugMarkerSetObjectNameEXT
[vulkan] Failed to load device function vkCmdDebugMarkerBeginEXT
[vulkan] Loaded instance function vkCmdDebugMarkerBeginEXT
[vulkan] Failed to load device function vkCmdDebugMarkerEndEXT
[vulkan] Loaded instance function vkCmdDebugMarkerEndEXT
[vulkan] Failed to load device function vkCmdDebugMarkerInsertEXT
[vulkan] Loaded instance function vkCmdDebugMarkerInsertEXT
Vulkan API version 1.1.0 (1.4.354 supported by driver, 1.1.0 requested)
Vulkan vendor=[Intel] id=[8086]
Vulkan renderer=[Intel(R) Graphics (ADL GT2)] id=[46b3]
Vulkan device type 1
Vulkan driverversion=[26.1.5 (0x06801005)] uint=[109056005]
Vulkan driverLibraryString=[Intel open-source Mesa driver (6), Mesa 26.1.5-arch1.1]
Vulkan PSO: Cache data successfully loaded [size=118572,path=/tmp/DefaultCompany/vrgame/vulkan_pso_cache.bin]
Initialize mono
Mono path[0] = '/home/asif/Unity/Hub/Editor/6000.5.10f1/Editor/Data/Managed'
Mono path[1] = '/home/asif/Unity/Hub/Editor/6000.5.10f1/Editor/Data/BCLExtensions/runtime/netstandard2.1'
Mono path[2] = '/home/asif/Unity/Hub/Editor/6000.5.10f1/Editor/Data/MonoBleedingEdge/lib/mono/unityjit-linux'
Mono config path = '/home/asif/Unity/Hub/Editor/6000.5.10f1/Editor/Data/MonoBleedingEdge/etc'
Using monoOptions --debugger-agent=transport=dt_socket,embedding=1,server=y,suspend=n,address=127.0.0.1:56066
CodeReloadManager initialized
Begin MonoManager ReloadAssembly
Registering precompiled unity dll's ...
[Licensing::Client] Successfully resolved entitlement details
[Licensing::Module] License group:
  Id: 13469960136267-UnityPersXXXX
  Product: Unity Personal
  Type: Assigned
  Expiration: Unlimited
Register platform support module: /home/asif/Unity/Hub/Editor/6000.5.10f1/Editor/Data/PlaybackEngines/AndroidPlayer/UnityEditor.Android.Extensions.dll
Register platform support module: /home/asif/Unity/Hub/Editor/6000.5.10f1/Editor/Data/PlaybackEngines/LinuxStandaloneSupport/UnityEditor.LinuxStandalone.Extensions.dll
Registered in 0.004322 seconds.
Native extension for LinuxStandalone target not found
Package Manager log level set to [2]
[Package Manager] Failed to launch server process. Reason: Unity was launched with the -noUpm command-line argument
[Package Manager] Unable to send message (not connected to server process).
[Package Manager] Cannot connect to Unity Package Manager local server
[Package Manager] Failed to launch server process. Reason: Unity was launched with the -noUpm command-line argument
[Package Manager] Unable to send message (not connected to server process).
[Package Manager] Cannot connect to Unity Package Manager local server
Native extension for Android target not found
[Package Manager] Failed to launch server process. Reason: Unity was launched with the -noUpm command-line argument
[Package Manager] Unable to send message (not connected to server process).
[Package Manager] Cannot connect to Unity Package Manager local server
[Package Manager] Failed to launch server process. Reason: Unity was launched with the -noUpm command-line argument
[Package Manager] Unable to send message (not connected to server process).
[Package Manager] Cannot connect to Unity Package Manager local server
ScheduleIndexationOnStartup MainProcess:False IndexOnStartup:True
Mono: successfully reloaded assembly
- Finished resetting the current domain, in  0.424 seconds
Domain Reload Profiling: 958ms
	BeginReloadAssembly (109ms)
	RebuildCommonClasses (4ms)
	RebuildNativeTypeToScriptingClass (10ms)
	initialDomainReloadingComplete (64ms)
	LoadAllAssembliesAndSetupDomain (346ms)
		LoadAssemblies (111ms)
		AnalyzeDomain (255ms)
			TypeCache.Refresh (254ms)
				TypeCache.ScanAssembly (237ms)
	FinalizeReload (425ms)
		SetupLoadedEditorAssemblies (0ms)
			InitializePlatformSupportModulesInManaged (11ms)
			BeforeProcessingInitializeOnLoad (75ms)
			ProcessInitializeOnLoadAttributes (83ms)
			ProcessInitializeOnLoadMethodAttributes (170ms)
Initializing Unity extensions:
[Licensing::Client] Successfully resolved entitlement details
========================================================================
Worker process is ready to serve import requests
Import Worker Mode flag is 0x00
Begin MonoManager ReloadAssembly
Native extension for LinuxStandalone target not found
[Package Manager] Failed to launch server process. Reason: Unity was launched with the -noUpm command-line argument
[Package Manager] Unable to send message (not connected to server process).
[Package Manager] Cannot connect to Unity Package Manager local server
[Package Manager] Failed to launch server process. Reason: Unity was launched with the -noUpm command-line argument
[Package Manager] Unable to send message (not connected to server process).
[Package Manager] Cannot connect to Unity Package Manager local server
Native extension for Android target not found
[Package Manager] Failed to launch server process. Reason: Unity was launched with the -noUpm command-line argument
[Package Manager] Unable to send message (not connected to server process).
[Package Manager] Cannot connect to Unity Package Manager local server
Assertion failed on expression: '!AssetDatabase::IsAssetImportWorkerProcess()'
UnityEngine.Debug:ExtractStackTraceNoAlloc (byte*,int,string)
UnityEngine.StackTraceUtility:ExtractStackTrace () (at /home/bokken/build/output/unity/unity/Runtime/Export/Scripting/StackTrace.cs:35)
UnityEditor.AssetDatabase:SaveAssetIfDirty (UnityEngine.GUID)
UnityEditor.AssetDatabase:SaveAssetIfDirty (UnityEngine.Object) (at /home/bokken/build/output/unity/unity/Modules/AssetDatabase/Editor/ScriptBindings/AssetDatabase.bindings.cs:680)
UnityEditor.XR.OpenXR.Features.FeatureHelpersInternal:GetAllFeatureInfo (UnityEditor.BuildTargetGroup) (at ./Library/PackageCache/com.unity.xr.openxr@58837b2992e0/Editor/FeatureSupport/FeatureHelpers.cs:323)
UnityEditor.XR.OpenXR.Features.FeatureHelpers:RefreshFeatures (UnityEditor.BuildTargetGroup) (at ./Library/PackageCache/com.unity.xr.openxr@58837b2992e0/Editor/FeatureSupport/FeatureHelpers.cs:30)
UnityEditor.XR.OpenXR.OpenXRProjectValidationRulesSetup:AddOpenXRValidationRules () (at ./Library/PackageCache/com.unity.xr.openxr@58837b2992e0/Editor/OpenXRProjectValidationRulesSetup.cs:148)
UnityEditor.XR.OpenXR.OpenXRProjectValidationRulesSetup:UpdateOpenXRProjectValidation () (at ./Library/PackageCache/com.unity.xr.openxr@58837b2992e0/Editor/OpenXRProjectValidationRulesSetup.cs:67)
UnityEditor.XR.OpenXR.OpenXRProjectValidationRulesSetup:OpenXRProjectValidationCheck () (at ./Library/PackageCache/com.unity.xr.openxr@58837b2992e0/Editor/OpenXRProjectValidationRulesSetup.cs:43)
System.Reflection.RuntimeMethodInfo:Invoke (object,System.Reflection.BindingFlags,System.Reflection.Binder,object[],System.Globalization.CultureInfo)
System.Reflection.MethodBase:Invoke (object,object[])
UnityEditor.EditorAssemblies:ProcessInitializeOnLoadMethodAttributes () (at /home/bokken/build/output/unity/unity/Editor/Mono/EditorAssemblies.cs:184)

[./Library/PackageCache/com.unity.xr.openxr@58837b2992e0/Editor/FeatureSupport/FeatureHelpers.cs line 323]

Refresh completed but there are assets queued up for importing. Check for code that modifies assets which gets called after OnPostProcessAllAssets. Additional details in Log file
UnityEngine.Debug:ExtractStackTraceNoAlloc (byte*,int,string)
UnityEngine.StackTraceUtility:ExtractStackTrace () (at /home/bokken/build/output/unity/unity/Runtime/Export/Scripting/StackTrace.cs:35)
UnityEditor.AssetDatabase:SaveAssetIfDirty (UnityEngine.GUID)
UnityEditor.AssetDatabase:SaveAssetIfDirty (UnityEngine.Object) (at /home/bokken/build/output/unity/unity/Modules/AssetDatabase/Editor/ScriptBindings/AssetDatabase.bindings.cs:680)
UnityEditor.XR.OpenXR.Features.FeatureHelpersInternal:GetAllFeatureInfo (UnityEditor.BuildTargetGroup) (at ./Library/PackageCache/com.unity.xr.openxr@58837b2992e0/Editor/FeatureSupport/FeatureHelpers.cs:323)
UnityEditor.XR.OpenXR.Features.FeatureHelpers:RefreshFeatures (UnityEditor.BuildTargetGroup) (at ./Library/PackageCache/com.unity.xr.openxr@58837b2992e0/Editor/FeatureSupport/FeatureHelpers.cs:30)
UnityEditor.XR.OpenXR.OpenXRProjectValidationRulesSetup:AddOpenXRValidationRules () (at ./Library/PackageCache/com.unity.xr.openxr@58837b2992e0/Editor/OpenXRProjectValidationRulesSetup.cs:148)
UnityEditor.XR.OpenXR.OpenXRProjectValidationRulesSetup:UpdateOpenXRProjectValidation () (at ./Library/PackageCache/com.unity.xr.openxr@58837b2992e0/Editor/OpenXRProjectValidationRulesSetup.cs:67)
UnityEditor.XR.OpenXR.OpenXRProjectValidationRulesSetup:OpenXRProjectValidationCheck () (at ./Library/PackageCache/com.unity.xr.openxr@58837b2992e0/Editor/OpenXRProjectValidationRulesSetup.cs:43)
System.Reflection.RuntimeMethodInfo:Invoke (object,System.Reflection.BindingFlags,System.Reflection.Binder,object[],System.Globalization.CultureInfo)
System.Reflection.MethodBase:Invoke (object,object[])
UnityEditor.EditorAssemblies:ProcessInitializeOnLoadMethodAttributes () (at /home/bokken/build/output/unity/unity/Editor/Mono/EditorAssemblies.cs:184)

[./Library/PackageCache/com.unity.xr.openxr@58837b2992e0/Editor/FeatureSupport/FeatureHelpers.cs line 323]

Assets queued for import after Refresh completed:
	Assets/XR/Settings/OpenXRPackageSettings.asset
Asset Pipeline Refresh (id=8b02f4867504420e7951bc9568581177): Total: 0.001 seconds - Initiated by StopAssetImportingV2(NoUpdateAssetOptions)
Assertion failed on expression: 'm_Ptr'
UnityEngine.Debug:ExtractStackTraceNoAlloc (byte*,int,string)
UnityEngine.StackTraceUtility:ExtractStackTrace () (at /home/bokken/build/output/unity/unity/Runtime/Export/Scripting/StackTrace.cs:35)
UnityEditor.AssetDatabase:SaveAssetIfDirty (UnityEngine.GUID)
UnityEditor.AssetDatabase:SaveAssetIfDirty (UnityEngine.Object) (at /home/bokken/build/output/unity/unity/Modules/AssetDatabase/Editor/ScriptBindings/AssetDatabase.bindings.cs:680)
UnityEditor.XR.OpenXR.Features.FeatureHelpersInternal:GetAllFeatureInfo (UnityEditor.BuildTargetGroup) (at ./Library/PackageCache/com.unity.xr.openxr@58837b2992e0/Editor/FeatureSupport/FeatureHelpers.cs:323)
UnityEditor.XR.OpenXR.Features.FeatureHelpers:RefreshFeatures (UnityEditor.BuildTargetGroup) (at ./Library/PackageCache/com.unity.xr.openxr@58837b2992e0/Editor/FeatureSupport/FeatureHelpers.cs:30)
UnityEditor.XR.OpenXR.OpenXRProjectValidationRulesSetup:AddOpenXRValidationRules () (at ./Library/PackageCache/com.unity.xr.openxr@58837b2992e0/Editor/OpenXRProjectValidationRulesSetup.cs:148)
UnityEditor.XR.OpenXR.OpenXRProjectValidationRulesSetup:UpdateOpenXRProjectValidation () (at ./Library/PackageCache/com.unity.xr.openxr@58837b2992e0/Editor/OpenXRProjectValidationRulesSetup.cs:67)
UnityEditor.XR.OpenXR.OpenXRProjectValidationRulesSetup:OpenXRProjectValidationCheck () (at ./Library/PackageCache/com.unity.xr.openxr@58837b2992e0/Editor/OpenXRProjectValidationRulesSetup.cs:43)
System.Reflection.RuntimeMethodInfo:Invoke (object,System.Reflection.BindingFlags,System.Reflection.Binder,object[],System.Globalization.CultureInfo)
System.Reflection.MethodBase:Invoke (object,object[])
UnityEditor.EditorAssemblies:ProcessInitializeOnLoadMethodAttributes () (at /home/bokken/build/output/unity/unity/Editor/Mono/EditorAssemblies.cs:184)

[./Library/PackageCache/com.unity.xr.openxr@58837b2992e0/Editor/FeatureSupport/FeatureHelpers.cs line 323]

Assertion failed on expression: '!AssetDatabase::IsAssetImportWorkerProcess()'
UnityEngine.Debug:ExtractStackTraceNoAlloc (byte*,int,string)
UnityEngine.StackTraceUtility:ExtractStackTrace () (at /home/bokken/build/output/unity/unity/Runtime/Export/Scripting/StackTrace.cs:35)
UnityEditor.AssetDatabase:SaveAssetIfDirty (UnityEngine.GUID)
UnityEditor.AssetDatabase:SaveAssetIfDirty (UnityEngine.Object) (at /home/bokken/build/output/unity/unity/Modules/AssetDatabase/Editor/ScriptBindings/AssetDatabase.bindings.cs:680)
UnityEditor.XR.OpenXR.Features.FeatureHelpersInternal:GetAllFeatureInfo (UnityEditor.BuildTargetGroup) (at ./Library/PackageCache/com.unity.xr.openxr@58837b2992e0/Editor/FeatureSupport/FeatureHelpers.cs:323)
UnityEditor.XR.OpenXR.Features.FeatureHelpers:RefreshFeatures (UnityEditor.BuildTargetGroup) (at ./Library/PackageCache/com.unity.xr.openxr@58837b2992e0/Editor/FeatureSupport/FeatureHelpers.cs:30)
UnityEditor.XR.OpenXR.OpenXRProjectValidationRulesSetup:AddOpenXRValidationRules () (at ./Library/PackageCache/com.unity.xr.openxr@58837b2992e0/Editor/OpenXRProjectValidationRulesSetup.cs:148)
UnityEditor.XR.OpenXR.OpenXRProjectValidationRulesSetup:UpdateOpenXRProjectValidation () (at ./Library/PackageCache/com.unity.xr.openxr@58837b2992e0/Editor/OpenXRProjectValidationRulesSetup.cs:67)
UnityEditor.XR.OpenXR.OpenXRProjectValidationRulesSetup:OpenXRProjectValidationCheck () (at ./Library/PackageCache/com.unity.xr.openxr@58837b2992e0/Editor/OpenXRProjectValidationRulesSetup.cs:43)
System.Reflection.RuntimeMethodInfo:Invoke (object,System.Reflection.BindingFlags,System.Reflection.Binder,object[],System.Globalization.CultureInfo)
System.Reflection.MethodBase:Invoke (object,object[])
UnityEditor.EditorAssemblies:ProcessInitializeOnLoadMethodAttributes () (at /home/bokken/build/output/unity/unity/Editor/Mono/EditorAssemblies.cs:184)

[./Library/PackageCache/com.unity.xr.openxr@58837b2992e0/Editor/FeatureSupport/FeatureHelpers.cs line 323]

Refresh completed but there are assets queued up for importing. Check for code that modifies assets which gets called after OnPostProcessAllAssets. Additional details in Log file
UnityEngine.Debug:ExtractStackTraceNoAlloc (byte*,int,string)
UnityEngine.StackTraceUtility:ExtractStackTrace () (at /home/bokken/build/output/unity/unity/Runtime/Export/Scripting/StackTrace.cs:35)
UnityEditor.AssetDatabase:SaveAssetIfDirty (UnityEngine.GUID)
UnityEditor.AssetDatabase:SaveAssetIfDirty (UnityEngine.Object) (at /home/bokken/build/output/unity/unity/Modules/AssetDatabase/Editor/ScriptBindings/AssetDatabase.bindings.cs:680)
UnityEditor.XR.OpenXR.Features.FeatureHelpersInternal:GetAllFeatureInfo (UnityEditor.BuildTargetGroup) (at ./Library/PackageCache/com.unity.xr.openxr@58837b2992e0/Editor/FeatureSupport/FeatureHelpers.cs:323)
UnityEditor.XR.OpenXR.Features.FeatureHelpers:RefreshFeatures (UnityEditor.BuildTargetGroup) (at ./Library/PackageCache/com.unity.xr.openxr@58837b2992e0/Editor/FeatureSupport/FeatureHelpers.cs:30)
UnityEditor.XR.OpenXR.OpenXRProjectValidationRulesSetup:AddOpenXRValidationRules () (at ./Library/PackageCache/com.unity.xr.openxr@58837b2992e0/Editor/OpenXRProjectValidationRulesSetup.cs:148)
UnityEditor.XR.OpenXR.OpenXRProjectValidationRulesSetup:UpdateOpenXRProjectValidation () (at ./Library/PackageCache/com.unity.xr.openxr@58837b2992e0/Editor/OpenXRProjectValidationRulesSetup.cs:67)
UnityEditor.XR.OpenXR.OpenXRProjectValidationRulesSetup:OpenXRProjectValidationCheck () (at ./Library/PackageCache/com.unity.xr.openxr@58837b2992e0/Editor/OpenXRProjectValidationRulesSetup.cs:43)
System.Reflection.RuntimeMethodInfo:Invoke (object,System.Reflection.BindingFlags,System.Reflection.Binder,object[],System.Globalization.CultureInfo)
System.Reflection.MethodBase:Invoke (object,object[])
UnityEditor.EditorAssemblies:ProcessInitializeOnLoadMethodAttributes () (at /home/bokken/build/output/unity/unity/Editor/Mono/EditorAssemblies.cs:184)

[./Library/PackageCache/com.unity.xr.openxr@58837b2992e0/Editor/FeatureSupport/FeatureHelpers.cs line 323]

Assets queued for import after Refresh completed:
	Assets/XR/Settings/OpenXRPackageSettings.asset
Asset Pipeline Refresh (id=30a387965502f9ab4b70cde4b90d2757): Total: 0.001 seconds - Initiated by StopAssetImportingV2(NoUpdateAssetOptions)
Assertion failed on expression: 'm_Ptr'
UnityEngine.Debug:ExtractStackTraceNoAlloc (byte*,int,string)
UnityEngine.StackTraceUtility:ExtractStackTrace () (at /home/bokken/build/output/unity/unity/Runtime/Export/Scripting/StackTrace.cs:35)
UnityEditor.AssetDatabase:SaveAssetIfDirty (UnityEngine.GUID)
UnityEditor.AssetDatabase:SaveAssetIfDirty (UnityEngine.Object) (at /home/bokken/build/output/unity/unity/Modules/AssetDatabase/Editor/ScriptBindings/AssetDatabase.bindings.cs:680)
UnityEditor.XR.OpenXR.Features.FeatureHelpersInternal:GetAllFeatureInfo (UnityEditor.BuildTargetGroup) (at ./Library/PackageCache/com.unity.xr.openxr@58837b2992e0/Editor/FeatureSupport/FeatureHelpers.cs:323)
UnityEditor.XR.OpenXR.Features.FeatureHelpers:RefreshFeatures (UnityEditor.BuildTargetGroup) (at ./Library/PackageCache/com.unity.xr.openxr@58837b2992e0/Editor/FeatureSupport/FeatureHelpers.cs:30)
UnityEditor.XR.OpenXR.OpenXRProjectValidationRulesSetup:AddOpenXRValidationRules () (at ./Library/PackageCache/com.unity.xr.openxr@58837b2992e0/Editor/OpenXRProjectValidationRulesSetup.cs:148)
UnityEditor.XR.OpenXR.OpenXRProjectValidationRulesSetup:UpdateOpenXRProjectValidation () (at ./Library/PackageCache/com.unity.xr.openxr@58837b2992e0/Editor/OpenXRProjectValidationRulesSetup.cs:67)
UnityEditor.XR.OpenXR.OpenXRProjectValidationRulesSetup:OpenXRProjectValidationCheck () (at ./Library/PackageCache/com.unity.xr.openxr@58837b2992e0/Editor/OpenXRProjectValidationRulesSetup.cs:43)
System.Reflection.RuntimeMethodInfo:Invoke (object,System.Reflection.BindingFlags,System.Reflection.Binder,object[],System.Globalization.CultureInfo)
System.Reflection.MethodBase:Invoke (object,object[])
UnityEditor.EditorAssemblies:ProcessInitializeOnLoadMethodAttributes () (at /home/bokken/build/output/unity/unity/Editor/Mono/EditorAssemblies.cs:184)

[./Library/PackageCache/com.unity.xr.openxr@58837b2992e0/Editor/FeatureSupport/FeatureHelpers.cs line 323]

ScheduleIndexationOnStartup MainProcess:False IndexOnStartup:True
Mono: successfully reloaded assembly
[Package Manager] Failed to launch server process. Reason: Unity was launched with the -noUpm command-line argument
[Package Manager] Unable to send message (not connected to server process).
[Package Manager] Cannot connect to Unity Package Manager local server
[Package Manager] Failed to launch server process. Reason: Unity was launched with the -noUpm command-line argument
[Package Manager] Unable to send message (not connected to server process).
[Package Manager] Cannot connect to Unity Package Manager local server
- Finished resetting the current domain, in  1.659 seconds
Domain Reload Profiling: 2274ms
	BeginReloadAssembly (123ms)
		DisableScriptedObjects (6ms)
		CreateAndSetChildDomain (28ms)
	RebuildCommonClasses (7ms)
	RebuildNativeTypeToScriptingClass (9ms)
	initialDomainReloadingComplete (32ms)
	LoadAllAssembliesAndSetupDomain (445ms)
		LoadAssemblies (203ms)
		AnalyzeDomain (196ms)
			TypeCache.Refresh (135ms)
				TypeCache.ScanAssembly (121ms)
			BuildScriptInfoCaches (55ms)
			ResolveRequiredComponents (4ms)
	FinalizeReload (1660ms)
		SetupLoadedEditorAssemblies (0ms)
			InitializePlatformSupportModulesInManaged (25ms)
			BeforeProcessingInitializeOnLoad (154ms)
			ProcessInitializeOnLoadAttributes (864ms)
			ProcessInitializeOnLoadMethodAttributes (372ms)
		AwakeInstancesAfterBackupRestoration (7ms)
Default GameObject Tag: Player already registered
AcceleratorClientConnectionCallback - disconnected - :0
WARNING: Shader Unsupported: 'Hidden/Simulation/URP/Synthetic' - All subshaders removed
WARNING: Shader Did you use #pragma only_renderers and omit this platform?
WARNING: Shader If subshaders removal was intentional, you may have forgotten turning Fallback off?
WARNING: Shader Unsupported: 'Hidden/Simulation/Synthetic Lit' - All subshaders removed
WARNING: Shader Did you use #pragma only_renderers and omit this platform?
WARNING: Shader If subshaders removal was intentional, you may have forgotten turning Fallback off?
WARNING: Shader Unsupported: 'Simulation/Standard Lit' - All subshaders removed
WARNING: Shader Did you use #pragma only_renderers and omit this platform?
WARNING: Shader If subshaders removal was intentional, you may have forgotten turning Fallback off?
WARNING: Shader Unsupported: 'Simulation/URP/Room X-Ray' - All subshaders removed
WARNING: Shader Did you use #pragma only_renderers and omit this platform?
WARNING: Shader If subshaders removal was intentional, you may have forgotten turning Fallback off?
WARNING: Shader Unsupported: 'Simulation/Room X-Ray' - All subshaders removed
WARNING: Shader Did you use #pragma only_renderers and omit this platform?
WARNING: Shader If subshaders removal was intentional, you may have forgotten turning Fallback off?
WARNING: Shader Unsupported: 'Simulation/URP/Lit' - All subshaders removed
WARNING: Shader Did you use #pragma only_renderers and omit this platform?
WARNING: Shader If subshaders removal was intentional, you may have forgotten turning Fallback off?
Shader Hidden/ChartRasterizerHardware is not supported: GPU does not support conservative rasterization
Shader Hidden/ChartRasterizerHardware is not supported: GPU does not support conservative rasterization
Launched and connected shader compiler UnityShaderCompiler after 0.01 seconds
Refreshing native plugins compatible for Editor in 2.36 ms, found 1 plugins.
Curl error 3: URL rejected: Error
Unloading 31 Unused Serialized files (Serialized files now loaded: 0)
Unloading 6320 unused Assets / (9.5 MB). Loaded Objects now: 7473.
Memory consumption went from 209.1 MB to 199.5 MB.
Total: 30.440505 ms (FindLiveObjects: 0.736023 ms CreateObjectMapping: 1.355710 ms MarkObjects: 21.674118 ms  DeleteObjects: 6.672650 ms)

========================================================================
Received Prepare
Default GameObject Tag: Player already registered
AcceleratorClientConnectionCallback - disconnected - :0
WARNING: Shader Unsupported: 'Hidden/Simulation/URP/Synthetic' - All subshaders removed
WARNING: Shader Did you use #pragma only_renderers and omit this platform?
WARNING: Shader If subshaders removal was intentional, you may have forgotten turning Fallback off?
WARNING: Shader Unsupported: 'Hidden/Simulation/Synthetic Lit' - All subshaders removed
WARNING: Shader Did you use #pragma only_renderers and omit this platform?
WARNING: Shader If subshaders removal was intentional, you may have forgotten turning Fallback off?
WARNING: Shader Unsupported: 'Simulation/Standard Lit' - All subshaders removed
WARNING: Shader Did you use #pragma only_renderers and omit this platform?
WARNING: Shader If subshaders removal was intentional, you may have forgotten turning Fallback off?
WARNING: Shader Unsupported: 'Simulation/URP/Room X-Ray' - All subshaders removed
WARNING: Shader Did you use #pragma only_renderers and omit this platform?
WARNING: Shader If subshaders removal was intentional, you may have forgotten turning Fallback off?
WARNING: Shader Unsupported: 'Simulation/Room X-Ray' - All subshaders removed
WARNING: Shader Did you use #pragma only_renderers and omit this platform?
WARNING: Shader If subshaders removal was intentional, you may have forgotten turning Fallback off?
WARNING: Shader Unsupported: 'Simulation/URP/Lit' - All subshaders removed
WARNING: Shader Did you use #pragma only_renderers and omit this platform?
WARNING: Shader If subshaders removal was intentional, you may have forgotten turning Fallback off?
Shader Hidden/ChartRasterizerHardware is not supported: GPU does not support conservative rasterization
Refreshing native plugins compatible for Editor in 3.34 ms, found 1 plugins.
Unloading 31 Unused Serialized files (Serialized files now loaded: 0)
Unloading 31 unused Assets / (3.0 MB). Loaded Objects now: 7473.
Memory consumption went from 203.9 MB to 200.9 MB.
Total: 16.502049 ms (FindLiveObjects: 0.549497 ms CreateObjectMapping: 0.304911 ms MarkObjects: 15.003263 ms  DeleteObjects: 0.642588 ms)

Prepare: number of updated asset objects reloaded= 0
========================================================================
Received Prepare
Default GameObject Tag: Player already registered
AcceleratorClientConnectionCallback - disconnected - :0
Begin MonoManager ReloadAssembly
Native extension for LinuxStandalone target not found
[Package Manager] Failed to launch server process. Reason: Unity was launched with the -noUpm command-line argument
[Package Manager] Unable to send message (not connected to server process).
[Package Manager] Cannot connect to Unity Package Manager local server
[Package Manager] Failed to launch server process. Reason: Unity was launched with the -noUpm command-line argument
[Package Manager] Unable to send message (not connected to server process).
[Package Manager] Cannot connect to Unity Package Manager local server
Native extension for Android target not found
[Package Manager] Failed to launch server process. Reason: Unity was launched with the -noUpm command-line argument
[Package Manager] Unable to send message (not connected to server process).
[Package Manager] Cannot connect to Unity Package Manager local server
ScheduleIndexationOnStartup MainProcess:False IndexOnStartup:True
Mono: successfully reloaded assembly
[Package Manager] Failed to launch server process. Reason: Unity was launched with the -noUpm command-line argument
[Package Manager] Unable to send message (not connected to server process).
[Package Manager] Cannot connect to Unity Package Manager local server
- Finished resetting the current domain, in  1.485 seconds
Domain Reload Profiling: 2025ms
	BeginReloadAssembly (212ms)
		DisableScriptedObjects (11ms)
		CreateAndSetChildDomain (63ms)
	RebuildCommonClasses (7ms)
	RebuildNativeTypeToScriptingClass (8ms)
	initialDomainReloadingComplete (38ms)
	LoadAllAssembliesAndSetupDomain (274ms)
		LoadAssemblies (213ms)
		AnalyzeDomain (15ms)
			TypeCache.Refresh (7ms)
			ResolveRequiredComponents (5ms)
	FinalizeReload (1486ms)
		SetupLoadedEditorAssemblies (0ms)
			InitializePlatformSupportModulesInManaged (24ms)
			BeforeProcessingInitializeOnLoad (116ms)
			ProcessInitializeOnLoadAttributes (709ms)
			ProcessInitializeOnLoadMethodAttributes (213ms)
			AfterProcessingInitializeOnLoad (4ms)
		AwakeInstancesAfterBackupRestoration (26ms)
WARNING: Shader Unsupported: 'Hidden/Simulation/URP/Synthetic' - All subshaders removed
WARNING: Shader Did you use #pragma only_renderers and omit this platform?
WARNING: Shader If subshaders removal was intentional, you may have forgotten turning Fallback off?
WARNING: Shader Unsupported: 'Hidden/Simulation/Synthetic Lit' - All subshaders removed
WARNING: Shader Did you use #pragma only_renderers and omit this platform?
WARNING: Shader If subshaders removal was intentional, you may have forgotten turning Fallback off?
WARNING: Shader Unsupported: 'Simulation/Standard Lit' - All subshaders removed
WARNING: Shader Did you use #pragma only_renderers and omit this platform?
WARNING: Shader If subshaders removal was intentional, you may have forgotten turning Fallback off?
WARNING: Shader Unsupported: 'Simulation/URP/Room X-Ray' - All subshaders removed
WARNING: Shader Did you use #pragma only_renderers and omit this platform?
WARNING: Shader If subshaders removal was intentional, you may have forgotten turning Fallback off?
WARNING: Shader Unsupported: 'Simulation/Room X-Ray' - All subshaders removed
WARNING: Shader Did you use #pragma only_renderers and omit this platform?
WARNING: Shader If subshaders removal was intentional, you may have forgotten turning Fallback off?
WARNING: Shader Unsupported: 'Simulation/URP/Lit' - All subshaders removed
WARNING: Shader Did you use #pragma only_renderers and omit this platform?
WARNING: Shader If subshaders removal was intentional, you may have forgotten turning Fallback off?
Shader Hidden/ChartRasterizerHardware is not supported: GPU does not support conservative rasterization
Unloading 31 Unused Serialized files (Serialized files now loaded: 0)
Unloading 6444 unused Assets / (6.1 MB). Loaded Objects now: 7516.
Memory consumption went from 212.1 MB to 206.0 MB.
Total: 19.137811 ms (FindLiveObjects: 1.472474 ms CreateObjectMapping: 0.653307 ms MarkObjects: 14.037543 ms  DeleteObjects: 2.972252 ms)

Prepare: number of updated asset objects reloaded= 0
========================================================================
Received Prepare
Default GameObject Tag: Player already registered
AcceleratorClientConnectionCallback - disconnected - :0
[Licensing::Client] Successfully resolved entitlement details
Begin MonoManager ReloadAssembly
Native extension for LinuxStandalone target not found
[Package Manager] Failed to launch server process. Reason: Unity was launched with the -noUpm command-line argument
[Package Manager] Unable to send message (not connected to server process).
[Package Manager] Cannot connect to Unity Package Manager local server
[Package Manager] Failed to launch server process. Reason: Unity was launched with the -noUpm command-line argument
[Package Manager] Unable to send message (not connected to server process).
[Package Manager] Cannot connect to Unity Package Manager local server
Native extension for Android target not found
[Package Manager] Failed to launch server process. Reason: Unity was launched with the -noUpm command-line argument
[Package Manager] Unable to send message (not connected to server process).
[Package Manager] Cannot connect to Unity Package Manager local server
ScheduleIndexationOnStartup MainProcess:False IndexOnStartup:True
Mono: successfully reloaded assembly
[Package Manager] Failed to launch server process. Reason: Unity was launched with the -noUpm command-line argument
[Package Manager] Unable to send message (not connected to server process).
[Package Manager] Cannot connect to Unity Package Manager local server
- Finished resetting the current domain, in  1.166 seconds
Domain Reload Profiling: 1686ms
	BeginReloadAssembly (202ms)
		DisableScriptedObjects (7ms)
		CreateAndSetChildDomain (63ms)
	RebuildCommonClasses (7ms)
	RebuildNativeTypeToScriptingClass (9ms)
	initialDomainReloadingComplete (35ms)
	LoadAllAssembliesAndSetupDomain (267ms)
		LoadAssemblies (214ms)
		AnalyzeDomain (15ms)
			TypeCache.Refresh (7ms)
			ResolveRequiredComponents (5ms)
	FinalizeReload (1167ms)
		SetupLoadedEditorAssemblies (0ms)
			InitializePlatformSupportModulesInManaged (13ms)
			BeforeProcessingInitializeOnLoad (66ms)
			ProcessInitializeOnLoadAttributes (639ms)
			ProcessInitializeOnLoadMethodAttributes (187ms)
		AwakeInstancesAfterBackupRestoration (29ms)
WARNING: Shader Unsupported: 'Hidden/Simulation/URP/Synthetic' - All subshaders removed
WARNING: Shader Did you use #pragma only_renderers and omit this platform?
WARNING: Shader If subshaders removal was intentional, you may have forgotten turning Fallback off?
WARNING: Shader Unsupported: 'Hidden/Simulation/Synthetic Lit' - All subshaders removed
WARNING: Shader Did you use #pragma only_renderers and omit this platform?
WARNING: Shader If subshaders removal was intentional, you may have forgotten turning Fallback off?
WARNING: Shader Unsupported: 'Simulation/Standard Lit' - All subshaders removed
WARNING: Shader Did you use #pragma only_renderers and omit this platform?
WARNING: Shader If subshaders removal was intentional, you may have forgotten turning Fallback off?
WARNING: Shader Unsupported: 'Simulation/URP/Room X-Ray' - All subshaders removed
WARNING: Shader Did you use #pragma only_renderers and omit this platform?
WARNING: Shader If subshaders removal was intentional, you may have forgotten turning Fallback off?
WARNING: Shader Unsupported: 'Simulation/Room X-Ray' - All subshaders removed
WARNING: Shader Did you use #pragma only_renderers and omit this platform?
WARNING: Shader If subshaders removal was intentional, you may have forgotten turning Fallback off?
WARNING: Shader Unsupported: 'Simulation/URP/Lit' - All subshaders removed
WARNING: Shader Did you use #pragma only_renderers and omit this platform?
WARNING: Shader If subshaders removal was intentional, you may have forgotten turning Fallback off?
Shader Hidden/ChartRasterizerHardware is not supported: GPU does not support conservative rasterization
Refreshing native plugins compatible for Editor in 3.18 ms, found 1 plugins.
Unloading 31 Unused Serialized files (Serialized files now loaded: 0)
Unloading 6444 unused Assets / (9.7 MB). Loaded Objects now: 7518.
Memory consumption went from 212.0 MB to 202.3 MB.
Total: 40.965207 ms (FindLiveObjects: 1.052053 ms CreateObjectMapping: 1.017754 ms MarkObjects: 19.809449 ms  DeleteObjects: 19.083902 ms)

Prepare: number of updated asset objects reloaded= 0
========================================================================
Received Prepare
Default GameObject Tag: Player already registered
AcceleratorClientConnectionCallback - disconnected - :0
[Licensing::Client] Successfully resolved entitlement details
Begin MonoManager ReloadAssembly
Refreshing native plugins compatible for Editor in 2.43 ms, found 1 plugins.
Native extension for LinuxStandalone target not found
[Package Manager] Failed to launch server process. Reason: Unity was launched with the -noUpm command-line argument
[Package Manager] Unable to send message (not connected to server process).
[Package Manager] Cannot connect to Unity Package Manager local server
[Package Manager] Failed to launch server process. Reason: Unity was launched with the -noUpm command-line argument
[Package Manager] Unable to send message (not connected to server process).
[Package Manager] Cannot connect to Unity Package Manager local server
Native extension for Android target not found
[Package Manager] Failed to launch server process. Reason: Unity was launched with the -noUpm command-line argument
[Package Manager] Unable to send message (not connected to server process).
[Package Manager] Cannot connect to Unity Package Manager local server
ScheduleIndexationOnStartup MainProcess:False IndexOnStartup:True
Mono: successfully reloaded assembly
[Package Manager] Failed to launch server process. Reason: Unity was launched with the -noUpm command-line argument
[Package Manager] Unable to send message (not connected to server process).
[Package Manager] Cannot connect to Unity Package Manager local server
- Finished resetting the current domain, in  1.214 seconds
Domain Reload Profiling: 2315ms
	BeginReloadAssembly (234ms)
		DisableScriptedObjects (8ms)
		CreateAndSetChildDomain (62ms)
	RebuildCommonClasses (13ms)
	RebuildNativeTypeToScriptingClass (16ms)
	initialDomainReloadingComplete (47ms)
	LoadAllAssembliesAndSetupDomain (790ms)
		LoadAssemblies (552ms)
		AnalyzeDomain (201ms)
			TypeCache.Refresh (15ms)
			BuildScriptInfoCaches (176ms)
			ResolveRequiredComponents (5ms)
	FinalizeReload (1215ms)
		SetupLoadedEditorAssemblies (0ms)
			InitializePlatformSupportModulesInManaged (18ms)
			BeforeProcessingInitializeOnLoad (118ms)
			ProcessInitializeOnLoadAttributes (606ms)
			ProcessInitializeOnLoadMethodAttributes (172ms)
		AwakeInstancesAfterBackupRestoration (23ms)
WARNING: Shader Unsupported: 'Hidden/Simulation/URP/Synthetic' - All subshaders removed
WARNING: Shader Did you use #pragma only_renderers and omit this platform?
WARNING: Shader If subshaders removal was intentional, you may have forgotten turning Fallback off?
WARNING: Shader Unsupported: 'Hidden/Simulation/Synthetic Lit' - All subshaders removed
WARNING: Shader Did you use #pragma only_renderers and omit this platform?
WARNING: Shader If subshaders removal was intentional, you may have forgotten turning Fallback off?
WARNING: Shader Unsupported: 'Simulation/Standard Lit' - All subshaders removed
WARNING: Shader Did you use #pragma only_renderers and omit this platform?
WARNING: Shader If subshaders removal was intentional, you may have forgotten turning Fallback off?
WARNING: Shader Unsupported: 'Simulation/URP/Room X-Ray' - All subshaders removed
WARNING: Shader Did you use #pragma only_renderers and omit this platform?
WARNING: Shader If subshaders removal was intentional, you may have forgotten turning Fallback off?
WARNING: Shader Unsupported: 'Simulation/Room X-Ray' - All subshaders removed
WARNING: Shader Did you use #pragma only_renderers and omit this platform?
WARNING: Shader If subshaders removal was intentional, you may have forgotten turning Fallback off?
WARNING: Shader Unsupported: 'Simulation/URP/Lit' - All subshaders removed
WARNING: Shader Did you use #pragma only_renderers and omit this platform?
WARNING: Shader If subshaders removal was intentional, you may have forgotten turning Fallback off?
Shader Hidden/ChartRasterizerHardware is not supported: GPU does not support conservative rasterization
Refreshing native plugins compatible for Editor in 3.05 ms, found 1 plugins.
Unloading 31 Unused Serialized files (Serialized files now loaded: 0)
Unloading 6444 unused Assets / (7.2 MB). Loaded Objects now: 7520.
Memory consumption went from 214.5 MB to 207.3 MB.
Total: 22.807871 ms (FindLiveObjects: 0.902489 ms CreateObjectMapping: 0.780635 ms MarkObjects: 16.778272 ms  DeleteObjects: 4.344466 ms)

Prepare: number of updated asset objects reloaded= 0
========================================================================
Received Prepare
Default GameObject Tag: Player already registered
AcceleratorClientConnectionCallback - disconnected - :0
Begin MonoManager ReloadAssembly
Native extension for LinuxStandalone target not found
[Package Manager] Failed to launch server process. Reason: Unity was launched with the -noUpm command-line argument
[Package Manager] Unable to send message (not connected to server process).
[Package Manager] Cannot connect to Unity Package Manager local server
[Package Manager] Failed to launch server process. Reason: Unity was launched with the -noUpm command-line argument
[Package Manager] Unable to send message (not connected to server process).
[Package Manager] Cannot connect to Unity Package Manager local server
Native extension for Android target not found
[Package Manager] Failed to launch server process. Reason: Unity was launched with the -noUpm command-line argument
[Package Manager] Unable to send message (not connected to server process).
[Package Manager] Cannot connect to Unity Package Manager local server
ScheduleIndexationOnStartup MainProcess:False IndexOnStartup:True
Mono: successfully reloaded assembly
[Package Manager] Failed to launch server process. Reason: Unity was launched with the -noUpm command-line argument
[Package Manager] Unable to send message (not connected to server process).
[Package Manager] Cannot connect to Unity Package Manager local server
- Finished resetting the current domain, in  1.259 seconds
Domain Reload Profiling: 1811ms
	BeginReloadAssembly (187ms)
		DisableScriptedObjects (7ms)
		CreateAndSetChildDomain (58ms)
	RebuildCommonClasses (7ms)
	RebuildNativeTypeToScriptingClass (9ms)
	initialDomainReloadingComplete (39ms)
	LoadAllAssembliesAndSetupDomain (308ms)
		LoadAssemblies (247ms)
		AnalyzeDomain (15ms)
			TypeCache.Refresh (7ms)
			ResolveRequiredComponents (5ms)
	FinalizeReload (1261ms)
		SetupLoadedEditorAssemblies (0ms)
			InitializePlatformSupportModulesInManaged (15ms)
			BeforeProcessingInitializeOnLoad (80ms)
			ProcessInitializeOnLoadAttributes (631ms)
			ProcessInitializeOnLoadMethodAttributes (200ms)
			AfterProcessingInitializeOnLoad (4ms)
		AwakeInstancesAfterBackupRestoration (34ms)
WARNING: Shader Unsupported: 'Hidden/Simulation/URP/Synthetic' - All subshaders removed
WARNING: Shader Did you use #pragma only_renderers and omit this platform?
WARNING: Shader If subshaders removal was intentional, you may have forgotten turning Fallback off?
WARNING: Shader Unsupported: 'Hidden/Simulation/Synthetic Lit' - All subshaders removed
WARNING: Shader Did you use #pragma only_renderers and omit this platform?
WARNING: Shader If subshaders removal was intentional, you may have forgotten turning Fallback off?
WARNING: Shader Unsupported: 'Simulation/Standard Lit' - All subshaders removed
WARNING: Shader Did you use #pragma only_renderers and omit this platform?
WARNING: Shader If subshaders removal was intentional, you may have forgotten turning Fallback off?
WARNING: Shader Unsupported: 'Simulation/URP/Room X-Ray' - All subshaders removed
WARNING: Shader Did you use #pragma only_renderers and omit this platform?
WARNING: Shader If subshaders removal was intentional, you may have forgotten turning Fallback off?
WARNING: Shader Unsupported: 'Simulation/Room X-Ray' - All subshaders removed
WARNING: Shader Did you use #pragma only_renderers and omit this platform?
WARNING: Shader If subshaders removal was intentional, you may have forgotten turning Fallback off?
WARNING: Shader Unsupported: 'Simulation/URP/Lit' - All subshaders removed
WARNING: Shader Did you use #pragma only_renderers and omit this platform?
WARNING: Shader If subshaders removal was intentional, you may have forgotten turning Fallback off?
Shader Hidden/ChartRasterizerHardware is not supported: GPU does not support conservative rasterization
Refreshing native plugins compatible for Editor in 3.32 ms, found 1 plugins.
Unloading 31 Unused Serialized files (Serialized files now loaded: 0)
Unloading 6444 unused Assets / (6.7 MB). Loaded Objects now: 7522.
Memory consumption went from 214.7 MB to 208.0 MB.
Total: 32.365080 ms (FindLiveObjects: 0.745505 ms CreateObjectMapping: 0.773827 ms MarkObjects: 25.452350 ms  DeleteObjects: 5.388149 ms)

Prepare: number of updated asset objects reloaded= 0
========================================================================
Received Prepare
Default GameObject Tag: Player already registered
AcceleratorClientConnectionCallback - disconnected - :0
WARNING: Shader Unsupported: 'Hidden/Simulation/URP/Synthetic' - All subshaders removed
WARNING: Shader Did you use #pragma only_renderers and omit this platform?
WARNING: Shader If subshaders removal was intentional, you may have forgotten turning Fallback off?
WARNING: Shader Unsupported: 'Hidden/Simulation/Synthetic Lit' - All subshaders removed
WARNING: Shader Did you use #pragma only_renderers and omit this platform?
WARNING: Shader If subshaders removal was intentional, you may have forgotten turning Fallback off?
WARNING: Shader Unsupported: 'Simulation/Standard Lit' - All subshaders removed
WARNING: Shader Did you use #pragma only_renderers and omit this platform?
WARNING: Shader If subshaders removal was intentional, you may have forgotten turning Fallback off?
WARNING: Shader Unsupported: 'Simulation/URP/Room X-Ray' - All subshaders removed
WARNING: Shader Did you use #pragma only_renderers and omit this platform?
WARNING: Shader If subshaders removal was intentional, you may have forgotten turning Fallback off?
WARNING: Shader Unsupported: 'Simulation/Room X-Ray' - All subshaders removed
WARNING: Shader Did you use #pragma only_renderers and omit this platform?
WARNING: Shader If subshaders removal was intentional, you may have forgotten turning Fallback off?
WARNING: Shader Unsupported: 'Simulation/URP/Lit' - All subshaders removed
WARNING: Shader Did you use #pragma only_renderers and omit this platform?
WARNING: Shader If subshaders removal was intentional, you may have forgotten turning Fallback off?
Shader Hidden/ChartRasterizerHardware is not supported: GPU does not support conservative rasterization
Unloading 31 Unused Serialized files (Serialized files now loaded: 0)
Unloading 31 unused Assets / (3.0 MB). Loaded Objects now: 7522.
Memory consumption went from 211.0 MB to 208.0 MB.
Total: 18.836342 ms (FindLiveObjects: 0.487500 ms CreateObjectMapping: 0.248726 ms MarkObjects: 17.200344 ms  DeleteObjects: 0.897862 ms)

Prepare: number of updated asset objects reloaded= 0
========================================================================
Received Import Request.
  Time of request: 2026-08-31T16:46:55.02033Z
  Time since last request: 10804.29679112399936 seconds.
  importAddress: GUID: b41e10db939908331bf23ce0cc9b8683 - Path: Assets/Prefabs - Importer: PreviewImporter
Importing 'GUID: b41e10db939908331bf23ce0cc9b8683 - Path: Assets/Prefabs - Importer: PreviewImporter' with importer (PreviewImporter)
Imported 'GUID: b41e10db939908331bf23ce0cc9b8683' -> (Import Result ID: 'e4ebd37300ca1391ff2d56fc493b13ab') in 0.009 seconds [static and dynamic dependencies]. Details - ImportResultOutputID=f6251868950417098a2cac9bbe715580 DependenciesID=58be02fcc94ec39f06ad9fa84d973a2e StaticDependenciesID=ae15ed6d359f4e8544434c71656e8f6b 
Number of updated asset objects reloaded before import = 0
Number of asset objects unloaded after import = 0
========================================================================
Received Prepare
Default GameObject Tag: Player already registered
AcceleratorClientConnectionCallback - disconnected - :0
WARNING: Shader Unsupported: 'Hidden/Simulation/URP/Synthetic' - All subshaders removed
WARNING: Shader Did you use #pragma only_renderers and omit this platform?
WARNING: Shader If subshaders removal was intentional, you may have forgotten turning Fallback off?
WARNING: Shader Unsupported: 'Hidden/Simulation/Synthetic Lit' - All subshaders removed
WARNING: Shader Did you use #pragma only_renderers and omit this platform?
WARNING: Shader If subshaders removal was intentional, you may have forgotten turning Fallback off?
WARNING: Shader Unsupported: 'Simulation/Standard Lit' - All subshaders removed
WARNING: Shader Did you use #pragma only_renderers and omit this platform?
WARNING: Shader If subshaders removal was intentional, you may have forgotten turning Fallback off?
WARNING: Shader Unsupported: 'Simulation/URP/Room X-Ray' - All subshaders removed
WARNING: Shader Did you use #pragma only_renderers and omit this platform?
WARNING: Shader If subshaders removal was intentional, you may have forgotten turning Fallback off?
WARNING: Shader Unsupported: 'Simulation/Room X-Ray' - All subshaders removed
WARNING: Shader Did you use #pragma only_renderers and omit this platform?
WARNING: Shader If subshaders removal was intentional, you may have forgotten turning Fallback off?
WARNING: Shader Unsupported: 'Simulation/URP/Lit' - All subshaders removed
WARNING: Shader Did you use #pragma only_renderers and omit this platform?
WARNING: Shader If subshaders removal was intentional, you may have forgotten turning Fallback off?
Shader Hidden/ChartRasterizerHardware is not supported: GPU does not support conservative rasterization
Refreshing native plugins compatible for Editor in 2.96 ms, found 1 plugins.
Unloading 31 Unused Serialized files (Serialized files now loaded: 0)
Unloading 6280 unused Assets / (6.6 MB). Loaded Objects now: 7507.
Memory consumption went from 215.2 MB to 208.6 MB.
Total: 27.818050 ms (FindLiveObjects: 1.350858 ms CreateObjectMapping: 1.290634 ms MarkObjects: 20.499502 ms  DeleteObjects: 4.674391 ms)

Prepare: number of updated asset objects reloaded= 5
========================================================================
Received Prepare
Default GameObject Tag: Player already registered
AcceleratorClientConnectionCallback - disconnected - :0
[Licensing::Client] Successfully resolved entitlement details
Begin MonoManager ReloadAssembly
Refreshing native plugins compatible for Editor in 2.06 ms, found 1 plugins.
Native extension for LinuxStandalone target not found
[Package Manager] Failed to launch server process. Reason: Unity was launched with the -noUpm command-line argument
[Package Manager] Unable to send message (not connected to server process).
[Package Manager] Cannot connect to Unity Package Manager local server
[Package Manager] Failed to launch server process. Reason: Unity was launched with the -noUpm command-line argument
[Package Manager] Unable to send message (not connected to server process).
[Package Manager] Cannot connect to Unity Package Manager local server
Native extension for Android target not found
[Package Manager] Failed to launch server process. Reason: Unity was launched with the -noUpm command-line argument
[Package Manager] Unable to send message (not connected to server process).
[Package Manager] Cannot connect to Unity Package Manager local server
ScheduleIndexationOnStartup MainProcess:False IndexOnStartup:True
Mono: successfully reloaded assembly
[Package Manager] Failed to launch server process. Reason: Unity was launched with the -noUpm command-line argument
[Package Manager] Unable to send message (not connected to server process).
[Package Manager] Cannot connect to Unity Package Manager local server
- Finished resetting the current domain, in  1.078 seconds
Domain Reload Profiling: 2367ms
	BeginReloadAssembly (261ms)
		DisableScriptedObjects (8ms)
		CreateAndSetChildDomain (69ms)
	RebuildCommonClasses (12ms)
	RebuildNativeTypeToScriptingClass (12ms)
	initialDomainReloadingComplete (45ms)
	LoadAllAssembliesAndSetupDomain (958ms)
		LoadAssemblies (588ms)
		AnalyzeDomain (301ms)
			TypeCache.Refresh (24ms)
			BuildScriptInfoCaches (266ms)
			ResolveRequiredComponents (8ms)
	FinalizeReload (1079ms)
		SetupLoadedEditorAssemblies (0ms)
			InitializePlatformSupportModulesInManaged (18ms)
			BeforeProcessingInitializeOnLoad (79ms)
			ProcessInitializeOnLoadAttributes (540ms)
			ProcessInitializeOnLoadMethodAttributes (188ms)
		AwakeInstancesAfterBackupRestoration (22ms)
WARNING: Shader Unsupported: 'Hidden/Simulation/URP/Synthetic' - All subshaders removed
WARNING: Shader Did you use #pragma only_renderers and omit this platform?
WARNING: Shader If subshaders removal was intentional, you may have forgotten turning Fallback off?
WARNING: Shader Unsupported: 'Hidden/Simulation/Synthetic Lit' - All subshaders removed
WARNING: Shader Did you use #pragma only_renderers and omit this platform?
WARNING: Shader If subshaders removal was intentional, you may have forgotten turning Fallback off?
WARNING: Shader Unsupported: 'Simulation/Standard Lit' - All subshaders removed
WARNING: Shader Did you use #pragma only_renderers and omit this platform?
WARNING: Shader If subshaders removal was intentional, you may have forgotten turning Fallback off?
WARNING: Shader Unsupported: 'Simulation/URP/Room X-Ray' - All subshaders removed
WARNING: Shader Did you use #pragma only_renderers and omit this platform?
WARNING: Shader If subshaders removal was intentional, you may have forgotten turning Fallback off?
WARNING: Shader Unsupported: 'Simulation/Room X-Ray' - All subshaders removed
WARNING: Shader Did you use #pragma only_renderers and omit this platform?
WARNING: Shader If subshaders removal was intentional, you may have forgotten turning Fallback off?
WARNING: Shader Unsupported: 'Simulation/URP/Lit' - All subshaders removed
WARNING: Shader Did you use #pragma only_renderers and omit this platform?
WARNING: Shader If subshaders removal was intentional, you may have forgotten turning Fallback off?
Shader Hidden/ChartRasterizerHardware is not supported: GPU does not support conservative rasterization
Refreshing native plugins compatible for Editor in 3.15 ms, found 1 plugins.
Unloading 31 Unused Serialized files (Serialized files now loaded: 0)
Unloading 6444 unused Assets / (6.5 MB). Loaded Objects now: 7526.
Memory consumption went from 215.8 MB to 209.4 MB.
Total: 40.688386 ms (FindLiveObjects: 1.187360 ms CreateObjectMapping: 3.923664 ms MarkObjects: 27.891564 ms  DeleteObjects: 7.564668 ms)

Prepare: number of updated asset objects reloaded= 0
========================================================================
Received Prepare
Default GameObject Tag: Player already registered
AcceleratorClientConnectionCallback - disconnected - :0
WARNING: Shader Unsupported: 'Hidden/Simulation/URP/Synthetic' - All subshaders removed
WARNING: Shader Did you use #pragma only_renderers and omit this platform?
WARNING: Shader If subshaders removal was intentional, you may have forgotten turning Fallback off?
WARNING: Shader Unsupported: 'Hidden/Simulation/Synthetic Lit' - All subshaders removed
WARNING: Shader Did you use #pragma only_renderers and omit this platform?
WARNING: Shader If subshaders removal was intentional, you may have forgotten turning Fallback off?
WARNING: Shader Unsupported: 'Simulation/Standard Lit' - All subshaders removed
WARNING: Shader Did you use #pragma only_renderers and omit this platform?
WARNING: Shader If subshaders removal was intentional, you may have forgotten turning Fallback off?
WARNING: Shader Unsupported: 'Simulation/URP/Room X-Ray' - All subshaders removed
WARNING: Shader Did you use #pragma only_renderers and omit this platform?
WARNING: Shader If subshaders removal was intentional, you may have forgotten turning Fallback off?
WARNING: Shader Unsupported: 'Simulation/Room X-Ray' - All subshaders removed
WARNING: Shader Did you use #pragma only_renderers and omit this platform?
WARNING: Shader If subshaders removal was intentional, you may have forgotten turning Fallback off?
WARNING: Shader Unsupported: 'Simulation/URP/Lit' - All subshaders removed
WARNING: Shader Did you use #pragma only_renderers and omit this platform?
WARNING: Shader If subshaders removal was intentional, you may have forgotten turning Fallback off?
Shader Hidden/ChartRasterizerHardware is not supported: GPU does not support conservative rasterization
Refreshing native plugins compatible for Editor in 2.22 ms, found 1 plugins.
Unloading 31 Unused Serialized files (Serialized files now loaded: 0)
Unloading 31 unused Assets / (3.0 MB). Loaded Objects now: 7526.
Memory consumption went from 212.1 MB to 209.1 MB.
Total: 20.953267 ms (FindLiveObjects: 0.580430 ms CreateObjectMapping: 0.396795 ms MarkObjects: 18.733829 ms  DeleteObjects: 1.239223 ms)

Prepare: number of updated asset objects reloaded= 0
========================================================================
Received Prepare
Default GameObject Tag: Player already registered
AcceleratorClientConnectionCallback - disconnected - :0
Begin MonoManager ReloadAssembly
Native extension for LinuxStandalone target not found
[Package Manager] Failed to launch server process. Reason: Unity was launched with the -noUpm command-line argument
[Package Manager] Unable to send message (not connected to server process).
[Package Manager] Cannot connect to Unity Package Manager local server
[Package Manager] Failed to launch server process. Reason: Unity was launched with the -noUpm command-line argument
[Package Manager] Unable to send message (not connected to server process).
[Package Manager] Cannot connect to Unity Package Manager local server
Native extension for Android target not found
[Package Manager] Failed to launch server process. Reason: Unity was launched with the -noUpm command-line argument
[Package Manager] Unable to send message (not connected to server process).
[Package Manager] Cannot connect to Unity Package Manager local server
ScheduleIndexationOnStartup MainProcess:False IndexOnStartup:True
Mono: successfully reloaded assembly
[Package Manager] Failed to launch server process. Reason: Unity was launched with the -noUpm command-line argument
[Package Manager] Unable to send message (not connected to server process).
[Package Manager] Cannot connect to Unity Package Manager local server
- Finished resetting the current domain, in  1.472 seconds
Domain Reload Profiling: 2121ms
	BeginReloadAssembly (228ms)
		DisableScriptedObjects (8ms)
		CreateAndSetChildDomain (78ms)
	RebuildCommonClasses (10ms)
	RebuildNativeTypeToScriptingClass (10ms)
	initialDomainReloadingComplete (42ms)
	LoadAllAssembliesAndSetupDomain (358ms)
		LoadAssemblies (282ms)
		AnalyzeDomain (17ms)
			TypeCache.Refresh (8ms)
			ResolveRequiredComponents (6ms)
	FinalizeReload (1473ms)
		SetupLoadedEditorAssemblies (0ms)
			InitializePlatformSupportModulesInManaged (14ms)
			BeforeProcessingInitializeOnLoad (100ms)
			ProcessInitializeOnLoadAttributes (729ms)
			ProcessInitializeOnLoadMethodAttributes (317ms)
			AfterProcessingInitializeOnLoad (5ms)
		AwakeInstancesAfterBackupRestoration (44ms)
WARNING: Shader Unsupported: 'Hidden/Simulation/URP/Synthetic' - All subshaders removed
WARNING: Shader Did you use #pragma only_renderers and omit this platform?
WARNING: Shader If subshaders removal was intentional, you may have forgotten turning Fallback off?
WARNING: Shader Unsupported: 'Hidden/Simulation/Synthetic Lit' - All subshaders removed
WARNING: Shader Did you use #pragma only_renderers and omit this platform?
WARNING: Shader If subshaders removal was intentional, you may have forgotten turning Fallback off?
WARNING: Shader Unsupported: 'Simulation/Standard Lit' - All subshaders removed
WARNING: Shader Did you use #pragma only_renderers and omit this platform?
WARNING: Shader If subshaders removal was intentional, you may have forgotten turning Fallback off?
WARNING: Shader Unsupported: 'Simulation/URP/Room X-Ray' - All subshaders removed
WARNING: Shader Did you use #pragma only_renderers and omit this platform?
WARNING: Shader If subshaders removal was intentional, you may have forgotten turning Fallback off?
WARNING: Shader Unsupported: 'Simulation/Room X-Ray' - All subshaders removed
WARNING: Shader Did you use #pragma only_renderers and omit this platform?
WARNING: Shader If subshaders removal was intentional, you may have forgotten turning Fallback off?
WARNING: Shader Unsupported: 'Simulation/URP/Lit' - All subshaders removed
WARNING: Shader Did you use #pragma only_renderers and omit this platform?
WARNING: Shader If subshaders removal was intentional, you may have forgotten turning Fallback off?
Shader Hidden/ChartRasterizerHardware is not supported: GPU does not support conservative rasterization
Refreshing native plugins compatible for Editor in 3.34 ms, found 1 plugins.
Unloading 31 Unused Serialized files (Serialized files now loaded: 0)
Unloading 6444 unused Assets / (6.9 MB). Loaded Objects now: 7528.
Memory consumption went from 216.1 MB to 209.2 MB.
Total: 35.228619 ms (FindLiveObjects: 1.784227 ms CreateObjectMapping: 1.127750 ms MarkObjects: 22.432808 ms  DeleteObjects: 9.881591 ms)

Prepare: number of updated asset objects reloaded= 0
========================================================================
Received Prepare
Default GameObject Tag: Player already registered
AcceleratorClientConnectionCallback - disconnected - :0
WARNING: Shader Unsupported: 'Hidden/Simulation/URP/Synthetic' - All subshaders removed
WARNING: Shader Did you use #pragma only_renderers and omit this platform?
WARNING: Shader If subshaders removal was intentional, you may have forgotten turning Fallback off?
WARNING: Shader Unsupported: 'Hidden/Simulation/Synthetic Lit' - All subshaders removed
WARNING: Shader Did you use #pragma only_renderers and omit this platform?
WARNING: Shader If subshaders removal was intentional, you may have forgotten turning Fallback off?
WARNING: Shader Unsupported: 'Simulation/Standard Lit' - All subshaders removed
WARNING: Shader Did you use #pragma only_renderers and omit this platform?
WARNING: Shader If subshaders removal was intentional, you may have forgotten turning Fallback off?
WARNING: Shader Unsupported: 'Simulation/URP/Room X-Ray' - All subshaders removed
WARNING: Shader Did you use #pragma only_renderers and omit this platform?
WARNING: Shader If subshaders removal was intentional, you may have forgotten turning Fallback off?
WARNING: Shader Unsupported: 'Simulation/Room X-Ray' - All subshaders removed
WARNING: Shader Did you use #pragma only_renderers and omit this platform?
WARNING: Shader If subshaders removal was intentional, you may have forgotten turning Fallback off?
WARNING: Shader Unsupported: 'Simulation/URP/Lit' - All subshaders removed
WARNING: Shader Did you use #pragma only_renderers and omit this platform?
WARNING: Shader If subshaders removal was intentional, you may have forgotten turning Fallback off?
Shader Hidden/ChartRasterizerHardware is not supported: GPU does not support conservative rasterization
Refreshing native plugins compatible for Editor in 4.08 ms, found 1 plugins.
Unloading 31 Unused Serialized files (Serialized files now loaded: 0)
Unloading 31 unused Assets / (3.0 MB). Loaded Objects now: 7528.
Memory consumption went from 212.4 MB to 209.3 MB.
Total: 26.970514 ms (FindLiveObjects: 0.818382 ms CreateObjectMapping: 0.391846 ms MarkObjects: 24.379695 ms  DeleteObjects: 1.377585 ms)

Prepare: number of updated asset objects reloaded= 0
========================================================================
Received Prepare
Default GameObject Tag: Player already registered
AcceleratorClientConnectionCallback - disconnected - :0
[Licensing::Client] Successfully resolved entitlement details
Begin MonoManager ReloadAssembly
Refreshing native plugins compatible for Editor in 3.27 ms, found 1 plugins.
Native extension for LinuxStandalone target not found
[Package Manager] Failed to launch server process. Reason: Unity was launched with the -noUpm command-line argument
[Package Manager] Unable to send message (not connected to server process).
[Package Manager] Cannot connect to Unity Package Manager local server
[Package Manager] Failed to launch server process. Reason: Unity was launched with the -noUpm command-line argument
[Package Manager] Unable to send message (not connected to server process).
[Package Manager] Cannot connect to Unity Package Manager local server
Native extension for Android target not found
[Package Manager] Failed to launch server process. Reason: Unity was launched with the -noUpm command-line argument
[Package Manager] Unable to send message (not connected to server process).
[Package Manager] Cannot connect to Unity Package Manager local server
ScheduleIndexationOnStartup MainProcess:False IndexOnStartup:True
Mono: successfully reloaded assembly
[Package Manager] Failed to launch server process. Reason: Unity was launched with the -noUpm command-line argument
[Package Manager] Unable to send message (not connected to server process).
[Package Manager] Cannot connect to Unity Package Manager local server
- Finished resetting the current domain, in  2.051 seconds
Domain Reload Profiling: 2976ms
	BeginReloadAssembly (282ms)
		DisableScriptedObjects (7ms)
		CreateAndSetChildDomain (79ms)
	RebuildCommonClasses (16ms)
	RebuildNativeTypeToScriptingClass (21ms)
	initialDomainReloadingComplete (88ms)
	LoadAllAssembliesAndSetupDomain (517ms)
		LoadAssemblies (472ms)
		AnalyzeDomain (23ms)
			TypeCache.Refresh (14ms)
			ResolveRequiredComponents (5ms)
	FinalizeReload (2052ms)
		SetupLoadedEditorAssemblies (0ms)
			InitializePlatformSupportModulesInManaged (24ms)
			BeforeProcessingInitializeOnLoad (118ms)
			ProcessInitializeOnLoadAttributes (1129ms)
			ProcessInitializeOnLoadMethodAttributes (327ms)
		AwakeInstancesAfterBackupRestoration (27ms)
WARNING: Shader Unsupported: 'Hidden/Simulation/URP/Synthetic' - All subshaders removed
WARNING: Shader Did you use #pragma only_renderers and omit this platform?
WARNING: Shader If subshaders removal was intentional, you may have forgotten turning Fallback off?
WARNING: Shader Unsupported: 'Hidden/Simulation/Synthetic Lit' - All subshaders removed
WARNING: Shader Did you use #pragma only_renderers and omit this platform?
WARNING: Shader If subshaders removal was intentional, you may have forgotten turning Fallback off?
WARNING: Shader Unsupported: 'Simulation/Standard Lit' - All subshaders removed
WARNING: Shader Did you use #pragma only_renderers and omit this platform?
WARNING: Shader If subshaders removal was intentional, you may have forgotten turning Fallback off?
WARNING: Shader Unsupported: 'Simulation/URP/Room X-Ray' - All subshaders removed
WARNING: Shader Did you use #pragma only_renderers and omit this platform?
WARNING: Shader If subshaders removal was intentional, you may have forgotten turning Fallback off?
WARNING: Shader Unsupported: 'Simulation/Room X-Ray' - All subshaders removed
WARNING: Shader Did you use #pragma only_renderers and omit this platform?
WARNING: Shader If subshaders removal was intentional, you may have forgotten turning Fallback off?
WARNING: Shader Unsupported: 'Simulation/URP/Lit' - All subshaders removed
WARNING: Shader Did you use #pragma only_renderers and omit this platform?
WARNING: Shader If subshaders removal was intentional, you may have forgotten turning Fallback off?
Shader Hidden/ChartRasterizerHardware is not supported: GPU does not support conservative rasterization
Unloading 31 Unused Serialized files (Serialized files now loaded: 0)
Unloading 6444 unused Assets / (7.4 MB). Loaded Objects now: 7530.
Memory consumption went from 216.3 MB to 208.9 MB.
Total: 23.680870 ms (FindLiveObjects: 0.618579 ms CreateObjectMapping: 0.606904 ms MarkObjects: 17.133013 ms  DeleteObjects: 5.319720 ms)

Prepare: number of updated asset objects reloaded= 0
========================================================================
Received Prepare
Default GameObject Tag: Player already registered
AcceleratorClientConnectionCallback - disconnected - :0
WARNING: Shader Unsupported: 'Hidden/Simulation/URP/Synthetic' - All subshaders removed
WARNING: Shader Did you use #pragma only_renderers and omit this platform?
WARNING: Shader If subshaders removal was intentional, you may have forgotten turning Fallback off?
WARNING: Shader Unsupported: 'Hidden/Simulation/Synthetic Lit' - All subshaders removed
WARNING: Shader Did you use #pragma only_renderers and omit this platform?
WARNING: Shader If subshaders removal was intentional, you may have forgotten turning Fallback off?
WARNING: Shader Unsupported: 'Simulation/Standard Lit' - All subshaders removed
WARNING: Shader Did you use #pragma only_renderers and omit this platform?
WARNING: Shader If subshaders removal was intentional, you may have forgotten turning Fallback off?
WARNING: Shader Unsupported: 'Simulation/URP/Room X-Ray' - All subshaders removed
WARNING: Shader Did you use #pragma only_renderers and omit this platform?
WARNING: Shader If subshaders removal was intentional, you may have forgotten turning Fallback off?
WARNING: Shader Unsupported: 'Simulation/Room X-Ray' - All subshaders removed
WARNING: Shader Did you use #pragma only_renderers and omit this platform?
WARNING: Shader If subshaders removal was intentional, you may have forgotten turning Fallback off?
WARNING: Shader Unsupported: 'Simulation/URP/Lit' - All subshaders removed
WARNING: Shader Did you use #pragma only_renderers and omit this platform?
WARNING: Shader If subshaders removal was intentional, you may have forgotten turning Fallback off?
Shader Hidden/ChartRasterizerHardware is not supported: GPU does not support conservative rasterization
Refreshing native plugins compatible for Editor in 3.24 ms, found 1 plugins.
Unloading 31 Unused Serialized files (Serialized files now loaded: 0)
Unloading 31 unused Assets / (3.0 MB). Loaded Objects now: 7530.
Memory consumption went from 212.6 MB to 209.6 MB.
Total: 25.457142 ms (FindLiveObjects: 0.606138 ms CreateObjectMapping: 0.355388 ms MarkObjects: 23.235019 ms  DeleteObjects: 1.258704 ms)

Prepare: number of updated asset objects reloaded= 0
========================================================================
Received Prepare
Default GameObject Tag: Player already registered
AcceleratorClientConnectionCallback - disconnected - :0
WARNING: Shader Unsupported: 'Hidden/Simulation/URP/Synthetic' - All subshaders removed
WARNING: Shader Did you use #pragma only_renderers and omit this platform?
WARNING: Shader If subshaders removal was intentional, you may have forgotten turning Fallback off?
WARNING: Shader Unsupported: 'Hidden/Simulation/Synthetic Lit' - All subshaders removed
WARNING: Shader Did you use #pragma only_renderers and omit this platform?
WARNING: Shader If subshaders removal was intentional, you may have forgotten turning Fallback off?
WARNING: Shader Unsupported: 'Simulation/Standard Lit' - All subshaders removed
WARNING: Shader Did you use #pragma only_renderers and omit this platform?
WARNING: Shader If subshaders removal was intentional, you may have forgotten turning Fallback off?
WARNING: Shader Unsupported: 'Simulation/URP/Room X-Ray' - All subshaders removed
WARNING: Shader Did you use #pragma only_renderers and omit this platform?
WARNING: Shader If subshaders removal was intentional, you may have forgotten turning Fallback off?
WARNING: Shader Unsupported: 'Simulation/Room X-Ray' - All subshaders removed
WARNING: Shader Did you use #pragma only_renderers and omit this platform?
WARNING: Shader If subshaders removal was intentional, you may have forgotten turning Fallback off?
WARNING: Shader Unsupported: 'Simulation/URP/Lit' - All subshaders removed
WARNING: Shader Did you use #pragma only_renderers and omit this platform?
WARNING: Shader If subshaders removal was intentional, you may have forgotten turning Fallback off?
Shader Hidden/ChartRasterizerHardware is not supported: GPU does not support conservative rasterization
Unloading 31 Unused Serialized files (Serialized files now loaded: 0)
Unloading 6280 unused Assets / (6.8 MB). Loaded Objects now: 7513.
Memory consumption went from 216.3 MB to 209.5 MB.
Total: 41.904595 ms (FindLiveObjects: 0.972764 ms CreateObjectMapping: 0.744582 ms MarkObjects: 33.993508 ms  DeleteObjects: 6.190458 ms)

Prepare: number of updated asset objects reloaded= 0
========================================================================
Received Prepare
Default GameObject Tag: Player already registered
AcceleratorClientConnectionCallback - disconnected - :0
Begin MonoManager ReloadAssembly
Refreshing native plugins compatible for Editor in 2.59 ms, found 1 plugins.
Native extension for LinuxStandalone target not found
[Package Manager] Failed to launch server process. Reason: Unity was launched with the -noUpm command-line argument
[Package Manager] Unable to send message (not connected to server process).
[Package Manager] Cannot connect to Unity Package Manager local server
[Package Manager] Failed to launch server process. Reason: Unity was launched with the -noUpm command-line argument
[Package Manager] Unable to send message (not connected to server process).
[Package Manager] Cannot connect to Unity Package Manager local server
Native extension for Android target not found
[Package Manager] Failed to launch server process. Reason: Unity was launched with the -noUpm command-line argument
[Package Manager] Unable to send message (not connected to server process).
[Package Manager] Cannot connect to Unity Package Manager local server
ScheduleIndexationOnStartup MainProcess:False IndexOnStartup:True
Mono: successfully reloaded assembly
[Package Manager] Failed to launch server process. Reason: Unity was launched with the -noUpm command-line argument
[Package Manager] Unable to send message (not connected to server process).
[Package Manager] Cannot connect to Unity Package Manager local server
- Finished resetting the current domain, in  1.624 seconds
Domain Reload Profiling: 2842ms
	BeginReloadAssembly (378ms)
		DisableScriptedObjects (15ms)
		CreateAndSetChildDomain (118ms)
	RebuildCommonClasses (13ms)
	RebuildNativeTypeToScriptingClass (11ms)
	initialDomainReloadingComplete (77ms)
	LoadAllAssembliesAndSetupDomain (737ms)
		LoadAssemblies (427ms)
		AnalyzeDomain (263ms)
			TypeCache.Refresh (20ms)
			BuildScriptInfoCaches (233ms)
			ResolveRequiredComponents (7ms)
	FinalizeReload (1626ms)
		SetupLoadedEditorAssemblies (0ms)
			InitializePlatformSupportModulesInManaged (20ms)
			BeforeProcessingInitializeOnLoad (105ms)
			ProcessInitializeOnLoadAttributes (786ms)
			ProcessInitializeOnLoadMethodAttributes (319ms)
			AfterProcessingInitializeOnLoad (3ms)
		AwakeInstancesAfterBackupRestoration (44ms)
WARNING: Shader Unsupported: 'Hidden/Simulation/URP/Synthetic' - All subshaders removed
WARNING: Shader Did you use #pragma only_renderers and omit this platform?
WARNING: Shader If subshaders removal was intentional, you may have forgotten turning Fallback off?
WARNING: Shader Unsupported: 'Hidden/Simulation/Synthetic Lit' - All subshaders removed
WARNING: Shader Did you use #pragma only_renderers and omit this platform?
WARNING: Shader If subshaders removal was intentional, you may have forgotten turning Fallback off?
WARNING: Shader Unsupported: 'Simulation/Standard Lit' - All subshaders removed
WARNING: Shader Did you use #pragma only_renderers and omit this platform?
WARNING: Shader If subshaders removal was intentional, you may have forgotten turning Fallback off?
WARNING: Shader Unsupported: 'Simulation/URP/Room X-Ray' - All subshaders removed
WARNING: Shader Did you use #pragma only_renderers and omit this platform?
WARNING: Shader If subshaders removal was intentional, you may have forgotten turning Fallback off?
WARNING: Shader Unsupported: 'Simulation/Room X-Ray' - All subshaders removed
WARNING: Shader Did you use #pragma only_renderers and omit this platform?
WARNING: Shader If subshaders removal was intentional, you may have forgotten turning Fallback off?
WARNING: Shader Unsupported: 'Simulation/URP/Lit' - All subshaders removed
WARNING: Shader Did you use #pragma only_renderers and omit this platform?
WARNING: Shader If subshaders removal was intentional, you may have forgotten turning Fallback off?
Shader Hidden/ChartRasterizerHardware is not supported: GPU does not support conservative rasterization
Refreshing native plugins compatible for Editor in 3.25 ms, found 1 plugins.
Unloading 31 Unused Serialized files (Serialized files now loaded: 0)
Unloading 6444 unused Assets / (6.8 MB). Loaded Objects now: 7532.
Memory consumption went from 216.6 MB to 209.8 MB.
Total: 27.964707 ms (FindLiveObjects: 1.431433 ms CreateObjectMapping: 1.254401 ms MarkObjects: 19.325850 ms  DeleteObjects: 5.947550 ms)

Prepare: number of updated asset objects reloaded= 0
========================================================================
Received Prepare
Default GameObject Tag: Player already registered
AcceleratorClientConnectionCallback - disconnected - :0
Begin MonoManager ReloadAssembly
Native extension for LinuxStandalone target not found
[Package Manager] Failed to launch server process. Reason: Unity was launched with the -noUpm command-line argument
[Package Manager] Unable to send message (not connected to server process).
[Package Manager] Cannot connect to Unity Package Manager local server
[Package Manager] Failed to launch server process. Reason: Unity was launched with the -noUpm command-line argument
[Package Manager] Unable to send message (not connected to server process).
[Package Manager] Cannot connect to Unity Package Manager local server
Native extension for Android target not found
[Package Manager] Failed to launch server process. Reason: Unity was launched with the -noUpm command-line argument
[Package Manager] Unable to send message (not connected to server process).
[Package Manager] Cannot connect to Unity Package Manager local server
ScheduleIndexationOnStartup MainProcess:False IndexOnStartup:True
Mono: successfully reloaded assembly
[Package Manager] Failed to launch server process. Reason: Unity was launched with the -noUpm command-line argument
[Package Manager] Unable to send message (not connected to server process).
[Package Manager] Cannot connect to Unity Package Manager local server
- Finished resetting the current domain, in  1.911 seconds
Domain Reload Profiling: 3085ms
	BeginReloadAssembly (354ms)
		DisableScriptedObjects (12ms)
		CreateAndSetChildDomain (87ms)
	RebuildCommonClasses (20ms)
	RebuildNativeTypeToScriptingClass (26ms)
	initialDomainReloadingComplete (101ms)
	LoadAllAssembliesAndSetupDomain (670ms)
		LoadAssemblies (476ms)
		AnalyzeDomain (195ms)
			TypeCache.Refresh (13ms)
			BuildScriptInfoCaches (174ms)
			ResolveRequiredComponents (6ms)
	FinalizeReload (1914ms)
		SetupLoadedEditorAssemblies (0ms)
			InitializePlatformSupportModulesInManaged (25ms)
			BeforeProcessingInitializeOnLoad (191ms)
			ProcessInitializeOnLoadAttributes (944ms)
			ProcessInitializeOnLoadMethodAttributes (342ms)
			AfterProcessingInitializeOnLoad (5ms)
			EditorAssembliesLoaded (4ms)
		AwakeInstancesAfterBackupRestoration (54ms)
WARNING: Shader Unsupported: 'Hidden/Simulation/URP/Synthetic' - All subshaders removed
WARNING: Shader Did you use #pragma only_renderers and omit this platform?
WARNING: Shader If subshaders removal was intentional, you may have forgotten turning Fallback off?
WARNING: Shader Unsupported: 'Hidden/Simulation/Synthetic Lit' - All subshaders removed
WARNING: Shader Did you use #pragma only_renderers and omit this platform?
WARNING: Shader If subshaders removal was intentional, you may have forgotten turning Fallback off?
WARNING: Shader Unsupported: 'Simulation/Standard Lit' - All subshaders removed
WARNING: Shader Did you use #pragma only_renderers and omit this platform?
WARNING: Shader If subshaders removal was intentional, you may have forgotten turning Fallback off?
WARNING: Shader Unsupported: 'Simulation/URP/Room X-Ray' - All subshaders removed
WARNING: Shader Did you use #pragma only_renderers and omit this platform?
WARNING: Shader If subshaders removal was intentional, you may have forgotten turning Fallback off?
WARNING: Shader Unsupported: 'Simulation/Room X-Ray' - All subshaders removed
WARNING: Shader Did you use #pragma only_renderers and omit this platform?
WARNING: Shader If subshaders removal was intentional, you may have forgotten turning Fallback off?
WARNING: Shader Unsupported: 'Simulation/URP/Lit' - All subshaders removed
WARNING: Shader Did you use #pragma only_renderers and omit this platform?
WARNING: Shader If subshaders removal was intentional, you may have forgotten turning Fallback off?
Shader Hidden/ChartRasterizerHardware is not supported: GPU does not support conservative rasterization
Refreshing native plugins compatible for Editor in 3.67 ms, found 1 plugins.
Unloading 31 Unused Serialized files (Serialized files now loaded: 0)
Unloading 6444 unused Assets / (6.8 MB). Loaded Objects now: 7534.
Memory consumption went from 216.8 MB to 210.0 MB.
Total: 42.874908 ms (FindLiveObjects: 3.270253 ms CreateObjectMapping: 1.349520 ms MarkObjects: 34.196538 ms  DeleteObjects: 4.054576 ms)

Prepare: number of updated asset objects reloaded= 0
========================================================================
Received Prepare
Default GameObject Tag: Player already registered
AcceleratorClientConnectionCallback - disconnected - :0
[Licensing::Client] Successfully resolved entitlement details
Begin MonoManager ReloadAssembly
Refreshing native plugins compatible for Editor in 2.13 ms, found 1 plugins.
Native extension for LinuxStandalone target not found
[Package Manager] Failed to launch server process. Reason: Unity was launched with the -noUpm command-line argument
[Package Manager] Unable to send message (not connected to server process).
[Package Manager] Cannot connect to Unity Package Manager local server
[Package Manager] Failed to launch server process. Reason: Unity was launched with the -noUpm command-line argument
[Package Manager] Unable to send message (not connected to server process).
[Package Manager] Cannot connect to Unity Package Manager local server
Native extension for Android target not found
[Package Manager] Failed to launch server process. Reason: Unity was launched with the -noUpm command-line argument
[Package Manager] Unable to send message (not connected to server process).
[Package Manager] Cannot connect to Unity Package Manager local server
ScheduleIndexationOnStartup MainProcess:False IndexOnStartup:True
Mono: successfully reloaded assembly
[Package Manager] Failed to launch server process. Reason: Unity was launched with the -noUpm command-line argument
[Package Manager] Unable to send message (not connected to server process).
[Package Manager] Cannot connect to Unity Package Manager local server
- Finished resetting the current domain, in  1.457 seconds
Domain Reload Profiling: 2186ms
	BeginReloadAssembly (242ms)
		DisableScriptedObjects (12ms)
		CreateAndSetChildDomain (80ms)
	RebuildCommonClasses (12ms)
	RebuildNativeTypeToScriptingClass (15ms)
	initialDomainReloadingComplete (56ms)
	LoadAllAssembliesAndSetupDomain (403ms)
		LoadAssemblies (328ms)
		AnalyzeDomain (25ms)
			TypeCache.Refresh (12ms)
			ResolveRequiredComponents (9ms)
	FinalizeReload (1458ms)
		SetupLoadedEditorAssemblies (0ms)
			InitializePlatformSupportModulesInManaged (19ms)
			BeforeProcessingInitializeOnLoad (104ms)
			ProcessInitializeOnLoadAttributes (833ms)
			ProcessInitializeOnLoadMethodAttributes (201ms)
			AfterProcessingInitializeOnLoad (3ms)
		AwakeInstancesAfterBackupRestoration (27ms)
WARNING: Shader Unsupported: 'Hidden/Simulation/URP/Synthetic' - All subshaders removed
WARNING: Shader Did you use #pragma only_renderers and omit this platform?
WARNING: Shader If subshaders removal was intentional, you may have forgotten turning Fallback off?
WARNING: Shader Unsupported: 'Hidden/Simulation/Synthetic Lit' - All subshaders removed
WARNING: Shader Did you use #pragma only_renderers and omit this platform?
WARNING: Shader If subshaders removal was intentional, you may have forgotten turning Fallback off?
WARNING: Shader Unsupported: 'Simulation/Standard Lit' - All subshaders removed
WARNING: Shader Did you use #pragma only_renderers and omit this platform?
WARNING: Shader If subshaders removal was intentional, you may have forgotten turning Fallback off?
WARNING: Shader Unsupported: 'Simulation/URP/Room X-Ray' - All subshaders removed
WARNING: Shader Did you use #pragma only_renderers and omit this platform?
WARNING: Shader If subshaders removal was intentional, you may have forgotten turning Fallback off?
WARNING: Shader Unsupported: 'Simulation/Room X-Ray' - All subshaders removed
WARNING: Shader Did you use #pragma only_renderers and omit this platform?
WARNING: Shader If subshaders removal was intentional, you may have forgotten turning Fallback off?
WARNING: Shader Unsupported: 'Simulation/URP/Lit' - All subshaders removed
WARNING: Shader Did you use #pragma only_renderers and omit this platform?
WARNING: Shader If subshaders removal was intentional, you may have forgotten turning Fallback off?
Shader Hidden/ChartRasterizerHardware is not supported: GPU does not support conservative rasterization
Unloading 31 Unused Serialized files (Serialized files now loaded: 0)
Unloading 6444 unused Assets / (7.0 MB). Loaded Objects now: 7536.
Memory consumption went from 217.0 MB to 210.0 MB.
Total: 26.589892 ms (FindLiveObjects: 0.748631 ms CreateObjectMapping: 0.777089 ms MarkObjects: 20.303147 ms  DeleteObjects: 4.758469 ms)

Prepare: number of updated asset objects reloaded= 0
========================================================================
Received Prepare
Default GameObject Tag: Player already registered
AcceleratorClientConnectionCallback - disconnected - :0
WARNING: Shader Unsupported: 'Hidden/Simulation/URP/Synthetic' - All subshaders removed
WARNING: Shader Did you use #pragma only_renderers and omit this platform?
WARNING: Shader If subshaders removal was intentional, you may have forgotten turning Fallback off?
WARNING: Shader Unsupported: 'Hidden/Simulation/Synthetic Lit' - All subshaders removed
WARNING: Shader Did you use #pragma only_renderers and omit this platform?
WARNING: Shader If subshaders removal was intentional, you may have forgotten turning Fallback off?
WARNING: Shader Unsupported: 'Simulation/Standard Lit' - All subshaders removed
WARNING: Shader Did you use #pragma only_renderers and omit this platform?
WARNING: Shader If subshaders removal was intentional, you may have forgotten turning Fallback off?
WARNING: Shader Unsupported: 'Simulation/URP/Room X-Ray' - All subshaders removed
WARNING: Shader Did you use #pragma only_renderers and omit this platform?
WARNING: Shader If subshaders removal was intentional, you may have forgotten turning Fallback off?
WARNING: Shader Unsupported: 'Simulation/Room X-Ray' - All subshaders removed
WARNING: Shader Did you use #pragma only_renderers and omit this platform?
WARNING: Shader If subshaders removal was intentional, you may have forgotten turning Fallback off?
WARNING: Shader Unsupported: 'Simulation/URP/Lit' - All subshaders removed
WARNING: Shader Did you use #pragma only_renderers and omit this platform?
WARNING: Shader If subshaders removal was intentional, you may have forgotten turning Fallback off?
Shader Hidden/ChartRasterizerHardware is not supported: GPU does not support conservative rasterization
Refreshing native plugins compatible for Editor in 3.49 ms, found 1 plugins.
Unloading 31 Unused Serialized files (Serialized files now loaded: 0)
Unloading 31 unused Assets / (3.0 MB). Loaded Objects now: 7536.
Memory consumption went from 213.3 MB to 210.2 MB.
Total: 21.227976 ms (FindLiveObjects: 0.800436 ms CreateObjectMapping: 0.359466 ms MarkObjects: 18.978738 ms  DeleteObjects: 1.086465 ms)

Prepare: number of updated asset objects reloaded= 0
Editor requested this worker to shutdown with reason: Editor is closing down
AcceleratorClientConnectionCallback - disconnected - :0
AssetImportWorker is now disconnected from the server
Process exiting

SDL leaked 2 allocations
Turn on UNITY_SDL_ALLOCATION_TRACKING for detailed information.
Vulkan PSO: data extracted [new size=118568, old size=118572, incomplete=0]
Vulkan PSO: Pipeline cache has not changed skipping save handle[683b8f20]
