[UnityConnectServicesConfig] Local config successfully read: "/usr/share/unity3d/config/services-config.json"
[UnityConnectServicesConfig] Service configuration:
    "servicesConfigBaseUrl": "",
    "disableServicesWindow": false,
    "disableUserLogin": false,
    "entitlementCacheTimeoutInSeconds": 60,
    "clientConnectTimeoutSec": 60,
    "clientHandshakeTimeoutSec": 30,
    "clientResolveEntitlementsTimeoutSec": 30,
    "clientUpdateLicenseTimeoutSec": 30,
    "licensingServiceBaseUrl": "",
    "enableProxyAutoconfig": "false"

Unity Editor version:    6000.5.10f1 (3bd4f66ad299)
Branch:                  6000.5/staging
Build type:              Release
Batch mode:              NO
System name:             Linux
Distro version:          #1 SMP PREEMPT_DYNAMIC Tue, 28 Jul 2026 13:49:51 +0000
Kernel version:          7.1.5-arch1-2
Architecture:            x86_64
Window Protocol:         Wayland (XWayland)
Available memory:        7605 MB
Date:                    2026-08-31T16:28:41Z
[Licensing::Module] Trying to connect to existing licensing client channel...
[Licensing::IpcConnector] Successfully connected to: "LicenseClient-asif" at "2026-08-31T16:28:41.394915Z"
[SignatureVerifier] Application signature verification not supported on this platform.
[Licensing::Client] Error: HandshakeResponse reported an error:
	ResponseCode: 505
	ResponseStatus: Unsupported protocol version '1.18.3'.
[Licensing::Module] Error: Failed to handshake to channel: "LicenseClient-asif"
[Licensing::IpcConnector] LicenseClient-asif channel disconnected successfully.
[Licensing::IpcConnector] Channel LicenseClient-asif-6000.5.10 doesn't exist
[Licensing::Module] Successfully launched the LicensingClient (PId: 149459)
[Licensing::IpcConnector] Successfully connected to: "LicenseClient-asif-6000.5.10" at "2026-08-31T16:28:41.654251Z"
[SignatureVerifier] Application signature verification not supported on this platform.
[Licensing::Client] Handshaking with LicensingClient:
  Version:                 1.18.3+d7ffd15
  Session Id:              79468d75fcf9409fbb0c5d052a9d123c
  Correlation Id:          98826aebeb0a61efeb740c891542fc01
  External correlation Id: 349313466208873769
  Machine Id:              9nBtIvNttBpV0fpHM/K0qgbDBRw=
[Licensing::Module] Successfully connected to LicensingClient on channel: "LicenseClient-asif-6000.5.10" (connect: 0.25s, validation: 0.07s, handshake: 0.00s)
[Licensing::IpcConnector] Successfully connected to: "LicenseClient-asif-6000.5.10-notifications" at "2026-08-31T16:28:41.72056Z"
[Licensing::Module] Connected to LicensingClient (PId: 149459, launch time: 0.00, total connection time: 0.31s)
[Licensing::Client] Successfully updated the access token
[Licensing::Module] Successfully updated the access token gAyGXlaYFK...
[Licensing::Client] Successfully resolved entitlement details
[Licensing::Module] License group:
  Id: 13469960136267-UnityPersXXXX
  Product: Unity Personal
  Type: Assigned
  Expiration: Unlimited
[Licensing::Client] Successfully updated license, isAsync: True, time: 0.01
[Licensing::Client] Successfully resolved entitlement details
[Licensing::Module] Licensing Background thread has ended after 0.39s
Selected window backend: (null) 
Desktop is 1920 x 1080 @ 60 Hz
Initialize udev device monitor.

COMMAND LINE ARGUMENTS:
/home/asif/Unity/Hub/Editor/6000.5.10f1/Editor/unityhub-unity-editor-6000.5.10f1
-projectpath
/home/asif/Projects/vrGame/vrgame
-acceptSoftwareTermsForThisRunOnly
-useHub
-hubIPC
-cloudEnvironment
production
-licensingIpc
LicenseClient-asif
-hubSessionId
b2f84a08-c398-45be-9993-a2a8a7c72177
-accessToken
gAyGXlaYFKF2k5tLoG3oqXBS4ZdVSqmpdQwsCj4_oac00cf
Successfully changed project path to: /home/asif/Projects/vrGame/vrgame
/home/asif/Projects/vrGame/vrgame
[UnityMemory] Configuration Parameters - Can be set up in boot.config
    "memorysetup-temp-allocator-size-gi-baking-worker=262144"
    "memorysetup-temp-allocator-size-gi-baking-worker=262144"
    "memorysetup-temp-allocator-size-gi-baking-worker=262144"
    "memorysetup-temp-allocator-size-gi-baking-worker=262144"
    "memorysetup-temp-allocator-size-gi-baking-worker=262144"
    "memorysetup-temp-allocator-size-nav-mesh-worker=65536"
    "memorysetup-temp-allocator-size-audio-worker=65536"
    "memorysetup-temp-allocator-size-cloud-worker=32768"
    "memorysetup-allocator-temp-initial-block-size-main=262144"
    "memorysetup-allocator-temp-initial-block-size-worker=262144"
    "memorysetup-temp-allocator-size-preload-manager=33554432"
    "memorysetup-remapper-allocator-initial-capacity=32768"
    "memorysetup-temp-allocator-size-gfx=262144"
    "memorysetup-temp-allocator-size-background-worker=32768"
    "memorysetup-temp-allocator-size-job-worker=262144"
    "memorysetup-bucket-allocator-granularity=16"
    "memorysetup-bucket-allocator-bucket-count=8"
    "memorysetup-bucket-allocator-block-size=33554432"
    "memorysetup-bucket-allocator-block-count=8"
    "memorysetup-main-allocator-block-size=16777216"
    "memorysetup-thread-allocator-block-size=16777216"
    "memorysetup-main-allocator-mimalloc-enabled=0"
    "memorysetup-gfx-main-allocator-block-size=16777216"
    "memorysetup-gfx-thread-allocator-block-size=16777216"
    "memorysetup-cache-allocator-block-size=4194304"
    "memorysetup-typetree-allocator-block-size=2097152"
    "memorysetup-profiler-bucket-allocator-granularity=16"
    "memorysetup-profiler-bucket-allocator-bucket-count=8"
    "memorysetup-profiler-bucket-allocator-block-size=33554432"
    "memorysetup-profiler-bucket-allocator-block-count=8"
    "memorysetup-profiler-allocator-block-size=16777216"
    "memorysetup-profiler-editor-allocator-block-size=1048576"
    "memorysetup-temp-allocator-size-main=16777216"
    "memorysetup-job-temp-allocator-block-size=2097152"
    "memorysetup-job-temp-allocator-block-size-background=1048576"
    "memorysetup-job-temp-allocator-reduction-small-platforms=262144"
Player connection [140611330104512]  Target information:

Player connection [140611330104512]  * "[IP] 192.168.1.11 [Port] 55504 [Flags] 2 [Guid] 2382577569 [EditorId] 2382577569 [Version] 1048832 [Id] LinuxEditor(16,192.168.1.11) [Debug] 1 [PackageName] LinuxEditor [ProjectName] Editor" 

Player connection [140611330104512]  * "[IP] 192.168.122.1 [Port] 55504 [Flags] 2 [Guid] 2382577569 [EditorId] 2382577569 [Version] 1048832 [Id] LinuxEditor(16,192.168.1.11) [Debug] 1 [PackageName] LinuxEditor [ProjectName] Editor" 

Player connection [140611330104512]  * "[IP] 172.17.0.1 [Port] 55504 [Flags] 2 [Guid] 2382577569 [EditorId] 2382577569 [Version] 1048832 [Id] LinuxEditor(16,192.168.1.11) [Debug] 1 [PackageName] LinuxEditor [ProjectName] Editor" 

Player connection [140611330104512]  * "[IP] 172.18.0.1 [Port] 55504 [Flags] 2 [Guid] 2382577569 [EditorId] 2382577569 [Version] 1048832 [Id] LinuxEditor(16,192.168.1.11) [Debug] 1 [PackageName] LinuxEditor [ProjectName] Editor" 

Player connection [140611330104512] Host joined multi-casting on [225.0.0.222:54997]...
Player connection [140611330104512] Host joined alternative multi-casting on [225.0.0.222:34997]...
Input System module state changed to: Initialized.
[Physics::Module] Initialized fallback backend.
[Physics::Module] Id: 0xdecafbad
[Package Manager] Connected to IPC stream "Upm-149441" after 0.3 seconds.
[Licensing::Client] Successfully resolved entitlement details
Library Redirect Path: Library/
Default GameObject Tag: Player already registered
[Physics::Module] Selected backend.
[Physics::Module] Name: PhysX
[Physics::Module] Id: 0xf2b8ea05
[Physics::Module] SDK Version: 4.1.2
[Physics::Module] Integration Version: 1.0.0
[Physics::Module] Threading Mode: Multi-Threaded
Initialize engine version: 6000.5.10f1 (3bd4f66ad299)
[Subsystems] Discovering subsystems at path /home/asif/Unity/Hub/Editor/6000.5.10f1/Editor/Data/Resources/UnitySubsystems
[Subsystems] Discovering subsystems at path /home/asif/Projects/vrGame/vrgame/Assets
kGfxThreadingModeSplitJobs is not supported on OpenGL Core. Reverting to kGfxThreadingModeDirect instead.
GfxDevice: creating device client; kGfxThreadingModeDirect
GLX Extensions: GLX_ARB_context_flush_control GLX_ARB_create_context GLX_ARB_create_context_no_error GLX_ARB_create_context_profile GLX_ARB_create_context_robustness GLX_ARB_fbconfig_float GLX_ARB_framebuffer_sRGB GLX_ARB_get_proc_address GLX_ARB_multisample GLX_EXT_buffer_age GLX_EXT_create_context_es2_profile GLX_EXT_create_context_es_profile GLX_EXT_fbconfig_packed_float GLX_EXT_framebuffer_sRGB GLX_EXT_no_config_context GLX_EXT_swap_control GLX_EXT_swap_control_tear GLX_EXT_texture_from_pixmap GLX_EXT_visual_info GLX_EXT_visual_rating GLX_MESA_copy_sub_buffer GLX_MESA_gl_interop GLX_MESA_query_renderer GLX_MESA_swap_control GLX_OML_sync_control GLX_SGIS_multisample GLX_SGIX_fbconfig GLX_SGIX_pbuffer GLX_SGIX_visual_select_group GLX_SGI_make_current_read GLX_SGI_video_sync 
Renderer: Mesa Intel(R) Graphics (ADL GT2)
Vendor:   Intel
Version:  4.6 (Core Profile) Mesa 26.1.5-arch1.1
GLES:     0
 GL_3DFX_texture_compression_FXT1 GL_AMD_conservative_depth GL_AMD_depth_clamp_separate GL_AMD_draw_buffers_blend GL_AMD_gpu_shader_int64 GL_AMD_multi_draw_indirect GL_AMD_performance_monitor GL_AMD_pinned_memory GL_AMD_query_buffer_object GL_AMD_seamless_cubemap_per_texture GL_AMD_shader_stencil_export GL_AMD_shader_trinary_minmax GL_AMD_texture_texture4 GL_AMD_vertex_shader_layer GL_AMD_vertex_shader_viewport_index GL_ANGLE_texture_compression_dxt3 GL_ANGLE_texture_compression_dxt5 GL_ARB_ES2_compatibility GL_ARB_ES3_1_compatibility GL_ARB_ES3_2_compatibility GL_ARB_ES3_compatibility GL_ARB_arrays_of_arrays GL_ARB_base_instance GL_ARB_blend_func_extended GL_ARB_buffer_storage GL_ARB_clear_buffer_object GL_ARB_clear_texture GL_ARB_clip_control GL_ARB_compressed_texture_pixel_storage GL_ARB_compute_shader GL_ARB_compute_variable_group_size GL_ARB_conditional_render_inverted GL_ARB_conservative_depth GL_ARB_copy_buffer GL_ARB_copy_image GL_ARB_cull_distance GL_ARB_debug_output GL_ARB_depth_buffer_float GL_ARB
_depth_clamp GL_ARB_derivative_control GL_ARB_direct_state_access GL_ARB_draw_buffers GL_ARB_draw_buffers_blend GL_ARB_draw_elements_base_vertex GL_ARB_draw_indirect GL_ARB_draw_instanced GL_ARB_enhanced_layouts GL_ARB_explicit_attrib_location GL_ARB_explicit_uniform_location GL_ARB_fragment_coord_conventions GL_ARB_fragment_layer_viewport GL_ARB_fragment_shader GL_ARB_fragment_shader_interlock GL_ARB_framebuffer_no_attachments GL_ARB_framebuffer_object GL_ARB_framebuffer_sRGB GL_ARB_get_program_binary GL_ARB_get_texture_sub_image GL_ARB_gl_spirv GL_ARB_gpu_shader5 GL_ARB_gpu_shader_fp64 GL_ARB_gpu_shader_int64 GL_ARB_half_float_pixel GL_ARB_half_float_vertex GL_ARB_indirect_parameters GL_ARB_instanced_arrays GL_ARB_internalformat_query GL_ARB_internalformat_query2 GL_ARB_invalidate_subdata GL_ARB_map_buffer_alignment GL_ARB_map_buffer_range GL_ARB_multi_bind GL_ARB_multi_draw_indirect GL_ARB_occlusion_query2 GL_ARB_parallel_shader_compile GL_ARB_pipeline_statistics_query GL_ARB_pixel_buffer_object GL_ARB_po
int_sprite GL_ARB_polygon_offset_clamp GL_ARB_post_depth_coverage GL_ARB_program_interface_query GL_ARB_provoking_vertex GL_ARB_query_buffer_object GL_ARB_robust_buffer_access_behavior GL_ARB_robustness GL_ARB_sample_shading GL_ARB_sampler_objects GL_ARB_seamless_cube_map GL_ARB_seamless_cubemap_per_texture GL_ARB_separate_shader_objects GL_ARB_shader_atomic_counter_ops GL_ARB_shader_atomic_counters GL_ARB_shader_ballot GL_ARB_shader_bit_encoding GL_ARB_shader_clock GL_ARB_shader_draw_parameters GL_ARB_shader_group_vote GL_ARB_shader_image_load_store GL_ARB_shader_image_size GL_ARB_shader_objects GL_ARB_shader_precision GL_ARB_shader_stencil_export GL_ARB_shader_storage_buffer_object GL_ARB_shader_subroutine GL_ARB_shader_texture_image_samples GL_ARB_shader_texture_lod GL_ARB_shader_viewport_layer_array GL_ARB_shading_language_420pack GL_ARB_shading_language_include GL_ARB_shading_language_packing GL_ARB_spirv_extensions GL_ARB_stencil_texturing GL_ARB_sync GL_ARB_tessellation_shader GL_ARB_texture_barrier G
L_ARB_texture_border_clamp GL_ARB_texture_buffer_object GL_ARB_texture_buffer_object_rgb32 GL_ARB_texture_buffer_range GL_ARB_texture_compression_bptc GL_ARB_texture_compression_rgtc GL_ARB_texture_cube_map_array GL_ARB_texture_filter_anisotropic GL_ARB_texture_filter_minmax GL_ARB_texture_float GL_ARB_texture_gather GL_ARB_texture_mirror_clamp_to_edge GL_ARB_texture_multisample GL_ARB_texture_non_power_of_two GL_ARB_texture_query_levels GL_ARB_texture_query_lod GL_ARB_texture_rectangle GL_ARB_texture_rg GL_ARB_texture_rgb10_a2ui GL_ARB_texture_stencil8 GL_ARB_texture_storage GL_ARB_texture_storage_multisample GL_ARB_texture_swizzle GL_ARB_texture_view GL_ARB_timer_query GL_ARB_transform_feedback2 GL_ARB_transform_feedback3 GL_ARB_transform_feedback_instanced GL_ARB_transform_feedback_overflow_query GL_ARB_uniform_buffer_object GL_ARB_vertex_array_bgra GL_ARB_vertex_array_object GL_ARB_vertex_attrib_64bit GL_ARB_vertex_attrib_binding GL_ARB_vertex_buffer_object GL_ARB_vertex_shader GL_ARB_vertex_type_10f_11f
_11f_rev GL_ARB_vertex_type_2_10_10_10_rev GL_ARB_viewport_array GL_ATI_blend_equation_separate GL_ATI_texture_float GL_EXT_EGL_image_storage GL_EXT_EGL_image_storage_compression GL_EXT_EGL_sync GL_EXT_abgr GL_EXT_blend_equation_separate GL_EXT_debug_label GL_EXT_demote_to_helper_invocation GL_EXT_depth_bounds_test GL_EXT_draw_buffers2 GL_EXT_draw_instanced GL_EXT_framebuffer_blit GL_EXT_framebuffer_multisample GL_EXT_framebuffer_multisample_blit_scaled GL_EXT_framebuffer_object GL_EXT_framebuffer_sRGB GL_EXT_memory_object GL_EXT_memory_object_fd GL_EXT_packed_depth_stencil GL_EXT_packed_float GL_EXT_pixel_buffer_object GL_EXT_polygon_offset_clamp GL_EXT_provoking_vertex GL_EXT_semaphore GL_EXT_semaphore_fd GL_EXT_shader_clock GL_EXT_shader_framebuffer_fetch GL_EXT_shader_framebuffer_fetch_non_coherent GL_EXT_shader_integer_mix GL_EXT_shader_samples_identical GL_EXT_texture_array GL_EXT_texture_compression_dxt1 GL_EXT_texture_compression_rgtc GL_EXT_texture_compression_s3tc GL_EXT_texture_filter_anisotropic 
GL_EXT_texture_integer GL_EXT_texture_sRGB GL_EXT_texture_sRGB_R8 GL_EXT_texture_sRGB_decode GL_EXT_texture_shadow_lod GL_EXT_texture_shared_exponent GL_EXT_texture_snorm GL_EXT_texture_storage GL_EXT_texture_swizzle GL_EXT_timer_query GL_EXT_transform_feedback GL_EXT_vertex_array_bgra GL_EXT_vertex_attrib_64bit GL_IBM_multimode_draw_arrays GL_INTEL_blackhole_render GL_INTEL_conservative_rasterization GL_INTEL_performance_query GL_INTEL_shader_atomic_float_minmax GL_INTEL_shader_integer_functions2 GL_KHR_blend_equation_advanced GL_KHR_blend_equation_advanced_coherent GL_KHR_context_flush_control GL_KHR_debug GL_KHR_no_error GL_KHR_parallel_shader_compile GL_KHR_robust_buffer_access_behavior GL_KHR_robustness GL_KHR_shader_subgroup GL_KHR_texture_compression_astc_ldr GL_KHR_texture_compression_astc_sliced_3d GL_MESA_framebuffer_flip_y GL_MESA_pack_invert GL_MESA_shader_integer_functions GL_MESA_texture_const_bandwidth GL_MESA_texture_signed_rgba GL_NV_alpha_to_coverage_dither_control GL_NV_compute_shader_deri
vatives GL_NV_conditional_render GL_NV_copy_image GL_NV_depth_clamp GL_NV_fragment_shader_interlock GL_NV_packed_depth_stencil GL_NV_texture_barrier GL_OES_EGL_image GL_S3_s3tc
OPENGL LOG: Creating OpenGL 4.6 graphics device ; Context level  <OpenGL 4.5> ; Context handle -491815376
Initialize mono
Mono path[0] = '/home/asif/Unity/Hub/Editor/6000.5.10f1/Editor/Data/Managed'
Mono path[1] = '/home/asif/Unity/Hub/Editor/6000.5.10f1/Editor/Data/BCLExtensions/runtime/netstandard2.1'
Mono path[2] = '/home/asif/Unity/Hub/Editor/6000.5.10f1/Editor/Data/MonoBleedingEdge/lib/mono/unityjit-linux'
Mono config path = '/home/asif/Unity/Hub/Editor/6000.5.10f1/Editor/Data/MonoBleedingEdge/etc'
Using monoOptions --debugger-agent=transport=dt_socket,embedding=1,server=y,suspend=n,address=127.0.0.1:56441
CodeReloadManager initialized
ImportWorker Server TCP listen port: 0
AcceleratorClientConnectionCallback - disconnected - :0
Begin MonoManager ReloadAssembly
Registering precompiled unity dll's ...
[Licensing::Client] Successfully resolved entitlement details
Register platform support module: /home/asif/Unity/Hub/Editor/6000.5.10f1/Editor/Data/PlaybackEngines/AndroidPlayer/UnityEditor.Android.Extensions.dll
Register platform support module: /home/asif/Unity/Hub/Editor/6000.5.10f1/Editor/Data/PlaybackEngines/LinuxStandaloneSupport/UnityEditor.LinuxStandalone.Extensions.dll
Registered in 0.002793 seconds.
Native extension for LinuxStandalone target not found
Package Manager log level set to [2]
Native extension for Android target not found
[Licensing::Client] Successfully resolved entitlement details
ScheduleIndexationOnStartup MainProcess:False IndexOnStartup:True
Mono: successfully reloaded assembly
- Finished resetting the current domain, in  6.934 seconds
Domain Reload Profiling: 7353ms
	BeginReloadAssembly (107ms)
		CreateAndSetChildDomain (15ms)
	RebuildCommonClasses (3ms)
	RebuildNativeTypeToScriptingClass (9ms)
	initialDomainReloadingComplete (53ms)
	LoadAllAssembliesAndSetupDomain (246ms)
		LoadAssemblies (94ms)
		AnalyzeDomain (168ms)
			TypeCache.Refresh (166ms)
				TypeCache.ScanAssembly (151ms)
	FinalizeReload (6935ms)
		SetupLoadedEditorAssemblies (0ms)
			InitializePlatformSupportModulesInManaged (82ms)
			BeforeProcessingInitializeOnLoad (69ms)
			ProcessInitializeOnLoadAttributes (96ms)
			ProcessInitializeOnLoadMethodAttributes (6630ms)
[Licensing::Client] Successfully resolved entitlement details
Application.AssetDatabase Initial Refresh Start
[Package Manager] Restoring resolved packages state from cache
[Licensing::Client] Successfully resolved entitlement details
[Package Manager] Registered 73 packages:
  Packages from [https://packages.unity.com]:
    com.unity.inputsystem@1.20.0 (location: /home/asif/Projects/vrGame/vrgame/Library/PackageCache/com.unity.inputsystem@7a4e1a2a8194)
    com.unity.learn.iet-framework@6.0.6 (location: /home/asif/Projects/vrGame/vrgame/Library/PackageCache/com.unity.learn.iet-framework@20adddfea631)
    com.unity.sdk.linux-x86_64@1.1.0 (location: /home/asif/Projects/vrGame/vrgame/Library/PackageCache/com.unity.sdk.linux-x86_64@6d12be270055)
    com.unity.toolchain.linux-x86_64-linux@1.1.0 (location: /home/asif/Projects/vrGame/vrgame/Library/PackageCache/com.unity.toolchain.linux-x86_64-linux@d0308bf9d559)
    com.unity.xr.androidxr-openxr@1.3.2 (location: /home/asif/Projects/vrGame/vrgame/Library/PackageCache/com.unity.xr.androidxr-openxr@140012db8576)
    com.unity.xr.arcore@6.5.0 (location: /home/asif/Projects/vrGame/vrgame/Library/PackageCache/com.unity.xr.arcore@faa8081af93f)
    com.unity.xr.arfoundation@6.5.0 (location: /home/asif/Projects/vrGame/vrgame/Library/PackageCache/com.unity.xr.arfoundation@13d2457b468b)
    com.unity.xr.compositionlayers@2.5.0 (location: /home/asif/Projects/vrGame/vrgame/Library/PackageCache/com.unity.xr.compositionlayers@2843cb312e13)
    com.unity.xr.core-utils@2.6.0 (location: /home/asif/Projects/vrGame/vrgame/Library/PackageCache/com.unity.xr.core-utils@a8b900321199)
    com.unity.xr.hands@1.8.1 (location: /home/asif/Projects/vrGame/vrgame/Library/PackageCache/com.unity.xr.hands@0908de89928b)
    com.unity.xr.interaction.toolkit@3.5.1 (location: /home/asif/Projects/vrGame/vrgame/Library/PackageCache/com.unity.xr.interaction.toolkit@63ca3b7ce776)
    com.unity.xr.management@4.6.1 (location: /home/asif/Projects/vrGame/vrgame/Library/PackageCache/com.unity.xr.management@df145a5bc89e)
    com.unity.xr.meta-openxr@2.5.1 (location: /home/asif/Projects/vrGame/vrgame/Library/PackageCache/com.unity.xr.meta-openxr@6d169a09f2c7)
    com.unity.xr.openxr@1.17.1 (location: /home/asif/Projects/vrGame/vrgame/Library/PackageCache/com.unity.xr.openxr@58837b2992e0)
    com.unity.xr.legacyinputhelpers@3.0.1 (location: /home/asif/Projects/vrGame/vrgame/Library/PackageCache/com.unity.xr.legacyinputhelpers@3f62d634f63b)
    com.unity.editorcoroutines@1.1.0 (location: /home/asif/Projects/vrGame/vrgame/Library/PackageCache/com.unity.editorcoroutines@87a15ed012c2)
    com.unity.sysroot.base@1.1.0 (location: /home/asif/Projects/vrGame/vrgame/Library/PackageCache/com.unity.sysroot.base@3559fe1aa613)
    com.unity.settings-manager@2.1.1 (location: /home/asif/Projects/vrGame/vrgame/Library/PackageCache/com.unity.settings-manager@0b8638c5ce86)
    com.unity.ide.visualstudio@2.0.26 (location: /home/asif/Projects/vrGame/vrgame/Library/PackageCache/com.unity.ide.visualstudio@a99d56dec63f)
    com.unity.ide.rider@3.0.40 (location: /home/asif/Projects/vrGame/vrgame/Library/PackageCache/com.unity.ide.rider@e4950c6d131b)
    com.unity.performance.profile-analyzer@1.4.0 (location: /home/asif/Projects/vrGame/vrgame/Library/PackageCache/com.unity.performance.profile-analyzer@2bb26871883c)
    com.unity.testtools.codecoverage@1.3.0 (location: /home/asif/Projects/vrGame/vrgame/Library/PackageCache/com.unity.testtools.codecoverage@19a841221620)
    com.unity.searcher@4.9.5 (location: /home/asif/Projects/vrGame/vrgame/Library/PackageCache/com.unity.searcher@a463122f2c00)
    com.unity.burst@1.8.30 (location: /home/asif/Projects/vrGame/vrgame/Library/PackageCache/com.unity.burst@2f3d916873ea)
    com.unity.nuget.mono-cecil@1.11.6 (location: /home/asif/Projects/vrGame/vrgame/Library/PackageCache/com.unity.nuget.mono-cecil@ecb9724e46ff)
    com.unity.test-framework.performance@3.5.0 (location: /home/asif/Projects/vrGame/vrgame/Library/PackageCache/com.unity.test-framework.performance@8b56083ec0f0)
  Built-in packages:
    com.unity.feature.development@1.0.2 (location: /home/asif/Projects/vrGame/vrgame/Library/PackageCache/com.unity.feature.development@767aadbc6eb7)
    com.unity.multiplayer.center@1.0.1 (location: /home/asif/Projects/vrGame/vrgame/Library/PackageCache/com.unity.multiplayer.center@095ed72d0927)
    com.unity.render-pipelines.universal@17.5.0 (location: /home/asif/Projects/vrGame/vrgame/Library/PackageCache/com.unity.render-pipelines.universal@ed85b9da889e)
    com.unity.modules.accessibility@1.0.0 (location: /home/asif/Projects/vrGame/vrgame/Library/PackageCache/com.unity.modules.accessibility)
    com.unity.modules.adaptiveperformance@1.0.0 (location: /home/asif/Projects/vrGame/vrgame/Library/PackageCache/com.unity.modules.adaptiveperformance)
    com.unity.modules.ai@1.0.0 (location: /home/asif/Projects/vrGame/vrgame/Library/PackageCache/com.unity.modules.ai)
    com.unity.modules.androidjni@1.0.0 (location: /home/asif/Projects/vrGame/vrgame/Library/PackageCache/com.unity.modules.androidjni)
    com.unity.modules.animation@1.0.0 (location: /home/asif/Projects/vrGame/vrgame/Library/PackageCache/com.unity.modules.animation)
    com.unity.modules.assetbundle@1.0.0 (location: /home/asif/Projects/vrGame/vrgame/Library/PackageCache/com.unity.modules.assetbundle)
    com.unity.modules.audio@1.0.0 (location: /home/asif/Projects/vrGame/vrgame/Library/PackageCache/com.unity.modules.audio)
    com.unity.modules.cloth@1.0.0 (location: /home/asif/Projects/vrGame/vrgame/Library/PackageCache/com.unity.modules.cloth)
    com.unity.modules.director@1.0.0 (location: /home/asif/Projects/vrGame/vrgame/Library/PackageCache/com.unity.modules.director)
    com.unity.modules.imageconversion@1.0.0 (location: /home/asif/Projects/vrGame/vrgame/Library/PackageCache/com.unity.modules.imageconversion)
    com.unity.modules.imgui@1.0.0 (location: /home/asif/Projects/vrGame/vrgame/Library/PackageCache/com.unity.modules.imgui)
    com.unity.modules.jsonserialize@1.0.0 (location: /home/asif/Projects/vrGame/vrgame/Library/PackageCache/com.unity.modules.jsonserialize)
    com.unity.modules.particlesystem@1.0.0 (location: /home/asif/Projects/vrGame/vrgame/Library/PackageCache/com.unity.modules.particlesystem)
    com.unity.modules.physics@1.0.0 (location: /home/asif/Projects/vrGame/vrgame/Library/PackageCache/com.unity.modules.physics)
    com.unity.modules.physics2d@1.0.0 (location: /home/asif/Projects/vrGame/vrgame/Library/PackageCache/com.unity.modules.physics2d)
    com.unity.modules.physicscore2d@1.0.0 (location: /home/asif/Projects/vrGame/vrgame/Library/PackageCache/com.unity.modules.physicscore2d)
    com.unity.modules.screencapture@1.0.0 (location: /home/asif/Projects/vrGame/vrgame/Library/PackageCache/com.unity.modules.screencapture)
    com.unity.modules.terrain@1.0.0 (location: /home/asif/Projects/vrGame/vrgame/Library/PackageCache/com.unity.modules.terrain)
    com.unity.modules.terrainphysics@1.0.0 (location: /home/asif/Projects/vrGame/vrgame/Library/PackageCache/com.unity.modules.terrainphysics)
    com.unity.modules.tilemap@1.0.0 (location: /home/asif/Projects/vrGame/vrgame/Library/PackageCache/com.unity.modules.tilemap)
    com.unity.modules.ui@1.0.0 (location: /home/asif/Projects/vrGame/vrgame/Library/PackageCache/com.unity.modules.ui)
    com.unity.modules.uielements@1.0.0 (location: /home/asif/Projects/vrGame/vrgame/Library/PackageCache/com.unity.modules.uielements)
    com.unity.modules.umbra@1.0.0 (location: /home/asif/Projects/vrGame/vrgame/Library/PackageCache/com.unity.modules.umbra)
    com.unity.modules.unityanalytics@1.0.0 (location: /home/asif/Projects/vrGame/vrgame/Library/PackageCache/com.unity.modules.unityanalytics)
    com.unity.modules.unitywebrequest@1.0.0 (location: /home/asif/Projects/vrGame/vrgame/Library/PackageCache/com.unity.modules.unitywebrequest)
    com.unity.modules.unitywebrequestassetbundle@1.0.0 (location: /home/asif/Projects/vrGame/vrgame/Library/PackageCache/com.unity.modules.unitywebrequestassetbundle)
    com.unity.modules.unitywebrequestaudio@1.0.0 (location: /home/asif/Projects/vrGame/vrgame/Library/PackageCache/com.unity.modules.unitywebrequestaudio)
    com.unity.modules.unitywebrequesttexture@1.0.0 (location: /home/asif/Projects/vrGame/vrgame/Library/PackageCache/com.unity.modules.unitywebrequesttexture)
    com.unity.modules.unitywebrequestwww@1.0.0 (location: /home/asif/Projects/vrGame/vrgame/Library/PackageCache/com.unity.modules.unitywebrequestwww)
    com.unity.modules.vectorgraphics@1.0.0 (location: /home/asif/Projects/vrGame/vrgame/Library/PackageCache/com.unity.modules.vectorgraphics)
    com.unity.modules.vehicles@1.0.0 (location: /home/asif/Projects/vrGame/vrgame/Library/PackageCache/com.unity.modules.vehicles)
    com.unity.modules.video@1.0.0 (location: /home/asif/Projects/vrGame/vrgame/Library/PackageCache/com.unity.modules.video)
    com.unity.modules.wind@1.0.0 (location: /home/asif/Projects/vrGame/vrgame/Library/PackageCache/com.unity.modules.wind)
    com.unity.modules.xr@1.0.0 (location: /home/asif/Projects/vrGame/vrgame/Library/PackageCache/com.unity.modules.xr)
    com.unity.modules.subsystems@1.0.0 (location: /home/asif/Projects/vrGame/vrgame/Library/PackageCache/com.unity.modules.subsystems)
    com.unity.modules.hierarchycore@1.0.0 (location: /home/asif/Projects/vrGame/vrgame/Library/PackageCache/com.unity.modules.hierarchycore)
    com.unity.ugui@2.5.0 (location: /home/asif/Projects/vrGame/vrgame/Library/PackageCache/com.unity.ugui@241bd5dd93e7)
    com.unity.mathematics@1.4.0 (location: /home/asif/Projects/vrGame/vrgame/Library/PackageCache/com.unity.mathematics@bdc7f308708c)
    com.unity.render-pipelines.core@17.5.0 (location: /home/asif/Projects/vrGame/vrgame/Library/PackageCache/com.unity.render-pipelines.core@f54051cecb82)
    com.unity.shadergraph@17.5.0 (location: /home/asif/Projects/vrGame/vrgame/Library/PackageCache/com.unity.shadergraph@d5dbee5c0619)
    com.unity.render-pipelines.universal-config@17.5.0 (location: /home/asif/Projects/vrGame/vrgame/Library/PackageCache/com.unity.render-pipelines.universal-config@47de94ac0cce)
    com.unity.test-framework@1.7.0 (location: /home/asif/Projects/vrGame/vrgame/Library/PackageCache/com.unity.test-framework@773a3a4953ad)
    com.unity.collections@6.5.0 (location: /home/asif/Projects/vrGame/vrgame/Library/PackageCache/com.unity.collections@c461d9198d5e)
    com.unity.ext.nunit@2.1.0 (location: /home/asif/Projects/vrGame/vrgame/Library/PackageCache/com.unity.ext.nunit@9054f8d1d690)
[Subsystems] Looking for new subsystems at path /home/asif/Projects/vrGame/vrgame/Library/PackageCache/com.unity.xr.arfoundation@13d2457b468b
[Subsystems] Novel subsystem found at Library/PackageCache/com.unity.xr.arfoundation@13d2457b468b/Runtime/UnitySubsystemsManifest.json
[Subsystems] Discovering subsystems at path /home/asif/Unity/Hub/Editor/6000.5.10f1/Editor/Data/Resources/UnitySubsystems
[Subsystems] Discovering subsystems at path /home/asif/Projects/vrGame/vrgame/Assets
[Subsystems] Discovering subsystems at path /home/asif/Projects/vrGame/vrgame/Library/PackageCache/com.unity.xr.arfoundation@13d2457b468b
[Subsystems] No descriptors matched for  examples in Library/PackageCache/com.unity.xr.arfoundation@13d2457b468b/Runtime/UnitySubsystemsManifest.json.
[Subsystems] 1 'inputs' descriptors matched in Library/PackageCache/com.unity.xr.arfoundation@13d2457b468b/Runtime/UnitySubsystemsManifest.json
[Subsystems] No descriptors matched for  displays in Library/PackageCache/com.unity.xr.arfoundation@13d2457b468b/Runtime/UnitySubsystemsManifest.json.
[Subsystems] 1 'meshings' descriptors matched in Library/PackageCache/com.unity.xr.arfoundation@13d2457b468b/Runtime/UnitySubsystemsManifest.json
[Subsystems] Discovering subsystems at path /home/asif/Projects/vrGame/vrgame/Library/PackageCache/com.unity.xr.meta-openxr@6d169a09f2c7
[Subsystems] No descriptors matched for  examples in Library/PackageCache/com.unity.xr.meta-openxr@6d169a09f2c7/Runtime/UnitySubsystemsManifest.json.
[Subsystems] No descriptors matched for  inputs in Library/PackageCache/com.unity.xr.meta-openxr@6d169a09f2c7/Runtime/UnitySubsystemsManifest.json.
[Subsystems] No descriptors matched for  displays in Library/PackageCache/com.unity.xr.meta-openxr@6d169a09f2c7/Runtime/UnitySubsystemsManifest.json.
[Subsystems] 1 'meshings' descriptors matched in Library/PackageCache/com.unity.xr.meta-openxr@6d169a09f2c7/Runtime/UnitySubsystemsManifest.json
[Subsystems] Discovering subsystems at path /home/asif/Projects/vrGame/vrgame/Library/PackageCache/com.unity.xr.openxr@58837b2992e0
[Subsystems] No descriptors matched for  examples in Library/PackageCache/com.unity.xr.openxr@58837b2992e0/Runtime/UnitySubsystemsManifest.json.
[Subsystems] 1 'inputs' descriptors matched in Library/PackageCache/com.unity.xr.openxr@58837b2992e0/Runtime/UnitySubsystemsManifest.json
[Subsystems] 1 'displays' descriptors matched in Library/PackageCache/com.unity.xr.openxr@58837b2992e0/Runtime/UnitySubsystemsManifest.json
[Subsystems] No descriptors matched for  meshings in Library/PackageCache/com.unity.xr.openxr@58837b2992e0/Runtime/UnitySubsystemsManifest.json.
[Package Manager] Done registering packages in 0.01 seconds
info: Microsoft.Hosting.Lifetime[14]
      Now listening on: http://unix:/tmp/ilpp.sock-d88c009287a7ec183557988b2996debd
info: Microsoft.Hosting.Lifetime[0]
      Application started. Press Ctrl+C to shut down.
info: Microsoft.Hosting.Lifetime[0]
      Hosting environment: Production
info: Microsoft.Hosting.Lifetime[0]
      Content root path: /home/asif/Projects/vrGame/vrgame
info: Microsoft.AspNetCore.Hosting.Diagnostics[1]
      Request starting HTTP/2 POST http://ilpp/UnityILPP.PostProcessing/Ping - application/grpc -
info: Microsoft.AspNetCore.Routing.EndpointMiddleware[0]
      Executing endpoint 'gRPC - /UnityILPP.PostProcessing/Ping'
info: Microsoft.AspNetCore.Routing.EndpointMiddleware[1]
      Executed endpoint 'gRPC - /UnityILPP.PostProcessing/Ping'
info: Microsoft.AspNetCore.Hosting.Diagnostics[2]
      Request finished HTTP/2 POST http://ilpp/UnityILPP.PostProcessing/Ping - 200 - application/grpc 36.4907ms
Starting: /home/asif/Unity/Hub/Editor/6000.5.10f1/Editor/Data/Tools/BuildPipeline/bee_backend --ipc --defer-dag-verification --dagfile="Library/Bee/2400b0aE.dag" --continue-on-failure --profile="Library/Bee/backend1.traceevents" ScriptAssemblies
WorkingDir: /home/asif/Projects/vrGame/vrgame
info: Microsoft.AspNetCore.Hosting.Diagnostics[1]
      Request starting HTTP/2 POST http://ilpp/UnityILPP.PostProcessing/ConfigurePostProcessors - application/grpc -
info: Microsoft.AspNetCore.Routing.EndpointMiddleware[0]
      Executing endpoint 'gRPC - /UnityILPP.PostProcessing/ConfigurePostProcessors'
warn: Unity.ILPP.Runner.PostProcessingAssemblyLoadContext[0]
      Assembly system.runtime.interopservices.windowsruntime has duplicate hint path. Ignoring "/home/asif/Unity/Hub/Editor/6000.5.10f1/Editor/Data/UnityReferenceAssemblies/unity-4.8-api/Facades/System.Runtime.InteropServices.WindowsRuntime.dll" in favor of "/home/asif/Unity/Hub/Editor/6000.5.10f1/Editor/Data/NetStandard/Extensions/2.0.0/System.Runtime.InteropServices.WindowsRuntime.dll"
warn: Unity.ILPP.Runner.PostProcessingAssemblyLoadContext[0]
      Assembly system.componentmodel.composition has duplicate hint path. Ignoring "/home/asif/Unity/Hub/Editor/6000.5.10f1/Editor/Data/UnityReferenceAssemblies/unity-4.8-api/System.ComponentModel.Composition.dll" in favor of "/home/asif/Unity/Hub/Editor/6000.5.10f1/Editor/Data/NetStandard/compat/2.1.0/shims/netfx/System.ComponentModel.Composition.dll"
info: Unity.ILPP.Runner.PostProcessingAssemblyLoadContext[0]
      Resolved Unity.Burst.Cecil, Version=0.11.6.0, Culture=neutral, PublicKeyToken=50cebf1cceb9d05e with Library/PackageCache/com.unity.burst@2f3d916873ea/Unity.Burst.CodeGen/Unity.Burst.Cecil.dll
info: Unity.ILPP.Runner.PostProcessingAssemblyLoadContext[0]
      Resolved Mono.Cecil, Version=0.11.5.0, Culture=neutral, PublicKeyToken=50cebf1cceb9d05e with Library/PackageCache/com.unity.nuget.mono-cecil@ecb9724e46ff/Mono.Cecil.dll
info: Microsoft.AspNetCore.Routing.EndpointMiddleware[1]
      Executed endpoint 'gRPC - /UnityILPP.PostProcessing/ConfigurePostProcessors'
info: Microsoft.AspNetCore.Hosting.Diagnostics[2]
      Request finished HTTP/2 POST http://ilpp/UnityILPP.PostProcessing/ConfigurePostProcessors - 200 - application/grpc 28.7730ms
ExitCode: 4 Duration: 2s121ms
[1008/1356  0s] ILPP-Configuration Library/ilpp-configuration.nevergeneratedoutput
Rebuilding DAG because FileSignature timestamp changed: Library/Bee/2400b0aE-inputdata.json
*** Tundra requires additional run (2.09 seconds), 2 items updated, 1347 evaluated
Starting: /home/asif/Unity/Hub/Editor/6000.5.10f1/Editor/Data/netcorerun/netcorerun "/home/asif/Unity/Hub/Editor/6000.5.10f1/Editor/Data/Tools/BuildPipeline/ScriptCompilationBuildProgram.exe" "Library/Bee/2400b0aE.dag.json" "Library/Bee/2400b0aE-inputdata.json" "Library/Bee/buildprogram0.traceevents"
WorkingDir: /home/asif/Projects/vrGame/vrgame
ExitCode: 0 Duration: 1s802ms
Starting: /home/asif/Unity/Hub/Editor/6000.5.10f1/Editor/Data/Tools/BuildPipeline/bee_backend --ipc --defer-dag-verification --dagfile="Library/Bee/2400b0aE.dag" --continue-on-failure --dagfilejson="Library/Bee/2400b0aE.dag.json" --profile="Library/Bee/backend2.traceevents" ScriptAssemblies
WorkingDir: /home/asif/Projects/vrGame/vrgame
info: Microsoft.AspNetCore.Hosting.Diagnostics[1]
      Request starting HTTP/2 POST http://ilpp/UnityILPP.PostProcessing/ConfigurePostProcessors - application/grpc -
info: Microsoft.AspNetCore.Routing.EndpointMiddleware[0]
      Executing endpoint 'gRPC - /UnityILPP.PostProcessing/ConfigurePostProcessors'
info: Unity.ILPP.Runner.PostProcessingAssemblyLoadContext[0]
      Current configuration matches the requested one, skipping
info: Microsoft.AspNetCore.Routing.EndpointMiddleware[1]
      Executed endpoint 'gRPC - /UnityILPP.PostProcessing/ConfigurePostProcessors'
info: Microsoft.AspNetCore.Hosting.Diagnostics[2]
      Request finished HTTP/2 POST http://ilpp/UnityILPP.PostProcessing/ConfigurePostProcessors - 200 - application/grpc 1.2020ms
info: Microsoft.AspNetCore.Hosting.Diagnostics[1]
      Request starting HTTP/2 POST http://ilpp/UnityILPP.PostProcessing/PostProcessAssembly - application/grpc -
info: Microsoft.AspNetCore.Routing.EndpointMiddleware[0]
      Executing endpoint 'gRPC - /UnityILPP.PostProcessing/PostProcessAssembly'
info: Unity.ILPP.Runner.PostProcessingPipeline[0]
      Processing assembly Library/Bee/artifacts/2400b0aE.dag/Assembly-CSharp.dll, with 136 defines and 386 references
info: Unity.ILPP.Runner.PostProcessingPipeline[0]
      processors: Unity.Jobs.CodeGen.JobsILPostProcessor, zzzUnity.Burst.CodeGen.BurstILPostProcessor
info: Unity.ILPP.Runner.PostProcessingPipeline[0]
      running Unity.Jobs.CodeGen.JobsILPostProcessor
info: Unity.ILPP.Runner.PostProcessingAssemblyLoadContext[0]
      Resolved Unity.Collections, Version=0.0.0.0, Culture=neutral, PublicKeyToken=null with Library/Bee/artifacts/2400b0aE.dag/Unity.Collections.dll
info: Unity.ILPP.Runner.PostProcessingAssemblyLoadContext[0]
      Resolved UnityEditor.CoreModule, Version=0.0.0.0, Culture=neutral, PublicKeyToken=null with /home/asif/Unity/Hub/Editor/6000.5.10f1/Editor/Data/Managed/UnityEngine/UnityEditor.CoreModule.dll
info: Unity.ILPP.Runner.PostProcessingAssemblyLoadContext[0]
      Resolved UnityEngine.CoreModule, Version=0.0.0.0, Culture=neutral, PublicKeyToken=null with /home/asif/Unity/Hub/Editor/6000.5.10f1/Editor/Data/Managed/UnityEngine/UnityEngine.CoreModule.dll
info: Unity.ILPP.Runner.PostProcessingAssemblyLoadContext[0]
      Resolved Unity.Scripting, Version=0.0.0.0, Culture=neutral, PublicKeyToken=null with /home/asif/Unity/Hub/Editor/6000.5.10f1/Editor/Data/Managed/UnityEngine/Unity.Scripting.dll
info: Microsoft.AspNetCore.Hosting.Diagnostics[1]
      Request starting HTTP/2 POST http://ilpp/UnityILPP.PostProcessing/PostProcessAssembly - application/grpc -
info: Microsoft.AspNetCore.Routing.EndpointMiddleware[0]
      Executing endpoint 'gRPC - /UnityILPP.PostProcessing/PostProcessAssembly'
info: Unity.ILPP.Runner.PostProcessingPipeline[0]
      Processing assembly Library/Bee/artifacts/2400b0aE.dag/Assembly-CSharp-Editor.dll, with 134 defines and 401 references
info: Unity.ILPP.Runner.PostProcessingPipeline[0]
      processors: Unity.Jobs.CodeGen.JobsILPostProcessor, zzzUnity.Burst.CodeGen.BurstILPostProcessor
info: Unity.ILPP.Runner.PostProcessingPipeline[0]
      running Unity.Jobs.CodeGen.JobsILPostProcessor
info: Unity.ILPP.Runner.PostProcessingPipeline[0]
      running zzzUnity.Burst.CodeGen.BurstILPostProcessor
info: Unity.ILPP.Runner.PostProcessingPipeline[0]
      running zzzUnity.Burst.CodeGen.BurstILPostProcessor
info: Unity.ILPP.Runner.PostProcessingAssemblyLoadContext[0]
      Resolved Unity.Burst.Cecil.Rocks, Version=0.11.6.0, Culture=neutral, PublicKeyToken=50cebf1cceb9d05e with Library/PackageCache/com.unity.burst@2f3d916873ea/Unity.Burst.CodeGen/Unity.Burst.Cecil.Rocks.dll
info: Microsoft.AspNetCore.Routing.EndpointMiddleware[1]
      Executed endpoint 'gRPC - /UnityILPP.PostProcessing/PostProcessAssembly'
info: Microsoft.AspNetCore.Routing.EndpointMiddleware[1]
      Executed endpoint 'gRPC - /UnityILPP.PostProcessing/PostProcessAssembly'
info: Microsoft.AspNetCore.Hosting.Diagnostics[2]
      Request finished HTTP/2 POST http://ilpp/UnityILPP.PostProcessing/PostProcessAssembly - 200 - application/grpc 436.2254ms
info: Microsoft.AspNetCore.Hosting.Diagnostics[2]
      Request finished HTTP/2 POST http://ilpp/UnityILPP.PostProcessing/PostProcessAssembly - 200 - application/grpc 183.4371ms
ExitCode: 0 Duration: 1s169ms
Finished compiling graph: 1359 nodes, 33056 flattened edges (25784 ToBuild, 242 ToUse), maximum node priority 2124
[ 653/1356  0s] WriteText Library/Bee/artifacts/2400b0aE.dag/Assembly-CSharp.rsp
[ 946/1356  0s] ILPP-Configuration Library/ilpp-configuration.nevergeneratedoutput
[1348/1356  0s] Csc Library/Bee/artifacts/2400b0aE.dag/Assembly-CSharp.dll (+2 others)
Assets/Scripts/Player/PlayerController.cs(14,13): warning CS0618: 'XRBaseController' is obsolete: 'XRBaseController has been deprecated in version 3.0.0. Its functionality has been distributed into different components.'
Assets/Scripts/Core/ConveyorBelt.cs(28,58): warning CS0618: 'FindObjectsSortMode' is obsolete: 'FindObjectsSortMode has been deprecated. Use the FindObjectsByType overloads that do not take a FindObjectsSortMode parameter.'
Assets/Scripts/Core/ConveyorBelt.cs(28,32): warning CS0618: 'Object.FindObjectsByType<T>(FindObjectsSortMode)' is obsolete: 'FindObjectsByType with FindObjectsSortMode parameter has been deprecated. Use FindObjectsByType<T>() or FindObjectsByType<T>(FindObjectsInactive) instead. InstanceID will be replaced in the future with EntityId and previous sort order cannot be maintained.'
Assets/Scripts/Enemies/ZombieSpawner.cs(16,51): warning CS0618: 'FindObjectsSortMode' is obsolete: 'FindObjectsSortMode has been deprecated. Use the FindObjectsByType overloads that do not take a FindObjectsSortMode parameter.'
Assets/Scripts/Enemies/ZombieSpawner.cs(16,22): warning CS0618: 'Object.FindObjectsByType<T>(FindObjectsSortMode)' is obsolete: 'FindObjectsByType with FindObjectsSortMode parameter has been deprecated. Use FindObjectsByType<T>() or FindObjectsByType<T>(FindObjectsInactive) instead. InstanceID will be replaced in the future with EntityId and previous sort order cannot be maintained.'
Assets/Scripts/Combat/GunController.cs(50,34): warning CS0618: 'Object.FindFirstObjectByType<T>()' is obsolete: 'FindFirstObjectByType has been deprecated because it relies on instance ID ordering. Use FindAnyObjectByType instead, which does not depend on ordering.'
Assets/Scripts/Core/ConveyorBelt.cs(43,23): warning CS0618: 'Object.FindFirstObjectByType<T>()' is obsolete: 'FindFirstObjectByType has been deprecated because it relies on instance ID ordering. Use FindAnyObjectByType instead, which does not depend on ordering.'
Assets/Scripts/Player/PlayerController.cs(20,47): warning CS0618: 'XRBaseController' is obsolete: 'XRBaseController has been deprecated in version 3.0.0. Its functionality has been distributed into different components.'
Assets/Scripts/Core/HallwaySceneBuilder.cs(208,55): warning CS0618: 'FindObjectsSortMode' is obsolete: 'FindObjectsSortMode has been deprecated. Use the FindObjectsByType overloads that do not take a FindObjectsSortMode parameter.'
Assets/Scripts/Core/HallwaySceneBuilder.cs(208,29): warning CS0618: 'Object.FindObjectsByType<T>(FindObjectsSortMode)' is obsolete: 'FindObjectsByType with FindObjectsSortMode parameter has been deprecated. Use FindObjectsByType<T>() or FindObjectsByType<T>(FindObjectsInactive) instead. InstanceID will be replaced in the future with EntityId and previous sort order cannot be maintained.'
Assets/Scripts/Core/HallwaySceneBuilder.cs(228,59): warning CS0618: 'FindObjectsSortMode' is obsolete: 'FindObjectsSortMode has been deprecated. Use the FindObjectsByType overloads that do not take a FindObjectsSortMode parameter.'
Assets/Scripts/Core/HallwaySceneBuilder.cs(228,34): warning CS0618: 'Object.FindObjectsByType<T>(FindObjectsSortMode)' is obsolete: 'FindObjectsByType with FindObjectsSortMode parameter has been deprecated. Use FindObjectsByType<T>() or FindObjectsByType<T>(FindObjectsInactive) instead. InstanceID will be replaced in the future with EntityId and previous sort order cannot be maintained.'
[1349/1356  0s] Csc Library/Bee/artifacts/2400b0aE.dag/Assembly-CSharp-Editor.dll (+2 others)
[1350/1356  0s] ILPostProcess Library/Bee/artifacts/2400b0aE.dag/post-processed/Assembly-CSharp-Editor.dll (+pdb)
Processing assembly Library/Bee/artifacts/2400b0aE.dag/Assembly-CSharp-Editor.dll, with 134 defines and 401 references
processors: Unity.Jobs.CodeGen.JobsILPostProcessor, zzzUnity.Burst.CodeGen.BurstILPostProcessor
running Unity.Jobs.CodeGen.JobsILPostProcessor
running zzzUnity.Burst.CodeGen.BurstILPostProcessor
[1351/1356  0s] ILPostProcess Library/Bee/artifacts/2400b0aE.dag/post-processed/Assembly-CSharp.dll (+pdb)
Processing assembly Library/Bee/artifacts/2400b0aE.dag/Assembly-CSharp.dll, with 136 defines and 386 references
processors: Unity.Jobs.CodeGen.JobsILPostProcessor, zzzUnity.Burst.CodeGen.BurstILPostProcessor
running Unity.Jobs.CodeGen.JobsILPostProcessor
running zzzUnity.Burst.CodeGen.BurstILPostProcessor
[1352/1356  0s] CopyFiles Library/ScriptAssemblies/Assembly-CSharp-Editor.pdb
[1353/1356  0s] CopyFiles Library/ScriptAssemblies/Assembly-CSharp.dll
[1354/1356  0s] CopyFiles Library/ScriptAssemblies/Assembly-CSharp-Editor.dll
[1355/1356  0s] CopyFiles Library/ScriptAssemblies/Assembly-CSharp.pdb
*** Tundra build success (1.15 seconds), 10 items updated, 1356 evaluated
Assets/Scripts/Player/PlayerController.cs(14,13): warning CS0618: 'XRBaseController' is obsolete: 'XRBaseController has been deprecated in version 3.0.0. Its functionality has been distributed into different components.'
Assets/Scripts/Core/ConveyorBelt.cs(28,58): warning CS0618: 'FindObjectsSortMode' is obsolete: 'FindObjectsSortMode has been deprecated. Use the FindObjectsByType overloads that do not take a FindObjectsSortMode parameter.'
Assets/Scripts/Core/ConveyorBelt.cs(28,32): warning CS0618: 'Object.FindObjectsByType<T>(FindObjectsSortMode)' is obsolete: 'FindObjectsByType with FindObjectsSortMode parameter has been deprecated. Use FindObjectsByType<T>() or FindObjectsByType<T>(FindObjectsInactive) instead. InstanceID will be replaced in the future with EntityId and previous sort order cannot be maintained.'
Assets/Scripts/Enemies/ZombieSpawner.cs(16,51): warning CS0618: 'FindObjectsSortMode' is obsolete: 'FindObjectsSortMode has been deprecated. Use the FindObjectsByType overloads that do not take a FindObjectsSortMode parameter.'
Assets/Scripts/Enemies/ZombieSpawner.cs(16,22): warning CS0618: 'Object.FindObjectsByType<T>(FindObjectsSortMode)' is obsolete: 'FindObjectsByType with FindObjectsSortMode parameter has been deprecated. Use FindObjectsByType<T>() or FindObjectsByType<T>(FindObjectsInactive) instead. InstanceID will be replaced in the future with EntityId and previous sort order cannot be maintained.'
Assets/Scripts/Combat/GunController.cs(50,34): warning CS0618: 'Object.FindFirstObjectByType<T>()' is obsolete: 'FindFirstObjectByType has been deprecated because it relies on instance ID ordering. Use FindAnyObjectByType instead, which does not depend on ordering.'
Assets/Scripts/Core/ConveyorBelt.cs(43,23): warning CS0618: 'Object.FindFirstObjectByType<T>()' is obsolete: 'FindFirstObjectByType has been deprecated because it relies on instance ID ordering. Use FindAnyObjectByType instead, which does not depend on ordering.'
Assets/Scripts/Player/PlayerController.cs(20,47): warning CS0618: 'XRBaseController' is obsolete: 'XRBaseController has been deprecated in version 3.0.0. Its functionality has been distributed into different components.'
Assets/Scripts/Core/HallwaySceneBuilder.cs(208,55): warning CS0618: 'FindObjectsSortMode' is obsolete: 'FindObjectsSortMode has been deprecated. Use the FindObjectsByType overloads that do not take a FindObjectsSortMode parameter.'
Assets/Scripts/Core/HallwaySceneBuilder.cs(208,29): warning CS0618: 'Object.FindObjectsByType<T>(FindObjectsSortMode)' is obsolete: 'FindObjectsByType with FindObjectsSortMode parameter has been deprecated. Use FindObjectsByType<T>() or FindObjectsByType<T>(FindObjectsInactive) instead. InstanceID will be replaced in the future with EntityId and previous sort order cannot be maintained.'
Assets/Scripts/Core/HallwaySceneBuilder.cs(228,59): warning CS0618: 'FindObjectsSortMode' is obsolete: 'FindObjectsSortMode has been deprecated. Use the FindObjectsByType overloads that do not take a FindObjectsSortMode parameter.'
Assets/Scripts/Core/HallwaySceneBuilder.cs(228,34): warning CS0618: 'Object.FindObjectsByType<T>(FindObjectsSortMode)' is obsolete: 'FindObjectsByType with FindObjectsSortMode parameter has been deprecated. Use FindObjectsByType<T>() or FindObjectsByType<T>(FindObjectsInactive) instead. InstanceID will be replaced in the future with EntityId and previous sort order cannot be maintained.'
Assets/Scripts/Core/ConveyorBelt.cs(28,32): warning CS0618: 'Object.FindObjectsByType<T>(FindObjectsSortMode)' is obsolete: 'FindObjectsByType with FindObjectsSortMode parameter has been deprecated. Use FindObjectsByType<T>() or FindObjectsByType<T>(FindObjectsInactive) instead. InstanceID will be replaced in the future with EntityId and previous sort order cannot be maintained.'
Assets/Scripts/Enemies/ZombieSpawner.cs(16,51): warning CS0618: 'FindObjectsSortMode' is obsolete: 'FindObjectsSortMode has been deprecated. Use the FindObjectsByType overloads that do not take a FindObjectsSortMode parameter.'
Assets/Scripts/Enemies/ZombieSpawner.cs(16,22): warning CS0618: 'Object.FindObjectsByType<T>(FindObjectsSortMode)' is obsolete: 'FindObjectsByType with FindObjectsSortMode parameter has been deprecated. Use FindObjectsByType<T>() or FindObjectsByType<T>(FindObjectsInactive) instead. InstanceID will be replaced in the future with EntityId and previous sort order cannot be maintained.'
Assets/Scripts/Combat/GunController.cs(50,34): warning CS0618: 'Object.FindFirstObjectByType<T>()' is obsolete: 'FindFirstObjectByType has been deprecated because it relies on instance ID ordering. Use FindAnyObjectByType instead, which does not depend on ordering.'
Assets/Scripts/Core/ConveyorBelt.cs(43,23): warning CS0618: 'Object.FindFirstObjectByType<T>()' is obsolete: 'FindFirstObjectByType has been deprecated because it relies on instance ID ordering. Use FindAnyObjectByType instead, which does not depend on ordering.'
Assets/Scripts/Player/PlayerController.cs(20,47): warning CS0618: 'XRBaseController' is obsolete: 'XRBaseController has been deprecated in version 3.0.0. Its functionality has been distributed into different components.'
Assets/Scripts/Core/HallwaySceneBuilder.cs(208,55): warning CS0618: 'FindObjectsSortMode' is obsolete: 'FindObjectsSortMode has been deprecated. Use the FindObjectsByType overloads that do not take a FindObjectsSortMode parameter.'
Assets/Scripts/Core/HallwaySceneBuilder.cs(208,29): warning CS0618: 'Object.FindObjectsByType<T>(FindObjectsSortMode)' is obsolete: 'FindObjectsByType with FindObjectsSortMode parameter has been deprecated. Use FindObjectsByType<T>() or FindObjectsByType<T>(FindObjectsInactive) instead. InstanceID will be replaced in the future with EntityId and previous sort order cannot be maintained.'
Assets/Scripts/Core/HallwaySceneBuilder.cs(228,59): warning CS0618: 'FindObjectsSortMode' is obsolete: 'FindObjectsSortMode has been deprecated. Use the FindObjectsByType overloads that do not take a FindObjectsSortMode parameter.'
Assets/Scripts/Core/HallwaySceneBuilder.cs(228,34): warning CS0618: 'Object.FindObjectsByType<T>(FindObjectsSortMode)' is obsolete: 'FindObjectsByType with FindObjectsSortMode parameter has been deprecated. Use FindObjectsByType<T>() or FindObjectsByType<T>(FindObjectsInactive) instead. InstanceID will be replaced in the future with EntityId and previous sort order cannot be maintained.'
AssetDatabase: script compilation time: 5.680392s
Total cache size 67411408
Total cache size after purge 67411408, took 00:00:00.0867550
Begin MonoManager ReloadAssembly
Native extension for LinuxStandalone target not found
Native extension for Android target not found
ScheduleIndexationOnStartup MainProcess:True IndexOnStartup:True
Mono: successfully reloaded assembly
- Finished resetting the current domain, in  3.243 seconds
Domain Reload Profiling: 4133ms
	BeginReloadAssembly (275ms)
		DisableScriptedObjects (24ms)
		CreateAndSetChildDomain (75ms)
	RebuildCommonClasses (10ms)
	RebuildNativeTypeToScriptingClass (16ms)
	initialDomainReloadingComplete (40ms)
	LoadAllAssembliesAndSetupDomain (548ms)
		LoadAssemblies (338ms)
		AnalyzeDomain (203ms)
			TypeCache.Refresh (140ms)
				TypeCache.ScanAssembly (125ms)
			BuildScriptInfoCaches (54ms)
			ResolveRequiredComponents (6ms)
	FinalizeReload (3244ms)
		SetupLoadedEditorAssemblies (0ms)
			InitializePlatformSupportModulesInManaged (28ms)
			BeforeProcessingInitializeOnLoad (107ms)
			ProcessInitializeOnLoadAttributes (2519ms)
			ProcessInitializeOnLoadMethodAttributes (118ms)
			AfterProcessingInitializeOnLoad (3ms)
		AwakeInstancesAfterBackupRestoration (16ms)
Starting new worker id: 0 with log in /home/asif/Projects/vrGame/vrgame/Logs/AssetImportWorkerHW0.log
[UnityConnectServicesConfig] Local config successfully read: "/usr/share/unity3d/config/services-config.json"
[UnityConnectServicesConfig] Service configuration:
    "servicesConfigBaseUrl": "",
    "disableServicesWindow": false,
    "disableUserLogin": false,
    "entitlementCacheTimeoutInSeconds": 60,
    "clientConnectTimeoutSec": 60,
    "clientHandshakeTimeoutSec": 30,
    "clientResolveEntitlementsTimeoutSec": 30,
    "clientUpdateLicenseTimeoutSec": 30,
    "licensingServiceBaseUrl": "",
    "enableProxyAutoconfig": "false"


Asset Pipeline Refresh (id=d0a902a306d5855ffa213599f310f1b0): Total: 11.254 seconds - Initiated by InitialRefreshV2(ForceSynchronousImport)
	(Values over 0.05ms)
	Summary:
		Imports: total=0 (actual=0, local cache=0, cache server=0)
		Asset DB Process Time: managed=0 ms, native=4523 ms
		Asset DB Callback time: managed=52 ms, native=11 ms
		Scripting: domain reloads=1, domain reload time=924 ms, compile time=5688 ms, other=53 ms
		Project Asset Count: scripts=1829, non-scripts=2725
		Asset File Changes: new=0, changed=0, moved=0, deleted=0
		Scan Filter Count: 1
	InvokePackagesCallback: 11.826ms
	ApplyChangesToAssetFolders: 0.525ms
	Scan: 645.243ms
	Collect global state as custom dependencies: 134.112ms
	CategorizeScriptCompilationAssets: 50.101ms
	ProcessAssetsWithTransientArtifactChanges: 61.881ms
	CategorizeAssets: 106.838ms
	CompileScripts: 5688.210ms
	ImportOutOfDateAssets: 3384.330ms (3280.582ms without children)
		ReloadNativeAssets: 0.056ms
		UnloadImportedAssets: 0.992ms
		EnsureUptoDateAssetsAreRegisteredWithGuidPM: 0.929ms
		ImportSchedulerStart: 101.771ms
	PostProcessAllAssets: 52.775ms
		MonoPostProcessAllAssets: 52.619ms
			UniversalRenderPipelineGlobalSettingsPostprocessor.OnPostprocessAllAssets 16.130ms
			SpeedTree9Postprocessor.OnPostprocessAllAssets 5.538ms
			WindowAssetPostprocessingWatcher.OnPostprocessAllAssets 4.430ms
			RenderPipelineGlobalSettingsPostprocessor.OnPostprocessAllAssets 4.373ms
			EditModeScopePostprocessor.OnPostprocessAllAssets 1.871ms
			ReferencedClipsPostProcessor.OnPostprocessAllAssets 0.575ms
			InputActionAssetPostprocessor.OnPostprocessAllAssets 0.420ms
			ProjectSettingsPostprocessor.OnPostprocessAllAssets 0.370ms
			ShaderReflectionAssetPostProcessor.OnPostprocessAllAssets 0.360ms
			TerrainToolbarOverlayPostProcessor.OnPostprocessAllAssets 0.309ms
			AssetDatabaseCallbacks.OnPostprocessAllAssets 0.282ms
			SyncVS.PostprocessSyncProject 0.124ms
	UnloadStreamsBegin: 2.327ms
	PersistCurrentRevisions: 0.174ms
	GenerateScriptTypeHashes: 22.475ms
	GenerateScriptTypeSerializationHashes: 45.067ms
	Untracked: 1113.732ms

Application.AssetDatabase Initial Refresh End
Shader Hidden/ChartRasterizerHardware is not supported: GPU does not support conservative rasterization
Launched and connected shader compiler UnityShaderCompiler after 0.06 seconds
Shader Hidden/ChartRasterizerHardware is not supported: GPU does not support conservative rasterization
Scanning for USB devices : 1.648ms
Initializing Unity extensions:
UpdateMenuTitleForLanguage: 10
[MODES] ModeService[none].Initialize
[MODES] ModeService[none].LoadModes
[MODES] Loading mode Default (0) for mode-current-id-vrgame
Worker ready: AssetImportWorkerHW0 0
Unloading 34 Unused Serialized files (Serialized files now loaded: 0)
Loaded scene 'Assets/Scenes/HallwayScene.unity'
	Deserialize:            7.265 ms
	Integration:            161.396 ms
	Integration of assets:  0.040 ms
	Thread Wait Time:       0.006 ms
	Total Operation Time:   168.706 ms
Unloading 6322 unused Assets / (10.9 MB). Loaded Objects now: 7482.
Memory consumption went from 236.3 MB to 225.4 MB.
Total: 26.518282 ms (FindLiveObjects: 0.765562 ms CreateObjectMapping: 0.943140 ms MarkObjects: 17.511168 ms  DeleteObjects: 7.296183 ms)

[LAYOUT] About to load UserSettings/Layouts/default-6000.dwlt, keepMainWindow=False
GLX Extensions: GLX_ARB_context_flush_control GLX_ARB_create_context GLX_ARB_create_context_no_error GLX_ARB_create_context_profile GLX_ARB_create_context_robustness GLX_ARB_fbconfig_float GLX_ARB_framebuffer_sRGB GLX_ARB_get_proc_address GLX_ARB_multisample GLX_EXT_buffer_age GLX_EXT_create_context_es2_profile GLX_EXT_create_context_es_profile GLX_EXT_fbconfig_packed_float GLX_EXT_framebuffer_sRGB GLX_EXT_no_config_context GLX_EXT_swap_control GLX_EXT_swap_control_tear GLX_EXT_texture_from_pixmap GLX_EXT_visual_info GLX_EXT_visual_rating GLX_MESA_copy_sub_buffer GLX_MESA_gl_interop GLX_MESA_query_renderer GLX_MESA_swap_control GLX_OML_sync_control GLX_SGIS_multisample GLX_SGIX_fbconfig GLX_SGIX_pbuffer GLX_SGIX_visual_select_group GLX_SGI_make_current_read GLX_SGI_video_sync 
GLX Extensions: GLX_ARB_context_flush_control GLX_ARB_create_context GLX_ARB_create_context_no_error GLX_ARB_create_context_profile GLX_ARB_create_context_robustness GLX_ARB_fbconfig_float GLX_ARB_framebuffer_sRGB GLX_ARB_get_proc_address GLX_ARB_multisample GLX_EXT_buffer_age GLX_EXT_create_context_es2_profile GLX_EXT_create_context_es_profile GLX_EXT_fbconfig_packed_float GLX_EXT_framebuffer_sRGB GLX_EXT_no_config_context GLX_EXT_swap_control GLX_EXT_swap_control_tear GLX_EXT_texture_from_pixmap GLX_EXT_visual_info GLX_EXT_visual_rating GLX_MESA_copy_sub_buffer GLX_MESA_gl_interop GLX_MESA_query_renderer GLX_MESA_swap_control GLX_OML_sync_control GLX_SGIS_multisample GLX_SGIX_fbconfig GLX_SGIX_pbuffer GLX_SGIX_visual_select_group GLX_SGI_make_current_read GLX_SGI_video_sync 
GLX Extensions: GLX_ARB_context_flush_control GLX_ARB_create_context GLX_ARB_create_context_no_error GLX_ARB_create_context_profile GLX_ARB_create_context_robustness GLX_ARB_fbconfig_float GLX_ARB_framebuffer_sRGB GLX_ARB_get_proc_address GLX_ARB_multisample GLX_EXT_buffer_age GLX_EXT_create_context_es2_profile GLX_EXT_create_context_es_profile GLX_EXT_fbconfig_packed_float GLX_EXT_framebuffer_sRGB GLX_EXT_no_config_context GLX_EXT_swap_control GLX_EXT_swap_control_tear GLX_EXT_texture_from_pixmap GLX_EXT_visual_info GLX_EXT_visual_rating GLX_MESA_copy_sub_buffer GLX_MESA_gl_interop GLX_MESA_query_renderer GLX_MESA_swap_control GLX_OML_sync_control GLX_SGIS_multisample GLX_SGIX_fbconfig GLX_SGIX_pbuffer GLX_SGIX_visual_select_group GLX_SGI_make_current_read GLX_SGI_video_sync 
GLX Extensions: GLX_ARB_context_flush_control GLX_ARB_create_context GLX_ARB_create_context_no_error GLX_ARB_create_context_profile GLX_ARB_create_context_robustness GLX_ARB_fbconfig_float GLX_ARB_framebuffer_sRGB GLX_ARB_get_proc_address GLX_ARB_multisample GLX_EXT_buffer_age GLX_EXT_create_context_es2_profile GLX_EXT_create_context_es_profile GLX_EXT_fbconfig_packed_float GLX_EXT_framebuffer_sRGB GLX_EXT_no_config_context GLX_EXT_swap_control GLX_EXT_swap_control_tear GLX_EXT_texture_from_pixmap GLX_EXT_visual_info GLX_EXT_visual_rating GLX_MESA_copy_sub_buffer GLX_MESA_gl_interop GLX_MESA_query_renderer GLX_MESA_swap_control GLX_OML_sync_control GLX_SGIS_multisample GLX_SGIX_fbconfig GLX_SGIX_pbuffer GLX_SGIX_visual_select_group GLX_SGI_make_current_read GLX_SGI_video_sync 
GLX Extensions: GLX_ARB_context_flush_control GLX_ARB_create_context GLX_ARB_create_context_no_error GLX_ARB_create_context_profile GLX_ARB_create_context_robustness GLX_ARB_fbconfig_float GLX_ARB_framebuffer_sRGB GLX_ARB_get_proc_address GLX_ARB_multisample GLX_EXT_buffer_age GLX_EXT_create_context_es2_profile GLX_EXT_create_context_es_profile GLX_EXT_fbconfig_packed_float GLX_EXT_framebuffer_sRGB GLX_EXT_no_config_context GLX_EXT_swap_control GLX_EXT_swap_control_tear GLX_EXT_texture_from_pixmap GLX_EXT_visual_info GLX_EXT_visual_rating GLX_MESA_copy_sub_buffer GLX_MESA_gl_interop GLX_MESA_query_renderer GLX_MESA_swap_control GLX_OML_sync_control GLX_SGIS_multisample GLX_SGIX_fbconfig GLX_SGIX_pbuffer GLX_SGIX_visual_select_group GLX_SGI_make_current_read GLX_SGI_video_sync 
GLX Extensions: GLX_ARB_context_flush_control GLX_ARB_create_context GLX_ARB_create_context_no_error GLX_ARB_create_context_profile GLX_ARB_create_context_robustness GLX_ARB_fbconfig_float GLX_ARB_framebuffer_sRGB GLX_ARB_get_proc_address GLX_ARB_multisample GLX_EXT_buffer_age GLX_EXT_create_context_es2_profile GLX_EXT_create_context_es_profile GLX_EXT_fbconfig_packed_float GLX_EXT_framebuffer_sRGB GLX_EXT_no_config_context GLX_EXT_swap_control GLX_EXT_swap_control_tear GLX_EXT_texture_from_pixmap GLX_EXT_visual_info GLX_EXT_visual_rating GLX_MESA_copy_sub_buffer GLX_MESA_gl_interop GLX_MESA_query_renderer GLX_MESA_swap_control GLX_OML_sync_control GLX_SGIS_multisample GLX_SGIX_fbconfig GLX_SGIX_pbuffer GLX_SGIX_visual_select_group GLX_SGI_make_current_read GLX_SGI_video_sync 
GLX Extensions: GLX_ARB_context_flush_control GLX_ARB_create_context GLX_ARB_create_context_no_error GLX_ARB_create_context_profile GLX_ARB_create_context_robustness GLX_ARB_fbconfig_float GLX_ARB_framebuffer_sRGB GLX_ARB_get_proc_address GLX_ARB_multisample GLX_EXT_buffer_age GLX_EXT_create_context_es2_profile GLX_EXT_create_context_es_profile GLX_EXT_fbconfig_packed_float GLX_EXT_framebuffer_sRGB GLX_EXT_no_config_context GLX_EXT_swap_control GLX_EXT_swap_control_tear GLX_EXT_texture_from_pixmap GLX_EXT_visual_info GLX_EXT_visual_rating GLX_MESA_copy_sub_buffer GLX_MESA_gl_interop GLX_MESA_query_renderer GLX_MESA_swap_control GLX_OML_sync_control GLX_SGIS_multisample GLX_SGIX_fbconfig GLX_SGIX_pbuffer GLX_SGIX_visual_select_group GLX_SGI_make_current_read GLX_SGI_video_sync 
[LAYOUT] About to save layout /home/asif/Projects/vrGame/vrgame/UserSettings/Layouts/default-6000.dwlt
[LAYOUT] About to save layout /home/asif/.config/unity3d/Preferences/Editor-5.x/Layouts/current/default-6000.dwlt
[MODES] ModeService[default].InitializeCurrentMode
[MODES] ModeService[default].RaiseModeChanged(default, default)
Disable old input system
[Project] Loading completed in 24.525 seconds
	Project init time: 				20.934 seconds
		Template init time: 		0.000 seconds
		Package Manager init time: 		0.286 seconds
		Asset Database init time: 		0.294 seconds
		Global illumination init time: 	0.003 seconds
		Assemblies load time: 			7.413 seconds
		Unity extensions init time: 	0.031 seconds
		Asset Database refresh time: 	11.262 seconds
	Scene opening time: 			2.739 seconds
##utp:{"type":"ProjectInfo","version":2,"phase":"Immediate","time":1788193745913,"processId":149441,"projectLoad":24.524981776,"projectInit":20.933704601,"templateInit":0.0,"packageManagerInit":0.286099602,"assetDatabaseInit":0.293884967,"globalIlluminationInit":0.003211315,"assembliesLoad":7.412639446,"unityExtensionsInit":0.031307284,"assetDatabaseRefresh":11.261926157,"sceneOpening":2.738988881}
##utp:{"type":"EditorInfo","version":2,"phase":"Immediate","time":1788193745913,"processId":149441,"editorVersion":"6000.5.10f1 (3bd4f66ad299)","branch":"6000.5/staging","buildType":"Release","platform":"Linux"}
Importing 'GUID: 3dd11dcd12272e54f8a19d8224e35f53 - Path: Assets/XR/Settings/OpenXRPackageSettings.asset' with importer (NativeFormatImporter)
Imported 'GUID: 3dd11dcd12272e54f8a19d8224e35f53' -> (Import Result ID: 'bddd1828c79737549e9979ba9cd72e74') in 0.014 seconds [static dependencies only]. Details - ImportResultOutputID=a2fce30c4ac17f62c0f27da484977667 DependenciesID=2dec8154d0eefeec372faf2a0f78ca13 StaticDependenciesID=e9e1b931c1e59c110e8bbfee07afcfcb 

Asset Pipeline Refresh (id=46935f08e0e906c36b392f565e97bfac): Total: 0.490 seconds - Initiated by RefreshV2(ForceSynchronousImport)
	(Values over 0.05ms)
	Summary:
		Imports: total=1 (actual=1, local cache=0, cache server=0)
		Asset DB Process Time: managed=1 ms, native=297 ms
		Asset DB Callback time: managed=181 ms, native=9 ms
		Scripting: domain reloads=0, domain reload time=0 ms, compile time=0 ms, other=0 ms
		Project Asset Count: scripts=1829, non-scripts=2725
		Asset File Changes: new=0, changed=1, moved=0, deleted=0
		Scan Filter Count: 1
	InvokePackagesCallback: 0.225ms
	ApplyChangesToAssetFolders: 0.250ms
	Scan: 187.948ms
	Collect global state as custom dependencies: 0.206ms
	OnSourceAssetsModified: 0.700ms
	ProcessAssetsWithTransientArtifactChanges: 0.375ms
	CategorizeAssets: 35.540ms
	ImportOutOfDateAssets: 62.873ms (12.884ms without children)
		ImportManagerImport: 15.283ms (1.022ms without children)
		UnloadImportedAssets: 0.098ms
		EnsureUptoDateAssetsAreRegisteredWithGuidPM: 0.534ms
		InitializingProgressBar: 0.597ms
		ImportSchedulerStart: 33.425ms
	PostProcessAllAssets: 188.235ms
		XRBuildSystem.XRAssetImported 6.300ms
		MonoPostProcessAllAssets: 181.397ms
			AssetPostprocessor.OnPostprocessAllAssets 138.379ms
			AssetCallbacks.OnPostprocessAllAssets 19.813ms
			BuilderAssetPostprocessor.OnPostprocessAllAssets 5.835ms
			AssetChangedListener.OnPostprocessAllAssets 5.251ms
			PostProcessor.OnPostprocessAllAssets 2.285ms
			ShaderGraphAssetPostProcessor.OnPostprocessAllAssets 2.148ms
			RetainedModeAssetPostprocessor.OnPostprocessAllAssets 1.199ms
			MaterialPostprocessor.OnPostprocessAllAssets 0.626ms
			TextAssetPostProcessor.OnPostprocessAllAssets 0.564ms
			ArtifactBrowserPostProcessor.OnPostprocessAllAssets 0.374ms
			EnvironmentAssetPostprocessor.OnPostprocessAllAssets 0.327ms
			SampleDependencyImporterPostProcessor.OnPostprocessAllAssets 0.288ms
			AudioMixerPostprocessor.OnPostprocessAllAssets 0.279ms
			TMPro_TexturePostProcessor.OnPostprocessAllAssets 0.259ms
			InputActionJsonNameModifierAssetProcessor.OnPostprocessAllAssets 0.235ms
			StyleCatalogPostProcessor.OnPostprocessAllAssets 0.214ms
			AssetEvents.OnPostprocessAllAssets 0.207ms
			SpeedTreePostProcessor.OnPostprocessAllAssets 0.161ms
			ScenarioDriftAssetsTracker.OnPostprocessAllAssets 0.136ms
			ConfigAssetsTracker.OnPostprocessAllAssets 0.128ms
			RenderPipelineGlobalSettingsPostprocessor.OnPostprocessAllAssets 0.091ms
			InputActionAssetPostprocessor.OnPostprocessAllAssets 0.086ms
			AudioContainerPostProcessor.OnPostprocessAllAssets 0.076ms
	PostAssetChangesProfiler: 1.986ms
	GatherAllCurrentPrimaryImportResultRevisions: 0.435ms
	UnloadStreamsBegin: 2.258ms
	PersistCurrentRevisions: 0.220ms
	Untracked: 8.058ms

[Licensing::Client] Successfully resolved entitlement details
Importing 'GUID: 3dd11dcd12272e54f8a19d8224e35f53 - Path: Assets/XR/Settings/OpenXRPackageSettings.asset' with importer (NativeFormatImporter)
Imported 'GUID: 3dd11dcd12272e54f8a19d8224e35f53' -> (Import Result ID: 'bddd1828c79737549e9979ba9cd72e74') in 0.002 seconds [static dependencies only]. Details - ImportResultOutputID=a2fce30c4ac17f62c0f27da484977667 DependenciesID=2dec8154d0eefeec372faf2a0f78ca13 StaticDependenciesID=e9e1b931c1e59c110e8bbfee07afcfcb 
Asset Pipeline Refresh (id=4565b8162ea7f2c80a9aee4c974a3f42): Total: 0.075 seconds - Initiated by StopAssetImportingV2(NoUpdateAssetOptions)
Importing 'GUID: 3dd11dcd12272e54f8a19d8224e35f53 - Path: Assets/XR/Settings/OpenXRPackageSettings.asset' with importer (NativeFormatImporter)
Imported 'GUID: 3dd11dcd12272e54f8a19d8224e35f53' -> (Import Result ID: '124e102bf15640c77b88c0853e2b63fc') in 0.002 seconds [static dependencies only]. Details - ImportResultOutputID=a2fce30c4ac17f62c0f27da484977667 DependenciesID=70b6fc02e979cfe63a26b0a61c722e63 StaticDependenciesID=b8d5f0d117249b820dad5460aa048331 
Refreshing native plugins compatible for Editor in 2.81 ms, found 1 plugins.
Asset Pipeline Refresh (id=349e392ced560dd428ca703dd1583a92): Total: 0.073 seconds - Initiated by StopAssetImportingV2(NoUpdateAssetOptions)
Importing 'GUID: 3dd11dcd12272e54f8a19d8224e35f53 - Path: Assets/XR/Settings/OpenXRPackageSettings.asset' with importer (NativeFormatImporter)
Imported 'GUID: 3dd11dcd12272e54f8a19d8224e35f53' -> (Import Result ID: '124e102bf15640c77b88c0853e2b63fc') in 0.003 seconds [static dependencies only]. Details - ImportResultOutputID=a2fce30c4ac17f62c0f27da484977667 DependenciesID=70b6fc02e979cfe63a26b0a61c722e63 StaticDependenciesID=b8d5f0d117249b820dad5460aa048331 
Refreshing native plugins compatible for Editor in 3.71 ms, found 1 plugins.
Asset Pipeline Refresh (id=c863a2d99a2cd105ba9e9a02197e5d5f): Total: 0.090 seconds - Initiated by StopAssetImportingV2(NoUpdateAssetOptions)
Importing 'GUID: 3dd11dcd12272e54f8a19d8224e35f53 - Path: Assets/XR/Settings/OpenXRPackageSettings.asset' with importer (NativeFormatImporter)
Imported 'GUID: 3dd11dcd12272e54f8a19d8224e35f53' -> (Import Result ID: '124e102bf15640c77b88c0853e2b63fc') in 0.001 seconds [static dependencies only]. Details - ImportResultOutputID=a2fce30c4ac17f62c0f27da484977667 DependenciesID=70b6fc02e979cfe63a26b0a61c722e63 StaticDependenciesID=b8d5f0d117249b820dad5460aa048331 
Refreshing native plugins compatible for Editor in 3.57 ms, found 1 plugins.
Asset Pipeline Refresh (id=112edc1b9483de59586bd85d146d248d): Total: 0.062 seconds - Initiated by StopAssetImportingV2(NoUpdateAssetOptions)
GLX Extensions: GLX_ARB_context_flush_control GLX_ARB_create_context GLX_ARB_create_context_no_error GLX_ARB_create_context_profile GLX_ARB_create_context_robustness GLX_ARB_fbconfig_float GLX_ARB_framebuffer_sRGB GLX_ARB_get_proc_address GLX_ARB_multisample GLX_EXT_buffer_age GLX_EXT_create_context_es2_profile GLX_EXT_create_context_es_profile GLX_EXT_fbconfig_packed_float GLX_EXT_framebuffer_sRGB GLX_EXT_no_config_context GLX_EXT_swap_control GLX_EXT_swap_control_tear GLX_EXT_texture_from_pixmap GLX_EXT_visual_info GLX_EXT_visual_rating GLX_MESA_copy_sub_buffer GLX_MESA_gl_interop GLX_MESA_query_renderer GLX_MESA_swap_control GLX_OML_sync_control GLX_SGIS_multisample GLX_SGIX_fbconfig GLX_SGIX_pbuffer GLX_SGIX_visual_select_group GLX_SGI_make_current_read GLX_SGI_video_sync 
[Licensing::Client] Successfully resolved entitlement details
[Licensing::Client] Successfully resolved entitlement details
[Licensing::Client] Successfully resolved entitlement details
[Licensing::Client] Successfully resolved entitlement details
Start Indexing on Editor startup
[Indexing] Starting Initial Indexing for Assets
Request Asset Garbage Collect because used heap size increased from 225.8 MB to 0.71 GB, exceeding the threshold of 256.0 MB.
Reloading assemblies due to reload request.
Unloading 15 Unused Serialized files (Serialized files now loaded: 0)
Reloading assemblies after forced synchronous recompile.
Begin MonoManager ReloadAssembly
Unloading 106 unused Assets / (16.1 MB). Loaded Objects now: 8612.
Memory consumption went from 0.71 GB to 0.69 GB.
Total: 31.390012 ms (FindLiveObjects: 0.438141 ms CreateObjectMapping: 0.244455 ms MarkObjects: 27.223994 ms  DeleteObjects: 3.480819 ms)

Native extension for LinuxStandalone target not found
Native extension for Android target not found
[MODES] ModeService[none].Initialize
[MODES] ModeService[none].LoadModes
ScheduleIndexationOnStartup MainProcess:True IndexOnStartup:True
Mono: successfully reloaded assembly
- Finished resetting the current domain, in  1.978 seconds
Domain Reload Profiling: 2961ms
	BeginReloadAssembly (749ms)
		DisableScriptedObjects (106ms)
		CreateAndSetChildDomain (441ms)
	RebuildCommonClasses (8ms)
	RebuildNativeTypeToScriptingClass (9ms)
	initialDomainReloadingComplete (36ms)
	LoadAllAssembliesAndSetupDomain (179ms)
		LoadAssemblies (125ms)
		AnalyzeDomain (33ms)
			TypeCache.Refresh (9ms)
			ResolveRequiredComponents (21ms)
	FinalizeReload (1979ms)
		SetupLoadedEditorAssemblies (0ms)
			InitializePlatformSupportModulesInManaged (17ms)
			BeforeProcessingInitializeOnLoad (288ms)
			ProcessInitializeOnLoadAttributes (610ms)
			ProcessInitializeOnLoadMethodAttributes (100ms)
		AwakeInstancesAfterBackupRestoration (494ms)
No restricted APIs configured; Validation skipped.
Checking 13 assemblies for restricted APIs found 0 usage(s) in 5 ms

Asset Pipeline Refresh (id=3815a42a332549617a80eea2ed0f796b): Total: 4.040 seconds - Initiated by StopAssetImportingV2(ForceSynchronousImport | ForceDomainReload)
	(Values over 0.05ms)
	Summary:
		Imports: total=0 (actual=0, local cache=0, cache server=0)
		Asset DB Process Time: managed=0 ms, native=2299 ms
		Asset DB Callback time: managed=521 ms, native=215 ms
		Scripting: domain reloads=1, domain reload time=1002 ms, compile time=1 ms, other=0 ms
		Project Asset Count: scripts=1829, non-scripts=2725
		Asset File Changes: new=0, changed=0, moved=0, deleted=0
		Scan Filter Count: 0
	InvokePackagesCallback: 0.453ms
	ApplyChangesToAssetFolders: 0.315ms
	Collect global state as custom dependencies: 2.460ms
	ProcessAssetsWithTransientArtifactChanges: 131.619ms
	CategorizeAssets: 66.450ms
	CompileScripts: 1.289ms
	ImportOutOfDateAssets: 2041.220ms (2002.781ms without children)
		CollectScriptTypesHashes: 1.970ms
		ReloadNativeAssets: 1.342ms
		UnloadImportedAssets: 2.047ms
		EnsureUptoDateAssetsAreRegisteredWithGuidPM: 0.659ms
		ImportSchedulerStart: 34.360ms
	PostProcessAllAssets: 730.776ms
		PostProcessCallbackCreateDeferredMaterials 28.862ms
		AssemblyValidation.PostprocessAllAssets 28.593ms
		PostprocessAssetsUpdateCachedIcon 23.158ms
		ShaderAssetModifiedCallback 11.939ms
		SpeedTreeImporter.PostprocessAllAssets 11.635ms
		ComputeShaderImportPostprocess 10.012ms
		RaytracingShaderImportPostprocess 9.614ms
		LocalizationDatabase.AssetDatabasePostprocessCallback 3.771ms
		BlockShaderImporter.PostprocessAllAssets 3.452ms
		XRBuildSystem.XRAssetImported 2.392ms
		MonoPostProcessAllAssets: 518.712ms
			ShaderGraphAssetPostProcessor.OnPostprocessAllAssets 125.985ms
			AssetCallbacks.OnPostprocessAllAssets 70.774ms
			AssetPostprocessor.OnPostprocessAllAssets 69.805ms
			AssetChangedListener.OnPostprocessAllAssets 35.634ms
			PostProcessor.OnPostprocessAllAssets 29.015ms
			MaterialPostprocessor.OnPostprocessAllAssets 23.069ms
			InputActionJsonNameModifierAssetProcessor.OnPostprocessAllAssets 23.060ms
			InputActionAssetPostprocessor.OnPostprocessAllAssets 22.737ms
			TextAssetPostProcessor.OnPostprocessAllAssets 14.784ms
			UniversalRenderPipelineGlobalSettingsPostprocessor.OnPostprocessAllAssets 12.564ms
			BuilderAssetPostprocessor.OnPostprocessAllAssets 9.633ms
			RenderPipelineGlobalSettingsPostprocessor.OnPostprocessAllAssets 5.354ms
			SpeedTree9Postprocessor.OnPostprocessAllAssets 3.121ms
			WindowAssetPostprocessingWatcher.OnPostprocessAllAssets 2.546ms
			RetainedModeAssetPostprocessor.OnPostprocessAllAssets 2.399ms
			TMPro_TexturePostProcessor.OnPostprocessAllAssets 1.431ms
			EditModeScopePostprocessor.OnPostprocessAllAssets 1.143ms
			StyleCatalogPostProcessor.OnPostprocessAllAssets 0.912ms
			ArtifactBrowserPostProcessor.OnPostprocessAllAssets 0.659ms
			AudioMixerPostprocessor.OnPostprocessAllAssets 0.526ms
			ReferencedClipsPostProcessor.OnPostprocessAllAssets 0.422ms
			AssetEvents.OnPostprocessAllAssets 0.387ms
			ProjectSettingsPostprocessor.OnPostprocessAllAssets 0.378ms
			ShaderReflectionAssetPostProcessor.OnPostprocessAllAssets 0.376ms
			SampleDependencyImporterPostProcessor.OnPostprocessAllAssets 0.323ms
			SpeedTreePostProcessor.OnPostprocessAllAssets 0.310ms
			EnvironmentAssetPostprocessor.OnPostprocessAllAssets 0.182ms
			AssetDatabaseCallbacks.OnPostprocessAllAssets 0.177ms
			ConfigAssetsTracker.OnPostprocessAllAssets 0.174ms
			ScenarioDriftAssetsTracker.OnPostprocessAllAssets 0.165ms
			TerrainToolbarOverlayPostProcessor.OnPostprocessAllAssets 0.150ms
			SyncVS.PostprocessSyncProject 0.102ms
			AudioContainerPostProcessor.OnPostprocessAllAssets 0.098ms
	PostAssetChangesProfiler: 5.795ms
	GatherAllCurrentPrimaryImportResultRevisions: 0.260ms
	PersistCurrentRevisions: 0.196ms
	GenerateScriptTypeHashes: 7.082ms
	GenerateScriptTypeSerializationHashes: 11.190ms
	Untracked: 1056.478ms

[UnityConnectServicesConfig] Service configuration:
    "servicesConfigBaseUrl": "",
    "disableServicesWindow": false,
    "disableUserLogin": false,
    "entitlementCacheTimeoutInSeconds": 60,
    "clientConnectTimeoutSec": 60,
    "clientHandshakeTimeoutSec": 30,
    "clientResolveEntitlementsTimeoutSec": 30,
    "clientUpdateLicenseTimeoutSec": 30,
    "licensingServiceBaseUrl": "",
    "enableProxyAutoconfig": "false"

Created GICache directory at /home/asif/.cache/unity3d/GiCache. Took: 0.003s, timestamps: [25.001 - 25.004]
Asset Pipeline Refresh (id=09bf24ee9f38db8df85943dc0f4c7ff4): Total: 0.119 seconds - Initiated by RefreshV2(ForceSynchronousImport)
Importing 'GUID: 3dd11dcd12272e54f8a19d8224e35f53 - Path: Assets/XR/Settings/OpenXRPackageSettings.asset' with importer (NativeFormatImporter)
Imported 'GUID: 3dd11dcd12272e54f8a19d8224e35f53' -> (Import Result ID: '124e102bf15640c77b88c0853e2b63fc') in 0.005 seconds [static dependencies only]. Details - ImportResultOutputID=a2fce30c4ac17f62c0f27da484977667 DependenciesID=70b6fc02e979cfe63a26b0a61c722e63 StaticDependenciesID=b8d5f0d117249b820dad5460aa048331 
Refreshing native plugins compatible for Editor in 2.89 ms, found 1 plugins.
Asset Pipeline Refresh (id=5ee1e7ecd3ea262a784e4ee0b0a14da0): Total: 0.085 seconds - Initiated by StopAssetImportingV2(NoUpdateAssetOptions)
Importing 'GUID: 3dd11dcd12272e54f8a19d8224e35f53 - Path: Assets/XR/Settings/OpenXRPackageSettings.asset' with importer (NativeFormatImporter)
Imported 'GUID: 3dd11dcd12272e54f8a19d8224e35f53' -> (Import Result ID: '124e102bf15640c77b88c0853e2b63fc') in 0.001 seconds [static dependencies only]. Details - ImportResultOutputID=a2fce30c4ac17f62c0f27da484977667 DependenciesID=70b6fc02e979cfe63a26b0a61c722e63 StaticDependenciesID=b8d5f0d117249b820dad5460aa048331 
Refreshing native plugins compatible for Editor in 3.17 ms, found 1 plugins.
Asset Pipeline Refresh (id=7a7fd497cbb30d74e87f807746491060): Total: 0.066 seconds - Initiated by StopAssetImportingV2(NoUpdateAssetOptions)
Importing 'GUID: 3dd11dcd12272e54f8a19d8224e35f53 - Path: Assets/XR/Settings/OpenXRPackageSettings.asset' with importer (NativeFormatImporter)
Imported 'GUID: 3dd11dcd12272e54f8a19d8224e35f53' -> (Import Result ID: '124e102bf15640c77b88c0853e2b63fc') in 0.001 seconds [static dependencies only]. Details - ImportResultOutputID=a2fce30c4ac17f62c0f27da484977667 DependenciesID=70b6fc02e979cfe63a26b0a61c722e63 StaticDependenciesID=b8d5f0d117249b820dad5460aa048331 
Asset Pipeline Refresh (id=505e2a9cdefe59072b0bc3d8982586fd): Total: 0.093 seconds - Initiated by StopAssetImportingV2(NoUpdateAssetOptions)
Importing 'GUID: 3dd11dcd12272e54f8a19d8224e35f53 - Path: Assets/XR/Settings/OpenXRPackageSettings.asset' with importer (NativeFormatImporter)
Imported 'GUID: 3dd11dcd12272e54f8a19d8224e35f53' -> (Import Result ID: '124e102bf15640c77b88c0853e2b63fc') in 0.002 seconds [static dependencies only]. Details - ImportResultOutputID=a2fce30c4ac17f62c0f27da484977667 DependenciesID=70b6fc02e979cfe63a26b0a61c722e63 StaticDependenciesID=b8d5f0d117249b820dad5460aa048331 
Refreshing native plugins compatible for Editor in 3.09 ms, found 1 plugins.
Asset Pipeline Refresh (id=a020fc55eadd8b121a7f1cc9418b0763): Total: 0.076 seconds - Initiated by StopAssetImportingV2(NoUpdateAssetOptions)
[Licensing::Client] Successfully resolved entitlement details
[Licensing::Client] Successfully resolved entitlement details
[Licensing::Client] Successfully resolved entitlement details
[Licensing::Client] Successfully resolved entitlement details
Asset Pipeline Refresh (id=08129e78eaa278f93bb27a45ffaad836): Total: 0.084 seconds - Initiated by RefreshV2(ForceSynchronousImport)
[Licensing::Client] Successfully resolved entitlement details
[Licensing::Client] Successfully resolved entitlement details
[Licensing::Client] Successfully resolved entitlement details
[Licensing::Client] Successfully updated the access token
[Licensing::Module] Successfully updated access token: "gAyGXlaY"... (expires: 2026-08-31T16:56:53Z)
[Licensing::Client] Successfully resolved entitlement details
UPID Received '6a8ec91a-ea38-4532-8363-f6eb6d25c856'.
[Licensing::Client] Successfully resolved entitlement details
Asset Pipeline Refresh (id=1f84cda84dd4d1e0b94c192663b06a5c): Total: 0.097 seconds - Initiated by RefreshV2(AllowForceSynchronousImport)
TrimDiskCacheJob: Current cache size 0mb
Asset Pipeline Refresh (id=01ff087530de4080186cdf6424fc82fa): Total: 0.103 seconds - Initiated by RefreshV2(AllowForceSynchronousImport)
GLX Extensions: GLX_ARB_context_flush_control GLX_ARB_create_context GLX_ARB_create_context_no_error GLX_ARB_create_context_profile GLX_ARB_create_context_robustness GLX_ARB_fbconfig_float GLX_ARB_framebuffer_sRGB GLX_ARB_get_proc_address GLX_ARB_multisample GLX_EXT_buffer_age GLX_EXT_create_context_es2_profile GLX_EXT_create_context_es_profile GLX_EXT_fbconfig_packed_float GLX_EXT_framebuffer_sRGB GLX_EXT_no_config_context GLX_EXT_swap_control GLX_EXT_swap_control_tear GLX_EXT_texture_from_pixmap GLX_EXT_visual_info GLX_EXT_visual_rating GLX_MESA_copy_sub_buffer GLX_MESA_gl_interop GLX_MESA_query_renderer GLX_MESA_swap_control GLX_OML_sync_control GLX_SGIS_multisample GLX_SGIX_fbconfig GLX_SGIX_pbuffer GLX_SGIX_visual_select_group GLX_SGI_make_current_read GLX_SGI_video_sync 
Reloading assemblies for play mode.
Reloading assemblies after forced synchronous recompile.
[Licensing::Client] Successfully resolved entitlement details
Begin MonoManager ReloadAssembly
Native extension for LinuxStandalone target not found
Native extension for Android target not found
ScheduleIndexationOnStartup MainProcess:True IndexOnStartup:True
[MODES] ModeService[none].Initialize
[MODES] ModeService[none].LoadModes
[Licensing::Client] Successfully resolved entitlement details
Mono: successfully reloaded assembly
- Finished resetting the current domain, in  1.845 seconds
Domain Reload Profiling: 2645ms
	BeginReloadAssembly (552ms)
		DisableScriptedObjects (63ms)
		CreateAndSetChildDomain (271ms)
	RebuildCommonClasses (10ms)
	RebuildNativeTypeToScriptingClass (9ms)
	initialDomainReloadingComplete (40ms)
	LoadAllAssembliesAndSetupDomain (188ms)
		LoadAssemblies (149ms)
		AnalyzeDomain (33ms)
			TypeCache.Refresh (7ms)
			ResolveRequiredComponents (21ms)
	FinalizeReload (1846ms)
		SetupLoadedEditorAssemblies (0ms)
			InitializePlatformSupportModulesInManaged (15ms)
			BeforeProcessingInitializeOnLoad (65ms)
			ProcessInitializeOnLoadAttributes (550ms)
			ProcessInitializeOnLoadMethodAttributes (98ms)
			AfterProcessingInitializeOnLoad (4ms)
		AwakeInstancesAfterBackupRestoration (544ms)

Asset Pipeline Refresh (id=78649fa9610eeb4efab2be40a6a50889): Total: 2.845 seconds - Initiated by StopAssetImportingV2(ForceSynchronousImport | ForceDomainReload)
	(Values over 0.05ms)
	Summary:
		Imports: total=0 (actual=0, local cache=0, cache server=0)
		Asset DB Process Time: managed=0 ms, native=2000 ms
		Asset DB Callback time: managed=20 ms, native=0 ms
		Scripting: domain reloads=1, domain reload time=823 ms, compile time=1 ms, other=0 ms
		Project Asset Count: scripts=1829, non-scripts=2725
		Asset File Changes: new=0, changed=0, moved=0, deleted=0
		Scan Filter Count: 0
	InvokePackagesCallback: 0.339ms
	ApplyChangesToAssetFolders: 0.343ms
	Collect global state as custom dependencies: 1.737ms
	ProcessAssetsWithTransientArtifactChanges: 0.362ms
	CategorizeAssets: 57.014ms
	CompileScripts: 1.076ms
	ImportOutOfDateAssets: 1897.396ms (1861.191ms without children)
		CollectScriptTypesHashes: 0.889ms
		ReloadNativeAssets: 1.259ms
		UnloadImportedAssets: 0.108ms
		EnsureUptoDateAssetsAreRegisteredWithGuidPM: 0.597ms
		ImportSchedulerStart: 34.205ms
	PostProcessAllAssets: 20.071ms
		MonoPostProcessAllAssets: 20.066ms
			UniversalRenderPipelineGlobalSettingsPostprocessor.OnPostprocessAllAssets 7.830ms
			WindowAssetPostprocessingWatcher.OnPostprocessAllAssets 1.451ms
			SpeedTree9Postprocessor.OnPostprocessAllAssets 1.432ms
			TMPro_TexturePostProcessor.OnPostprocessAllAssets 0.572ms
			RenderPipelineGlobalSettingsPostprocessor.OnPostprocessAllAssets 0.523ms
			ShaderGraphAssetPostProcessor.OnPostprocessAllAssets 0.409ms
			ShaderReflectionAssetPostProcessor.OnPostprocessAllAssets 0.272ms
			TextAssetPostProcessor.OnPostprocessAllAssets 0.253ms
			EditModeScopePostprocessor.OnPostprocessAllAssets 0.230ms
			InputActionAssetPostprocessor.OnPostprocessAllAssets 0.210ms
			ReferencedClipsPostProcessor.OnPostprocessAllAssets 0.202ms
			ProjectSettingsPostprocessor.OnPostprocessAllAssets 0.175ms
			AssetDatabaseCallbacks.OnPostprocessAllAssets 0.116ms
			TerrainToolbarOverlayPostProcessor.OnPostprocessAllAssets 0.107ms
			AssetPostprocessor.OnPostprocessAllAssets 0.075ms
			SyncVS.PostprocessSyncProject 0.053ms
	GatherAllCurrentPrimaryImportResultRevisions: 0.178ms
	UnloadStreamsBegin: 1.616ms
	PersistCurrentRevisions: 0.163ms
	GenerateScriptTypeHashes: 4.708ms
	GenerateScriptTypeSerializationHashes: 7.732ms
	Untracked: 862.855ms

[Subsystems] Loading plugin XRSimulationSubsystem for subsystem XRSimulation-Input...
[Subsystems] XR Simulation Plug-in successfully registered Provider for XRSimulation-Input
[Subsystems] XR Simulation Plug-in successfully registered Provider for XRSimulation-Input
[Subsystems] XR Simulation Plug-in successfully registered Provider for XRSimulation-Meshing
[Subsystems] Loading plugin XRSimulationSubsystem for subsystem XRSimulation-Meshing...
Loaded scene 'Temp/__Backupscenes/0.backup'
	Deserialize:            0.776 ms
	Integration:            282.821 ms
	Integration of assets:  0.001 ms
	Thread Wait Time:       0.006 ms
	Total Operation Time:   283.605 ms
ZombieSpawner: Assign zombie prefabs in Inspector (e.g. Zombie_A_SuitMan). No zombies will spawn until then.
UnityEngine.Debug:ExtractStackTraceNoAlloc (byte*,int,string)
UnityEngine.StackTraceUtility:ExtractStackTrace () (at /home/bokken/build/output/unity/unity/Runtime/Export/Scripting/StackTrace.cs:35)
UnityEngine.DebugLogHandler:Internal_Log (UnityEngine.LogType,UnityEngine.LogOption,string,UnityEngine.Object)
UnityEngine.DebugLogHandler:LogFormat (UnityEngine.LogType,UnityEngine.Object,string,object[])
UnityEngine.Logger:Log (UnityEngine.LogType,object)
UnityEngine.Debug:Log (object)
ZombieSpawner:Start () (at Assets/Scripts/Enemies/ZombieSpawner.cs:24)

(Filename: Assets/Scripts/Enemies/ZombieSpawner.cs Line: 24)

[Licensing::Client] Successfully resolved entitlement details
Importing 'GUID: 3dd11dcd12272e54f8a19d8224e35f53 - Path: Assets/XR/Settings/OpenXRPackageSettings.asset' with importer (NativeFormatImporter)
Imported 'GUID: 3dd11dcd12272e54f8a19d8224e35f53' -> (Import Result ID: '124e102bf15640c77b88c0853e2b63fc') in 0.007 seconds [static dependencies only]. Details - ImportResultOutputID=a2fce30c4ac17f62c0f27da484977667 DependenciesID=70b6fc02e979cfe63a26b0a61c722e63 StaticDependenciesID=b8d5f0d117249b820dad5460aa048331 
Refreshing native plugins compatible for Editor in 2.61 ms, found 1 plugins.
Asset Pipeline Refresh (id=e03f751fd4d271f5b98a5813c9591f8d): Total: 0.236 seconds - Initiated by StopAssetImportingV2(NoUpdateAssetOptions)
Importing 'GUID: 3dd11dcd12272e54f8a19d8224e35f53 - Path: Assets/XR/Settings/OpenXRPackageSettings.asset' with importer (NativeFormatImporter)
Imported 'GUID: 3dd11dcd12272e54f8a19d8224e35f53' -> (Import Result ID: '124e102bf15640c77b88c0853e2b63fc') in 0.003 seconds [static dependencies only]. Details - ImportResultOutputID=a2fce30c4ac17f62c0f27da484977667 DependenciesID=70b6fc02e979cfe63a26b0a61c722e63 StaticDependenciesID=b8d5f0d117249b820dad5460aa048331 
Asset Pipeline Refresh (id=ef0f2b0be1f3e44a09d37d0962190324): Total: 0.072 seconds - Initiated by StopAssetImportingV2(NoUpdateAssetOptions)
Importing 'GUID: 3dd11dcd12272e54f8a19d8224e35f53 - Path: Assets/XR/Settings/OpenXRPackageSettings.asset' with importer (NativeFormatImporter)
Imported 'GUID: 3dd11dcd12272e54f8a19d8224e35f53' -> (Import Result ID: '124e102bf15640c77b88c0853e2b63fc') in 0.002 seconds [static dependencies only]. Details - ImportResultOutputID=a2fce30c4ac17f62c0f27da484977667 DependenciesID=70b6fc02e979cfe63a26b0a61c722e63 StaticDependenciesID=b8d5f0d117249b820dad5460aa048331 
Asset Pipeline Refresh (id=07a5c6e6781aaf9d4a92128a911a72b9): Total: 0.056 seconds - Initiated by StopAssetImportingV2(NoUpdateAssetOptions)
Importing 'GUID: 3dd11dcd12272e54f8a19d8224e35f53 - Path: Assets/XR/Settings/OpenXRPackageSettings.asset' with importer (NativeFormatImporter)
Imported 'GUID: 3dd11dcd12272e54f8a19d8224e35f53' -> (Import Result ID: '124e102bf15640c77b88c0853e2b63fc') in 0.002 seconds [static dependencies only]. Details - ImportResultOutputID=a2fce30c4ac17f62c0f27da484977667 DependenciesID=70b6fc02e979cfe63a26b0a61c722e63 StaticDependenciesID=b8d5f0d117249b820dad5460aa048331 
Asset Pipeline Refresh (id=d84f3b676fc313fb894811eef4f1ba06): Total: 0.072 seconds - Initiated by StopAssetImportingV2(NoUpdateAssetOptions)
[Licensing::Client] Successfully resolved entitlement details
[Licensing::Client] Successfully resolved entitlement details
[Licensing::Client] Successfully resolved entitlement details
GLX Extensions: GLX_ARB_context_flush_control GLX_ARB_create_context GLX_ARB_create_context_no_error GLX_ARB_create_context_profile GLX_ARB_create_context_robustness GLX_ARB_fbconfig_float GLX_ARB_framebuffer_sRGB GLX_ARB_get_proc_address GLX_ARB_multisample GLX_EXT_buffer_age GLX_EXT_create_context_es2_profile GLX_EXT_create_context_es_profile GLX_EXT_fbconfig_packed_float GLX_EXT_framebuffer_sRGB GLX_EXT_no_config_context GLX_EXT_swap_control GLX_EXT_swap_control_tear GLX_EXT_texture_from_pixmap GLX_EXT_visual_info GLX_EXT_visual_rating GLX_MESA_copy_sub_buffer GLX_MESA_gl_interop GLX_MESA_query_renderer GLX_MESA_swap_control GLX_OML_sync_control GLX_SGIS_multisample GLX_SGIX_fbconfig GLX_SGIX_pbuffer GLX_SGIX_visual_select_group GLX_SGI_make_current_read GLX_SGI_video_sync 
Warning: X server took longer than 101 milliseconds to respond to GtkWidgetFocusing
GLX Extensions: GLX_ARB_context_flush_control GLX_ARB_create_context GLX_ARB_create_context_no_error GLX_ARB_create_context_profile GLX_ARB_create_context_robustness GLX_ARB_fbconfig_float GLX_ARB_framebuffer_sRGB GLX_ARB_get_proc_address GLX_ARB_multisample GLX_EXT_buffer_age GLX_EXT_create_context_es2_profile GLX_EXT_create_context_es_profile GLX_EXT_fbconfig_packed_float GLX_EXT_framebuffer_sRGB GLX_EXT_no_config_context GLX_EXT_swap_control GLX_EXT_swap_control_tear GLX_EXT_texture_from_pixmap GLX_EXT_visual_info GLX_EXT_visual_rating GLX_MESA_copy_sub_buffer GLX_MESA_gl_interop GLX_MESA_query_renderer GLX_MESA_swap_control GLX_OML_sync_control GLX_SGIS_multisample GLX_SGIX_fbconfig GLX_SGIX_pbuffer GLX_SGIX_visual_select_group GLX_SGI_make_current_read GLX_SGI_video_sync 
GLX Extensions: GLX_ARB_context_flush_control GLX_ARB_create_context GLX_ARB_create_context_no_error GLX_ARB_create_context_profile GLX_ARB_create_context_robustness GLX_ARB_fbconfig_float GLX_ARB_framebuffer_sRGB GLX_ARB_get_proc_address GLX_ARB_multisample GLX_EXT_buffer_age GLX_EXT_create_context_es2_profile GLX_EXT_create_context_es_profile GLX_EXT_fbconfig_packed_float GLX_EXT_framebuffer_sRGB GLX_EXT_no_config_context GLX_EXT_swap_control GLX_EXT_swap_control_tear GLX_EXT_texture_from_pixmap GLX_EXT_visual_info GLX_EXT_visual_rating GLX_MESA_copy_sub_buffer GLX_MESA_gl_interop GLX_MESA_query_renderer GLX_MESA_swap_control GLX_OML_sync_control GLX_SGIS_multisample GLX_SGIX_fbconfig GLX_SGIX_pbuffer GLX_SGIX_visual_select_group GLX_SGI_make_current_read GLX_SGI_video_sync 
GLX Extensions: GLX_ARB_context_flush_control GLX_ARB_create_context GLX_ARB_create_context_no_error GLX_ARB_create_context_profile GLX_ARB_create_context_robustness GLX_ARB_fbconfig_float GLX_ARB_framebuffer_sRGB GLX_ARB_get_proc_address GLX_ARB_multisample GLX_EXT_buffer_age GLX_EXT_create_context_es2_profile GLX_EXT_create_context_es_profile GLX_EXT_fbconfig_packed_float GLX_EXT_framebuffer_sRGB GLX_EXT_no_config_context GLX_EXT_swap_control GLX_EXT_swap_control_tear GLX_EXT_texture_from_pixmap GLX_EXT_visual_info GLX_EXT_visual_rating GLX_MESA_copy_sub_buffer GLX_MESA_gl_interop GLX_MESA_query_renderer GLX_MESA_swap_control GLX_OML_sync_control GLX_SGIS_multisample GLX_SGIX_fbconfig GLX_SGIX_pbuffer GLX_SGIX_visual_select_group GLX_SGI_make_current_read GLX_SGI_video_sync 
Asset Pipeline Refresh (id=692807483d88156cdbc57a4a141fd409): Total: 0.182 seconds - Initiated by RefreshV2(NoUpdateAssetOptions)
Asset Pipeline Refresh (id=bc93dc668c0b7c91eb3620f236160772): Total: 0.140 seconds - Initiated by RefreshV2(NoUpdateAssetOptions)
[Licensing::Client] Successfully resolved entitlement details
Asset Pipeline Refresh (id=72f7d1fe2ef637a47a9a5893b2537afd): Total: 0.136 seconds - Initiated by RefreshV2(NoUpdateAssetOptions)
Asset Pipeline Refresh (id=87b8cc46f71afa2d5b6a5dc66528ad03): Total: 0.109 seconds - Initiated by RefreshV2(NoUpdateAssetOptions)
Asset Pipeline Refresh (id=0aae59e2cb0814d08ad2b90f2cb03237): Total: 0.138 seconds - Initiated by RefreshV2(NoUpdateAssetOptions)
Asset Pipeline Refresh (id=76d98f6b8928851b1bc1f298b7e20e34): Total: 0.087 seconds - Initiated by RefreshV2(NoUpdateAssetOptions)
Asset Pipeline Refresh (id=b8571191a6423afc4a4f5444e45a7955): Total: 0.101 seconds - Initiated by RefreshV2(NoUpdateAssetOptions)
Asset Pipeline Refresh (id=a1b32749c611663fda6697697c9ae40b): Total: 0.112 seconds - Initiated by RefreshV2(NoUpdateAssetOptions)
Asset Pipeline Refresh (id=3b3a5b45f3643d95db86013a6b1ce50b): Total: 0.089 seconds - Initiated by RefreshV2(NoUpdateAssetOptions)
Asset Pipeline Refresh (id=77de7bcb55daf20f09e79abf43c6d1f6): Total: 0.092 seconds - Initiated by RefreshV2(NoUpdateAssetOptions)
Asset Pipeline Refresh (id=02b75eeac80027a1eb99f2359fdbd1b5): Total: 0.086 seconds - Initiated by RefreshV2(NoUpdateAssetOptions)
Asset Pipeline Refresh (id=e9ed66014147e02c79537918989eb7a4): Total: 0.125 seconds - Initiated by RefreshV2(NoUpdateAssetOptions)
Asset Pipeline Refresh (id=ff30883b088ed794d8dc9eb08b6587fc): Total: 0.091 seconds - Initiated by RefreshV2(NoUpdateAssetOptions)
EditorHelper: Unable to use the external script editor. Trying the internal script editor now.
Opening Default Application/usr/bin/xdg-open: line 1045: x-www-browser: command not found
/usr/bin/xdg-open: line 1045: firefox: command not found
/usr/bin/xdg-open: line 1045: iceweasel: command not found
/usr/bin/xdg-open: line 1045: seamonkey: command not found
/usr/bin/xdg-open: line 1045: mozilla: command not found
/usr/bin/xdg-open: line 1045: epiphany: command not found
/usr/bin/xdg-open: line 1045: konqueror: command not found
/usr/bin/xdg-open: line 1045: chromium: command not found
/usr/bin/xdg-open: line 1045: chromium-browser: command not found
/usr/bin/xdg-open: line 1045: google-chrome: command not found
/usr/bin/xdg-open: line 1045: www-browser: command not found
/usr/bin/xdg-open: line 1045: links2: command not found
/usr/bin/xdg-open: line 1045: elinks: command not found
/usr/bin/xdg-open: line 1045: links: command not found
/usr/bin/xdg-open: line 1045: lynx: command not found
/usr/bin/xdg-open: line 1045: w3m: command not found
xdg-open: no method available for opening '/home/asif/Projects/vrGame/vrgame/Assets/Scripts/Enemies/ZombieSpawner.cs'
Asset Pipeline Refresh (id=e772e5f081d35fa8689a14b78959c358): Total: 0.113 seconds - Initiated by RefreshV2(NoUpdateAssetOptions)
Asset Pipeline Refresh (id=24d9b19245add7f9c982443221010df8): Total: 0.136 seconds - Initiated by RefreshV2(NoUpdateAssetOptions)
Asset Pipeline Refresh (id=df3c7bfd767d9d180a6c8ebebd14af07): Total: 0.101 seconds - Initiated by RefreshV2(NoUpdateAssetOptions)
Asset Pipeline Refresh (id=46746ac80558732b6828776a4edaf6f7): Total: 0.178 seconds - Initiated by RefreshV2(NoUpdateAssetOptions)
Asset Pipeline Refresh (id=f0b835ffc15df1c8490a5b36a5778cd4): Total: 0.146 seconds - Initiated by RefreshV2(NoUpdateAssetOptions)
Asset Pipeline Refresh (id=30b897f51c3e223ea823cb77ac5f8e2f): Total: 0.127 seconds - Initiated by RefreshV2(NoUpdateAssetOptions)
GLX Extensions: GLX_ARB_context_flush_control GLX_ARB_create_context GLX_ARB_create_context_no_error GLX_ARB_create_context_profile GLX_ARB_create_context_robustness GLX_ARB_fbconfig_float GLX_ARB_framebuffer_sRGB GLX_ARB_get_proc_address GLX_ARB_multisample GLX_EXT_buffer_age GLX_EXT_create_context_es2_profile GLX_EXT_create_context_es_profile GLX_EXT_fbconfig_packed_float GLX_EXT_framebuffer_sRGB GLX_EXT_no_config_context GLX_EXT_swap_control GLX_EXT_swap_control_tear GLX_EXT_texture_from_pixmap GLX_EXT_visual_info GLX_EXT_visual_rating GLX_MESA_copy_sub_buffer GLX_MESA_gl_interop GLX_MESA_query_renderer GLX_MESA_swap_control GLX_OML_sync_control GLX_SGIS_multisample GLX_SGIX_fbconfig GLX_SGIX_pbuffer GLX_SGIX_visual_select_group GLX_SGI_make_current_read GLX_SGI_video_sync 
Warning: X server took longer than 101 milliseconds to respond to GtkWidgetFocusing
Asset Pipeline Refresh (id=bf126d2a77733f4fca7999605b87c289): Total: 0.093 seconds - Initiated by RefreshV2(NoUpdateAssetOptions)
Asset Pipeline Refresh (id=dd79f6871f3ae84839033accc3c5144a): Total: 0.143 seconds - Initiated by RefreshV2(NoUpdateAssetOptions)
Asset Pipeline Refresh (id=f608534475de89bf7b33934131cbbe6f): Total: 0.142 seconds - Initiated by RefreshV2(NoUpdateAssetOptions)
Asset Pipeline Refresh (id=04a20c1e5c9a38d189426f5f40a9f07b): Total: 0.086 seconds - Initiated by RefreshV2(ForceSynchronousImport)
[Adaptive Performance] Restoring dynamic resolution scale factor to 1.0
UnityEngine.Debug:ExtractStackTraceNoAlloc (byte*,int,string)
UnityEngine.StackTraceUtility:ExtractStackTrace () (at /home/bokken/build/output/unity/unity/Runtime/Export/Scripting/StackTrace.cs:35)
UnityEngine.DebugLogHandler:Internal_Log (UnityEngine.LogType,UnityEngine.LogOption,string,UnityEngine.Object)
UnityEngine.DebugLogHandler:LogFormat (UnityEngine.LogType,UnityEngine.Object,string,object[])
UnityEngine.Logger:LogFormat (UnityEngine.LogType,string,object[])
UnityEngine.Debug:LogFormat (string,object[])
UnityEngine.AdaptivePerformance.APLog:Debug (string,object[]) (at /home/bokken/build/output/unity/unity/Modules/AdaptivePerformance/Core/AdaptiverPerformanceLog.cs:13)
UnityEngine.AdaptivePerformance.AdaptiveResolution:OnDestroy () (at /home/bokken/build/output/unity/unity/Modules/AdaptivePerformance/Scalers/AdaptiveResolution.cs:76)

(Filename: /home/bokken/build/output/unity/unity/Modules/AdaptivePerformance/Core/AdaptiverPerformanceLog.cs Line: 13)

Unloading 16 Unused Serialized files (Serialized files now loaded: 0)
Loaded scene 'Temp/__Backupscenes/0.backup'
	Deserialize:            0.651 ms
	Integration:            485.088 ms
	Integration of assets:  0.001 ms
	Thread Wait Time:       0.005 ms
	Total Operation Time:   485.745 ms
Unloading 5295 unused Assets / (2.6 MB). Loaded Objects now: 8699.
Memory consumption went from 392.9 MB to 390.4 MB.
Total: 44.388276 ms (FindLiveObjects: 1.847885 ms CreateObjectMapping: 1.567566 ms MarkObjects: 34.047521 ms  DeleteObjects: 6.921914 ms)

Default GameObject Tag: Player already registered
[Licensing::Client] Successfully resolved entitlement details
GLX Extensions: GLX_ARB_context_flush_control GLX_ARB_create_context GLX_ARB_create_context_no_error GLX_ARB_create_context_profile GLX_ARB_create_context_robustness GLX_ARB_fbconfig_float GLX_ARB_framebuffer_sRGB GLX_ARB_get_proc_address GLX_ARB_multisample GLX_EXT_buffer_age GLX_EXT_create_context_es2_profile GLX_EXT_create_context_es_profile GLX_EXT_fbconfig_packed_float GLX_EXT_framebuffer_sRGB GLX_EXT_no_config_context GLX_EXT_swap_control GLX_EXT_swap_control_tear GLX_EXT_texture_from_pixmap GLX_EXT_visual_info GLX_EXT_visual_rating GLX_MESA_copy_sub_buffer GLX_MESA_gl_interop GLX_MESA_query_renderer GLX_MESA_swap_control GLX_OML_sync_control GLX_SGIS_multisample GLX_SGIX_fbconfig GLX_SGIX_pbuffer GLX_SGIX_visual_select_group GLX_SGI_make_current_read GLX_SGI_video_sync 
GLX Extensions: GLX_ARB_context_flush_control GLX_ARB_create_context GLX_ARB_create_context_no_error GLX_ARB_create_context_profile GLX_ARB_create_context_robustness GLX_ARB_fbconfig_float GLX_ARB_framebuffer_sRGB GLX_ARB_get_proc_address GLX_ARB_multisample GLX_EXT_buffer_age GLX_EXT_create_context_es2_profile GLX_EXT_create_context_es_profile GLX_EXT_fbconfig_packed_float GLX_EXT_framebuffer_sRGB GLX_EXT_no_config_context GLX_EXT_swap_control GLX_EXT_swap_control_tear GLX_EXT_texture_from_pixmap GLX_EXT_visual_info GLX_EXT_visual_rating GLX_MESA_copy_sub_buffer GLX_MESA_gl_interop GLX_MESA_query_renderer GLX_MESA_swap_control GLX_OML_sync_control GLX_SGIS_multisample GLX_SGIX_fbconfig GLX_SGIX_pbuffer GLX_SGIX_visual_select_group GLX_SGI_make_current_read GLX_SGI_video_sync 
GLX Extensions: GLX_ARB_context_flush_control GLX_ARB_create_context GLX_ARB_create_context_no_error GLX_ARB_create_context_profile GLX_ARB_create_context_robustness GLX_ARB_fbconfig_float GLX_ARB_framebuffer_sRGB GLX_ARB_get_proc_address GLX_ARB_multisample GLX_EXT_buffer_age GLX_EXT_create_context_es2_profile GLX_EXT_create_context_es_profile GLX_EXT_fbconfig_packed_float GLX_EXT_framebuffer_sRGB GLX_EXT_no_config_context GLX_EXT_swap_control GLX_EXT_swap_control_tear GLX_EXT_texture_from_pixmap GLX_EXT_visual_info GLX_EXT_visual_rating GLX_MESA_copy_sub_buffer GLX_MESA_gl_interop GLX_MESA_query_renderer GLX_MESA_swap_control GLX_OML_sync_control GLX_SGIS_multisample GLX_SGIX_fbconfig GLX_SGIX_pbuffer GLX_SGIX_visual_select_group GLX_SGI_make_current_read GLX_SGI_video_sync 
GLX Extensions: GLX_ARB_context_flush_control GLX_ARB_create_context GLX_ARB_create_context_no_error GLX_ARB_create_context_profile GLX_ARB_create_context_robustness GLX_ARB_fbconfig_float GLX_ARB_framebuffer_sRGB GLX_ARB_get_proc_address GLX_ARB_multisample GLX_EXT_buffer_age GLX_EXT_create_context_es2_profile GLX_EXT_create_context_es_profile GLX_EXT_fbconfig_packed_float GLX_EXT_framebuffer_sRGB GLX_EXT_no_config_context GLX_EXT_swap_control GLX_EXT_swap_control_tear GLX_EXT_texture_from_pixmap GLX_EXT_visual_info GLX_EXT_visual_rating GLX_MESA_copy_sub_buffer GLX_MESA_gl_interop GLX_MESA_query_renderer GLX_MESA_swap_control GLX_OML_sync_control GLX_SGIS_multisample GLX_SGIX_fbconfig GLX_SGIX_pbuffer GLX_SGIX_visual_select_group GLX_SGI_make_current_read GLX_SGI_video_sync 
GLX Extensions: GLX_ARB_context_flush_control GLX_ARB_create_context GLX_ARB_create_context_no_error GLX_ARB_create_context_profile GLX_ARB_create_context_robustness GLX_ARB_fbconfig_float GLX_ARB_framebuffer_sRGB GLX_ARB_get_proc_address GLX_ARB_multisample GLX_EXT_buffer_age GLX_EXT_create_context_es2_profile GLX_EXT_create_context_es_profile GLX_EXT_fbconfig_packed_float GLX_EXT_framebuffer_sRGB GLX_EXT_no_config_context GLX_EXT_swap_control GLX_EXT_swap_control_tear GLX_EXT_texture_from_pixmap GLX_EXT_visual_info GLX_EXT_visual_rating GLX_MESA_copy_sub_buffer GLX_MESA_gl_interop GLX_MESA_query_renderer GLX_MESA_swap_control GLX_OML_sync_control GLX_SGIS_multisample GLX_SGIX_fbconfig GLX_SGIX_pbuffer GLX_SGIX_visual_select_group GLX_SGI_make_current_read GLX_SGI_video_sync 
GLX Extensions: GLX_ARB_context_flush_control GLX_ARB_create_context GLX_ARB_create_context_no_error GLX_ARB_create_context_profile GLX_ARB_create_context_robustness GLX_ARB_fbconfig_float GLX_ARB_framebuffer_sRGB GLX_ARB_get_proc_address GLX_ARB_multisample GLX_EXT_buffer_age GLX_EXT_create_context_es2_profile GLX_EXT_create_context_es_profile GLX_EXT_fbconfig_packed_float GLX_EXT_framebuffer_sRGB GLX_EXT_no_config_context GLX_EXT_swap_control GLX_EXT_swap_control_tear GLX_EXT_texture_from_pixmap GLX_EXT_visual_info GLX_EXT_visual_rating GLX_MESA_copy_sub_buffer GLX_MESA_gl_interop GLX_MESA_query_renderer GLX_MESA_swap_control GLX_OML_sync_control GLX_SGIS_multisample GLX_SGIX_fbconfig GLX_SGIX_pbuffer GLX_SGIX_visual_select_group GLX_SGI_make_current_read GLX_SGI_video_sync 
GLX Extensions: GLX_ARB_context_flush_control GLX_ARB_create_context GLX_ARB_create_context_no_error GLX_ARB_create_context_profile GLX_ARB_create_context_robustness GLX_ARB_fbconfig_float GLX_ARB_framebuffer_sRGB GLX_ARB_get_proc_address GLX_ARB_multisample GLX_EXT_buffer_age GLX_EXT_create_context_es2_profile GLX_EXT_create_context_es_profile GLX_EXT_fbconfig_packed_float GLX_EXT_framebuffer_sRGB GLX_EXT_no_config_context GLX_EXT_swap_control GLX_EXT_swap_control_tear GLX_EXT_texture_from_pixmap GLX_EXT_visual_info GLX_EXT_visual_rating GLX_MESA_copy_sub_buffer GLX_MESA_gl_interop GLX_MESA_query_renderer GLX_MESA_swap_control GLX_OML_sync_control GLX_SGIS_multisample GLX_SGIX_fbconfig GLX_SGIX_pbuffer GLX_SGIX_visual_select_group GLX_SGI_make_current_read GLX_SGI_video_sync 
GLX Extensions: GLX_ARB_context_flush_control GLX_ARB_create_context GLX_ARB_create_context_no_error GLX_ARB_create_context_profile GLX_ARB_create_context_robustness GLX_ARB_fbconfig_float GLX_ARB_framebuffer_sRGB GLX_ARB_get_proc_address GLX_ARB_multisample GLX_EXT_buffer_age GLX_EXT_create_context_es2_profile GLX_EXT_create_context_es_profile GLX_EXT_fbconfig_packed_float GLX_EXT_framebuffer_sRGB GLX_EXT_no_config_context GLX_EXT_swap_control GLX_EXT_swap_control_tear GLX_EXT_texture_from_pixmap GLX_EXT_visual_info GLX_EXT_visual_rating GLX_MESA_copy_sub_buffer GLX_MESA_gl_interop GLX_MESA_query_renderer GLX_MESA_swap_control GLX_OML_sync_control GLX_SGIS_multisample GLX_SGIX_fbconfig GLX_SGIX_pbuffer GLX_SGIX_visual_select_group GLX_SGI_make_current_read GLX_SGI_video_sync 
GLX Extensions: GLX_ARB_context_flush_control GLX_ARB_create_context GLX_ARB_create_context_no_error GLX_ARB_create_context_profile GLX_ARB_create_context_robustness GLX_ARB_fbconfig_float GLX_ARB_framebuffer_sRGB GLX_ARB_get_proc_address GLX_ARB_multisample GLX_EXT_buffer_age GLX_EXT_create_context_es2_profile GLX_EXT_create_context_es_profile GLX_EXT_fbconfig_packed_float GLX_EXT_framebuffer_sRGB GLX_EXT_no_config_context GLX_EXT_swap_control GLX_EXT_swap_control_tear GLX_EXT_texture_from_pixmap GLX_EXT_visual_info GLX_EXT_visual_rating GLX_MESA_copy_sub_buffer GLX_MESA_gl_interop GLX_MESA_query_renderer GLX_MESA_swap_control GLX_OML_sync_control GLX_SGIS_multisample GLX_SGIX_fbconfig GLX_SGIX_pbuffer GLX_SGIX_visual_select_group GLX_SGI_make_current_read GLX_SGI_video_sync 
GLX Extensions: GLX_ARB_context_flush_control GLX_ARB_create_context GLX_ARB_create_context_no_error GLX_ARB_create_context_profile GLX_ARB_create_context_robustness GLX_ARB_fbconfig_float GLX_ARB_framebuffer_sRGB GLX_ARB_get_proc_address GLX_ARB_multisample GLX_EXT_buffer_age GLX_EXT_create_context_es2_profile GLX_EXT_create_context_es_profile GLX_EXT_fbconfig_packed_float GLX_EXT_framebuffer_sRGB GLX_EXT_no_config_context GLX_EXT_swap_control GLX_EXT_swap_control_tear GLX_EXT_texture_from_pixmap GLX_EXT_visual_info GLX_EXT_visual_rating GLX_MESA_copy_sub_buffer GLX_MESA_gl_interop GLX_MESA_query_renderer GLX_MESA_swap_control GLX_OML_sync_control GLX_SGIS_multisample GLX_SGIX_fbconfig GLX_SGIX_pbuffer GLX_SGIX_visual_select_group GLX_SGI_make_current_read GLX_SGI_video_sync 
GLX Extensions: GLX_ARB_context_flush_control GLX_ARB_create_context GLX_ARB_create_context_no_error GLX_ARB_create_context_profile GLX_ARB_create_context_robustness GLX_ARB_fbconfig_float GLX_ARB_framebuffer_sRGB GLX_ARB_get_proc_address GLX_ARB_multisample GLX_EXT_buffer_age GLX_EXT_create_context_es2_profile GLX_EXT_create_context_es_profile GLX_EXT_fbconfig_packed_float GLX_EXT_framebuffer_sRGB GLX_EXT_no_config_context GLX_EXT_swap_control GLX_EXT_swap_control_tear GLX_EXT_texture_from_pixmap GLX_EXT_visual_info GLX_EXT_visual_rating GLX_MESA_copy_sub_buffer GLX_MESA_gl_interop GLX_MESA_query_renderer GLX_MESA_swap_control GLX_OML_sync_control GLX_SGIS_multisample GLX_SGIX_fbconfig GLX_SGIX_pbuffer GLX_SGIX_visual_select_group GLX_SGI_make_current_read GLX_SGI_video_sync 
GLX Extensions: GLX_ARB_context_flush_control GLX_ARB_create_context GLX_ARB_create_context_no_error GLX_ARB_create_context_profile GLX_ARB_create_context_robustness GLX_ARB_fbconfig_float GLX_ARB_framebuffer_sRGB GLX_ARB_get_proc_address GLX_ARB_multisample GLX_EXT_buffer_age GLX_EXT_create_context_es2_profile GLX_EXT_create_context_es_profile GLX_EXT_fbconfig_packed_float GLX_EXT_framebuffer_sRGB GLX_EXT_no_config_context GLX_EXT_swap_control GLX_EXT_swap_control_tear GLX_EXT_texture_from_pixmap GLX_EXT_visual_info GLX_EXT_visual_rating GLX_MESA_copy_sub_buffer GLX_MESA_gl_interop GLX_MESA_query_renderer GLX_MESA_swap_control GLX_OML_sync_control GLX_SGIS_multisample GLX_SGIX_fbconfig GLX_SGIX_pbuffer GLX_SGIX_visual_select_group GLX_SGI_make_current_read GLX_SGI_video_sync 
GLX Extensions: GLX_ARB_context_flush_control GLX_ARB_create_context GLX_ARB_create_context_no_error GLX_ARB_create_context_profile GLX_ARB_create_context_robustness GLX_ARB_fbconfig_float GLX_ARB_framebuffer_sRGB GLX_ARB_get_proc_address GLX_ARB_multisample GLX_EXT_buffer_age GLX_EXT_create_context_es2_profile GLX_EXT_create_context_es_profile GLX_EXT_fbconfig_packed_float GLX_EXT_framebuffer_sRGB GLX_EXT_no_config_context GLX_EXT_swap_control GLX_EXT_swap_control_tear GLX_EXT_texture_from_pixmap GLX_EXT_visual_info GLX_EXT_visual_rating GLX_MESA_copy_sub_buffer GLX_MESA_gl_interop GLX_MESA_query_renderer GLX_MESA_swap_control GLX_OML_sync_control GLX_SGIS_multisample GLX_SGIX_fbconfig GLX_SGIX_pbuffer GLX_SGIX_visual_select_group GLX_SGI_make_current_read GLX_SGI_video_sync 
GLX Extensions: GLX_ARB_context_flush_control GLX_ARB_create_context GLX_ARB_create_context_no_error GLX_ARB_create_context_profile GLX_ARB_create_context_robustness GLX_ARB_fbconfig_float GLX_ARB_framebuffer_sRGB GLX_ARB_get_proc_address GLX_ARB_multisample GLX_EXT_buffer_age GLX_EXT_create_context_es2_profile GLX_EXT_create_context_es_profile GLX_EXT_fbconfig_packed_float GLX_EXT_framebuffer_sRGB GLX_EXT_no_config_context GLX_EXT_swap_control GLX_EXT_swap_control_tear GLX_EXT_texture_from_pixmap GLX_EXT_visual_info GLX_EXT_visual_rating GLX_MESA_copy_sub_buffer GLX_MESA_gl_interop GLX_MESA_query_renderer GLX_MESA_swap_control GLX_OML_sync_control GLX_SGIS_multisample GLX_SGIX_fbconfig GLX_SGIX_pbuffer GLX_SGIX_visual_select_group GLX_SGI_make_current_read GLX_SGI_video_sync 
GLX Extensions: GLX_ARB_context_flush_control GLX_ARB_create_context GLX_ARB_create_context_no_error GLX_ARB_create_context_profile GLX_ARB_create_context_robustness GLX_ARB_fbconfig_float GLX_ARB_framebuffer_sRGB GLX_ARB_get_proc_address GLX_ARB_multisample GLX_EXT_buffer_age GLX_EXT_create_context_es2_profile GLX_EXT_create_context_es_profile GLX_EXT_fbconfig_packed_float GLX_EXT_framebuffer_sRGB GLX_EXT_no_config_context GLX_EXT_swap_control GLX_EXT_swap_control_tear GLX_EXT_texture_from_pixmap GLX_EXT_visual_info GLX_EXT_visual_rating GLX_MESA_copy_sub_buffer GLX_MESA_gl_interop GLX_MESA_query_renderer GLX_MESA_swap_control GLX_OML_sync_control GLX_SGIS_multisample GLX_SGIX_fbconfig GLX_SGIX_pbuffer GLX_SGIX_visual_select_group GLX_SGI_make_current_read GLX_SGI_video_sync 
GLX Extensions: GLX_ARB_context_flush_control GLX_ARB_create_context GLX_ARB_create_context_no_error GLX_ARB_create_context_profile GLX_ARB_create_context_robustness GLX_ARB_fbconfig_float GLX_ARB_framebuffer_sRGB GLX_ARB_get_proc_address GLX_ARB_multisample GLX_EXT_buffer_age GLX_EXT_create_context_es2_profile GLX_EXT_create_context_es_profile GLX_EXT_fbconfig_packed_float GLX_EXT_framebuffer_sRGB GLX_EXT_no_config_context GLX_EXT_swap_control GLX_EXT_swap_control_tear GLX_EXT_texture_from_pixmap GLX_EXT_visual_info GLX_EXT_visual_rating GLX_MESA_copy_sub_buffer GLX_MESA_gl_interop GLX_MESA_query_renderer GLX_MESA_swap_control GLX_OML_sync_control GLX_SGIS_multisample GLX_SGIX_fbconfig GLX_SGIX_pbuffer GLX_SGIX_visual_select_group GLX_SGI_make_current_read GLX_SGI_video_sync 
[ScriptCompilation] Requested script compilation because: AssetDatabase observed changes in script compilation related files
info: Microsoft.AspNetCore.Hosting.Diagnostics[1]
      Request starting HTTP/2 POST http://ilpp/UnityILPP.PostProcessing/Ping - application/grpc -
info: Microsoft.AspNetCore.Routing.EndpointMiddleware[0]
      Executing endpoint 'gRPC - /UnityILPP.PostProcessing/Ping'
info: Microsoft.AspNetCore.Routing.EndpointMiddleware[1]
      Executed endpoint 'gRPC - /UnityILPP.PostProcessing/Ping'
info: Microsoft.AspNetCore.Hosting.Diagnostics[2]
      Request finished HTTP/2 POST http://ilpp/UnityILPP.PostProcessing/Ping - 200 - application/grpc 4.9684ms
Starting: /home/asif/Unity/Hub/Editor/6000.5.10f1/Editor/Data/Tools/BuildPipeline/bee_backend --ipc --defer-dag-verification --dagfile="Library/Bee/2400b0aE.dag" --continue-on-failure --profile="Library/Bee/backend1.traceevents" ScriptAssemblies
WorkingDir: /home/asif/Projects/vrGame/vrgame
info: Microsoft.AspNetCore.Hosting.Diagnostics[1]
      Request starting HTTP/2 POST http://ilpp/UnityILPP.PostProcessing/ConfigurePostProcessors - application/grpc -
info: Microsoft.AspNetCore.Routing.EndpointMiddleware[0]
      Executing endpoint 'gRPC - /UnityILPP.PostProcessing/ConfigurePostProcessors'
info: Unity.ILPP.Runner.PostProcessingAssemblyLoadContext[0]
      Current configuration matches the requested one, skipping
info: Microsoft.AspNetCore.Routing.EndpointMiddleware[1]
      Executed endpoint 'gRPC - /UnityILPP.PostProcessing/ConfigurePostProcessors'
info: Microsoft.AspNetCore.Hosting.Diagnostics[2]
      Request finished HTTP/2 POST http://ilpp/UnityILPP.PostProcessing/ConfigurePostProcessors - 200 - application/grpc 1.5765ms
info: Microsoft.AspNetCore.Hosting.Diagnostics[1]
      Request starting HTTP/2 POST http://ilpp/UnityILPP.PostProcessing/PostProcessAssembly - application/grpc -
info: Microsoft.AspNetCore.Routing.EndpointMiddleware[0]
      Executing endpoint 'gRPC - /UnityILPP.PostProcessing/PostProcessAssembly'
info: Unity.ILPP.Runner.PostProcessingPipeline[0]
      Processing assembly Library/Bee/artifacts/2400b0aE.dag/Assembly-CSharp-Editor.dll, with 134 defines and 401 references
info: Unity.ILPP.Runner.PostProcessingPipeline[0]
      processors: Unity.Jobs.CodeGen.JobsILPostProcessor, zzzUnity.Burst.CodeGen.BurstILPostProcessor
info: Unity.ILPP.Runner.PostProcessingPipeline[0]
      running Unity.Jobs.CodeGen.JobsILPostProcessor
info: Microsoft.AspNetCore.Hosting.Diagnostics[1]
      Request starting HTTP/2 POST http://ilpp/UnityILPP.PostProcessing/PostProcessAssembly - application/grpc -
info: Microsoft.AspNetCore.Routing.EndpointMiddleware[0]
      Executing endpoint 'gRPC - /UnityILPP.PostProcessing/PostProcessAssembly'
info: Unity.ILPP.Runner.PostProcessingPipeline[0]
      Processing assembly Library/Bee/artifacts/2400b0aE.dag/Assembly-CSharp.dll, with 136 defines and 386 references
info: Unity.ILPP.Runner.PostProcessingPipeline[0]
      processors: Unity.Jobs.CodeGen.JobsILPostProcessor, zzzUnity.Burst.CodeGen.BurstILPostProcessor
info: Unity.ILPP.Runner.PostProcessingPipeline[0]
      running Unity.Jobs.CodeGen.JobsILPostProcessor
info: Unity.ILPP.Runner.PostProcessingPipeline[0]
      running zzzUnity.Burst.CodeGen.BurstILPostProcessor
info: Unity.ILPP.Runner.PostProcessingPipeline[0]
      running zzzUnity.Burst.CodeGen.BurstILPostProcessor
info: Microsoft.AspNetCore.Routing.EndpointMiddleware[1]
      Executed endpoint 'gRPC - /UnityILPP.PostProcessing/PostProcessAssembly'
info: Microsoft.AspNetCore.Hosting.Diagnostics[2]
      Request finished HTTP/2 POST http://ilpp/UnityILPP.PostProcessing/PostProcessAssembly - 200 - application/grpc 95.9427ms
info: Microsoft.AspNetCore.Routing.EndpointMiddleware[1]
      Executed endpoint 'gRPC - /UnityILPP.PostProcessing/PostProcessAssembly'
info: Microsoft.AspNetCore.Hosting.Diagnostics[2]
      Request finished HTTP/2 POST http://ilpp/UnityILPP.PostProcessing/PostProcessAssembly - 200 - application/grpc 92.7096ms
ExitCode: 0 Duration: 2s556ms
[ 808/1356  0s] ILPP-Configuration Library/ilpp-configuration.nevergeneratedoutput
[1348/1356  2s] Csc Library/Bee/artifacts/2400b0aE.dag/Assembly-CSharp.dll (+2 others)
Assets/Scripts/Player/PlayerController.cs(14,13): warning CS0618: 'XRBaseController' is obsolete: 'XRBaseController has been deprecated in version 3.0.0. Its functionality has been distributed into different components.'
Assets/Scripts/Player/PlayerController.cs(20,47): warning CS0618: 'XRBaseController' is obsolete: 'XRBaseController has been deprecated in version 3.0.0. Its functionality has been distributed into different components.'
Assets/Scripts/Core/ConveyorBelt.cs(28,58): warning CS0618: 'FindObjectsSortMode' is obsolete: 'FindObjectsSortMode has been deprecated. Use the FindObjectsByType overloads that do not take a FindObjectsSortMode parameter.'
Assets/Scripts/Core/ConveyorBelt.cs(28,32): warning CS0618: 'Object.FindObjectsByType<T>(FindObjectsSortMode)' is obsolete: 'FindObjectsByType with FindObjectsSortMode parameter has been deprecated. Use FindObjectsByType<T>() or FindObjectsByType<T>(FindObjectsInactive) instead. InstanceID will be replaced in the future with EntityId and previous sort order cannot be maintained.'
Assets/Scripts/Enemies/ZombieSpawner.cs(16,51): warning CS0618: 'FindObjectsSortMode' is obsolete: 'FindObjectsSortMode has been deprecated. Use the FindObjectsByType overloads that do not take a FindObjectsSortMode parameter.'
Assets/Scripts/Enemies/ZombieSpawner.cs(16,22): warning CS0618: 'Object.FindObjectsByType<T>(FindObjectsSortMode)' is obsolete: 'FindObjectsByType with FindObjectsSortMode parameter has been deprecated. Use FindObjectsByType<T>() or FindObjectsByType<T>(FindObjectsInactive) instead. InstanceID will be replaced in the future with EntityId and previous sort order cannot be maintained.'
Assets/Scripts/Combat/GunController.cs(50,34): warning CS0618: 'Object.FindFirstObjectByType<T>()' is obsolete: 'FindFirstObjectByType has been deprecated because it relies on instance ID ordering. Use FindAnyObjectByType instead, which does not depend on ordering.'
Assets/Scripts/Core/ConveyorBelt.cs(43,23): warning CS0618: 'Object.FindFirstObjectByType<T>()' is obsolete: 'FindFirstObjectByType has been deprecated because it relies on instance ID ordering. Use FindAnyObjectByType instead, which does not depend on ordering.'
Assets/Scripts/Core/HallwaySceneBuilder.cs(204,55): warning CS0618: 'FindObjectsSortMode' is obsolete: 'FindObjectsSortMode has been deprecated. Use the FindObjectsByType overloads that do not take a FindObjectsSortMode parameter.'
Assets/Scripts/Core/HallwaySceneBuilder.cs(204,29): warning CS0618: 'Object.FindObjectsByType<T>(FindObjectsSortMode)' is obsolete: 'FindObjectsByType with FindObjectsSortMode parameter has been deprecated. Use FindObjectsByType<T>() or FindObjectsByType<T>(FindObjectsInactive) instead. InstanceID will be replaced in the future with EntityId and previous sort order cannot be maintained.'
Assets/Scripts/Core/HallwaySceneBuilder.cs(224,59): warning CS0618: 'FindObjectsSortMode' is obsolete: 'FindObjectsSortMode has been deprecated. Use the FindObjectsByType overloads that do not take a FindObjectsSortMode parameter.'
Assets/Scripts/Core/HallwaySceneBuilder.cs(224,34): warning CS0618: 'Object.FindObjectsByType<T>(FindObjectsSortMode)' is obsolete: 'FindObjectsByType with FindObjectsSortMode parameter has been deprecated. Use FindObjectsByType<T>() or FindObjectsByType<T>(FindObjectsInactive) instead. InstanceID will be replaced in the future with EntityId and previous sort order cannot be maintained.'
[1350/1356  0s] ILPostProcess Library/Bee/artifacts/2400b0aE.dag/post-processed/Assembly-CSharp-Editor.dll (+pdb)
Processing assembly Library/Bee/artifacts/2400b0aE.dag/Assembly-CSharp-Editor.dll, with 134 defines and 401 references
processors: Unity.Jobs.CodeGen.JobsILPostProcessor, zzzUnity.Burst.CodeGen.BurstILPostProcessor
running Unity.Jobs.CodeGen.JobsILPostProcessor
running zzzUnity.Burst.CodeGen.BurstILPostProcessor
[1351/1356  0s] ILPostProcess Library/Bee/artifacts/2400b0aE.dag/post-processed/Assembly-CSharp.dll (+pdb)
Processing assembly Library/Bee/artifacts/2400b0aE.dag/Assembly-CSharp.dll, with 136 defines and 386 references
processors: Unity.Jobs.CodeGen.JobsILPostProcessor, zzzUnity.Burst.CodeGen.BurstILPostProcessor
running Unity.Jobs.CodeGen.JobsILPostProcessor
running zzzUnity.Burst.CodeGen.BurstILPostProcessor
[1354/1356  0s] CopyFiles Library/ScriptAssemblies/Assembly-CSharp.dll
[1355/1356  0s] CopyFiles Library/ScriptAssemblies/Assembly-CSharp.pdb
*** Tundra build success (2.47 seconds), 6 items updated, 1356 evaluated
Assets/Scripts/Player/PlayerController.cs(14,13): warning CS0618: 'XRBaseController' is obsolete: 'XRBaseController has been deprecated in version 3.0.0. Its functionality has been distributed into different components.'
Assets/Scripts/Player/PlayerController.cs(20,47): warning CS0618: 'XRBaseController' is obsolete: 'XRBaseController has been deprecated in version 3.0.0. Its functionality has been distributed into different components.'
Assets/Scripts/Core/ConveyorBelt.cs(28,58): warning CS0618: 'FindObjectsSortMode' is obsolete: 'FindObjectsSortMode has been deprecated. Use the FindObjectsByType overloads that do not take a FindObjectsSortMode parameter.'
Assets/Scripts/Core/ConveyorBelt.cs(28,32): warning CS0618: 'Object.FindObjectsByType<T>(FindObjectsSortMode)' is obsolete: 'FindObjectsByType with FindObjectsSortMode parameter has been deprecated. Use FindObjectsByType<T>() or FindObjectsByType<T>(FindObjectsInactive) instead. InstanceID will be replaced in the future with EntityId and previous sort order cannot be maintained.'
Assets/Scripts/Enemies/ZombieSpawner.cs(16,51): warning CS0618: 'FindObjectsSortMode' is obsolete: 'FindObjectsSortMode has been deprecated. Use the FindObjectsByType overloads that do not take a FindObjectsSortMode parameter.'
Assets/Scripts/Enemies/ZombieSpawner.cs(16,22): warning CS0618: 'Object.FindObjectsByType<T>(FindObjectsSortMode)' is obsolete: 'FindObjectsByType with FindObjectsSortMode parameter has been deprecated. Use FindObjectsByType<T>() or FindObjectsByType<T>(FindObjectsInactive) instead. InstanceID will be replaced in the future with EntityId and previous sort order cannot be maintained.'
Assets/Scripts/Combat/GunController.cs(50,34): warning CS0618: 'Object.FindFirstObjectByType<T>()' is obsolete: 'FindFirstObjectByType has been deprecated because it relies on instance ID ordering. Use FindAnyObjectByType instead, which does not depend on ordering.'
Assets/Scripts/Core/ConveyorBelt.cs(43,23): warning CS0618: 'Object.FindFirstObjectByType<T>()' is obsolete: 'FindFirstObjectByType has been deprecated because it relies on instance ID ordering. Use FindAnyObjectByType instead, which does not depend on ordering.'
Assets/Scripts/Core/HallwaySceneBuilder.cs(204,55): warning CS0618: 'FindObjectsSortMode' is obsolete: 'FindObjectsSortMode has been deprecated. Use the FindObjectsByType overloads that do not take a FindObjectsSortMode parameter.'
Assets/Scripts/Core/HallwaySceneBuilder.cs(204,29): warning CS0618: 'Object.FindObjectsByType<T>(FindObjectsSortMode)' is obsolete: 'FindObjectsByType with FindObjectsSortMode parameter has been deprecated. Use FindObjectsByType<T>() or FindObjectsByType<T>(FindObjectsInactive) instead. InstanceID will be replaced in the future with EntityId and previous sort order cannot be maintained.'
Assets/Scripts/Core/HallwaySceneBuilder.cs(224,59): warning CS0618: 'FindObjectsSortMode' is obsolete: 'FindObjectsSortMode has been deprecated. Use the FindObjectsByType overloads that do not take a FindObjectsSortMode parameter.'
Assets/Scripts/Core/HallwaySceneBuilder.cs(224,34): warning CS0618: 'Object.FindObjectsByType<T>(FindObjectsSortMode)' is obsolete: 'FindObjectsByType with FindObjectsSortMode parameter has been deprecated. Use FindObjectsByType<T>() or FindObjectsByType<T>(FindObjectsInactive) instead. InstanceID will be replaced in the future with EntityId and previous sort order cannot be maintained.'
Assets/Scripts/Core/ConveyorBelt.cs(28,58): warning CS0618: 'FindObjectsSortMode' is obsolete: 'FindObjectsSortMode has been deprecated. Use the FindObjectsByType overloads that do not take a FindObjectsSortMode parameter.'
Assets/Scripts/Core/ConveyorBelt.cs(28,32): warning CS0618: 'Object.FindObjectsByType<T>(FindObjectsSortMode)' is obsolete: 'FindObjectsByType with FindObjectsSortMode parameter has been deprecated. Use FindObjectsByType<T>() or FindObjectsByType<T>(FindObjectsInactive) instead. InstanceID will be replaced in the future with EntityId and previous sort order cannot be maintained.'
Assets/Scripts/Enemies/ZombieSpawner.cs(16,51): warning CS0618: 'FindObjectsSortMode' is obsolete: 'FindObjectsSortMode has been deprecated. Use the FindObjectsByType overloads that do not take a FindObjectsSortMode parameter.'
Assets/Scripts/Enemies/ZombieSpawner.cs(16,22): warning CS0618: 'Object.FindObjectsByType<T>(FindObjectsSortMode)' is obsolete: 'FindObjectsByType with FindObjectsSortMode parameter has been deprecated. Use FindObjectsByType<T>() or FindObjectsByType<T>(FindObjectsInactive) instead. InstanceID will be replaced in the future with EntityId and previous sort order cannot be maintained.'
Assets/Scripts/Combat/GunController.cs(50,34): warning CS0618: 'Object.FindFirstObjectByType<T>()' is obsolete: 'FindFirstObjectByType has been deprecated because it relies on instance ID ordering. Use FindAnyObjectByType instead, which does not depend on ordering.'
Assets/Scripts/Core/ConveyorBelt.cs(43,23): warning CS0618: 'Object.FindFirstObjectByType<T>()' is obsolete: 'FindFirstObjectByType has been deprecated because it relies on instance ID ordering. Use FindAnyObjectByType instead, which does not depend on ordering.'
Assets/Scripts/Core/HallwaySceneBuilder.cs(204,55): warning CS0618: 'FindObjectsSortMode' is obsolete: 'FindObjectsSortMode has been deprecated. Use the FindObjectsByType overloads that do not take a FindObjectsSortMode parameter.'
Assets/Scripts/Core/HallwaySceneBuilder.cs(204,29): warning CS0618: 'Object.FindObjectsByType<T>(FindObjectsSortMode)' is obsolete: 'FindObjectsByType with FindObjectsSortMode parameter has been deprecated. Use FindObjectsByType<T>() or FindObjectsByType<T>(FindObjectsInactive) instead. InstanceID will be replaced in the future with EntityId and previous sort order cannot be maintained.'
Assets/Scripts/Core/HallwaySceneBuilder.cs(224,59): warning CS0618: 'FindObjectsSortMode' is obsolete: 'FindObjectsSortMode has been deprecated. Use the FindObjectsByType overloads that do not take a FindObjectsSortMode parameter.'
Assets/Scripts/Core/HallwaySceneBuilder.cs(224,34): warning CS0618: 'Object.FindObjectsByType<T>(FindObjectsSortMode)' is obsolete: 'FindObjectsByType with FindObjectsSortMode parameter has been deprecated. Use FindObjectsByType<T>() or FindObjectsByType<T>(FindObjectsInactive) instead. InstanceID will be replaced in the future with EntityId and previous sort order cannot be maintained.'
Total cache size 67411408
Total cache size after purge 67411408, took 00:00:00.2143676
Reloading assemblies after forced synchronous recompile.
Begin MonoManager ReloadAssembly
Native extension for LinuxStandalone target not found
Native extension for Android target not found
[MODES] ModeService[none].Initialize
[MODES] ModeService[none].LoadModes
ScheduleIndexationOnStartup MainProcess:True IndexOnStartup:True
[Licensing::Client] Successfully resolved entitlement details
Mono: successfully reloaded assembly
- Finished resetting the current domain, in  2.579 seconds
Domain Reload Profiling: 4210ms
	BeginReloadAssembly (1192ms)
		DisableScriptedObjects (115ms)
		CreateAndSetChildDomain (510ms)
	RebuildCommonClasses (17ms)
	RebuildNativeTypeToScriptingClass (21ms)
	initialDomainReloadingComplete (58ms)
	LoadAllAssembliesAndSetupDomain (341ms)
		LoadAssemblies (144ms)
		AnalyzeDomain (194ms)
			TypeCache.Refresh (14ms)
			BuildScriptInfoCaches (151ms)
			ResolveRequiredComponents (24ms)
	FinalizeReload (2580ms)
		SetupLoadedEditorAssemblies (0ms)
			InitializePlatformSupportModulesInManaged (19ms)
			BeforeProcessingInitializeOnLoad (283ms)
			ProcessInitializeOnLoadAttributes (813ms)
			ProcessInitializeOnLoadMethodAttributes (137ms)
			AfterProcessingInitializeOnLoad (5ms)
		AwakeInstancesAfterBackupRestoration (734ms)
Refreshing native plugins compatible for Editor in 2.70 ms, found 1 plugins.

Asset Pipeline Refresh (id=30cebc274480d297c980ac521a62ba7b): Total: 8.152 seconds - Initiated by RefreshV2(AllowForceSynchronousImport)
	(Values over 0.05ms)
	Summary:
		Imports: total=0 (actual=0, local cache=0, cache server=0)
		Asset DB Process Time: managed=0 ms, native=3498 ms
		Asset DB Callback time: managed=132 ms, native=5 ms
		Scripting: domain reloads=1, domain reload time=1671 ms, compile time=2844 ms, other=0 ms
		Project Asset Count: scripts=1829, non-scripts=2725
		Asset File Changes: new=0, changed=1, moved=0, deleted=0
		Scan Filter Count: 1
	InvokePackagesCallback: 0.558ms
	ApplyChangesToAssetFolders: 0.694ms
	Scan: 703.279ms
	Collect global state as custom dependencies: 3.417ms
	OnSourceAssetsModified: 0.794ms
	ProcessAssetsWithTransientArtifactChanges: 5.013ms
	CategorizeAssets: 96.819ms
	CompileScripts: 2844.487ms
	ImportOutOfDateAssets: 2639.320ms (2603.248ms without children)
		CollectScriptTypesHashes: 1.220ms
		ReloadNativeAssets: 1.387ms
		UnloadImportedAssets: 0.407ms
		EnsureUptoDateAssetsAreRegisteredWithGuidPM: 0.783ms
		ImportSchedulerStart: 33.442ms
	PostProcessAllAssets: 133.698ms
		XRBuildSystem.XRAssetImported 1.534ms
		MonoPostProcessAllAssets: 131.775ms
			AssetCallbacks.OnPostprocessAllAssets 86.115ms
			UniversalRenderPipelineGlobalSettingsPostprocessor.OnPostprocessAllAssets 8.745ms
			BuilderAssetPostprocessor.OnPostprocessAllAssets 6.121ms
			AssetChangedListener.OnPostprocessAllAssets 4.689ms
			AssetPostprocessor.OnPostprocessAllAssets 3.634ms
			SpeedTree9Postprocessor.OnPostprocessAllAssets 1.913ms
			WindowAssetPostprocessingWatcher.OnPostprocessAllAssets 1.692ms
			ShaderGraphAssetPostProcessor.OnPostprocessAllAssets 1.196ms
			RetainedModeAssetPostprocessor.OnPostprocessAllAssets 1.031ms
			MaterialPostprocessor.OnPostprocessAllAssets 0.859ms
			EditModeScopePostprocessor.OnPostprocessAllAssets 0.828ms
			RenderPipelineGlobalSettingsPostprocessor.OnPostprocessAllAssets 0.582ms
			ProjectSettingsPostprocessor.OnPostprocessAllAssets 0.558ms
			TMPro_TexturePostProcessor.OnPostprocessAllAssets 0.483ms
			InputActionAssetPostprocessor.OnPostprocessAllAssets 0.430ms
			ArtifactBrowserPostProcessor.OnPostprocessAllAssets 0.423ms
			InputActionJsonNameModifierAssetProcessor.OnPostprocessAllAssets 0.313ms
			AudioMixerPostprocessor.OnPostprocessAllAssets 0.305ms
			TextAssetPostProcessor.OnPostprocessAllAssets 0.286ms
			AssetEvents.OnPostprocessAllAssets 0.258ms
			ShaderReflectionAssetPostProcessor.OnPostprocessAllAssets 0.253ms
			ReferencedClipsPostProcessor.OnPostprocessAllAssets 0.253ms
			EnvironmentAssetPostprocessor.OnPostprocessAllAssets 0.240ms
			SampleDependencyImporterPostProcessor.OnPostprocessAllAssets 0.221ms
			StyleCatalogPostProcessor.OnPostprocessAllAssets 0.212ms
			SyncVS.PostprocessSyncProject 0.191ms
			PostProcessor.OnPostprocessAllAssets 0.169ms
			TerrainToolbarOverlayPostProcessor.OnPostprocessAllAssets 0.144ms
			SpeedTreePostProcessor.OnPostprocessAllAssets 0.135ms
			AssetDatabaseCallbacks.OnPostprocessAllAssets 0.132ms
			ConfigAssetsTracker.OnPostprocessAllAssets 0.103ms
			ScenarioDriftAssetsTracker.OnPostprocessAllAssets 0.097ms
			AudioContainerPostProcessor.OnPostprocessAllAssets 0.074ms
	PostAssetChangesProfiler: 3.521ms
	GatherAllCurrentPrimaryImportResultRevisions: 0.309ms
	UnloadStreamsBegin: 2.494ms
	PersistCurrentRevisions: 0.168ms
	GenerateScriptTypeHashes: 8.410ms
	GenerateScriptTypeSerializationHashes: 13.440ms
	Untracked: 1714.936ms

[Licensing::Client] Successfully resolved entitlement details
Importing 'GUID: 3dd11dcd12272e54f8a19d8224e35f53 - Path: Assets/XR/Settings/OpenXRPackageSettings.asset' with importer (NativeFormatImporter)
Imported 'GUID: 3dd11dcd12272e54f8a19d8224e35f53' -> (Import Result ID: '124e102bf15640c77b88c0853e2b63fc') in 0.010 seconds [static dependencies only]. Details - ImportResultOutputID=a2fce30c4ac17f62c0f27da484977667 DependenciesID=70b6fc02e979cfe63a26b0a61c722e63 StaticDependenciesID=b8d5f0d117249b820dad5460aa048331 
Refreshing native plugins compatible for Editor in 3.31 ms, found 1 plugins.
Asset Pipeline Refresh (id=8ddc1502c7c293add825ab30a02a0a5e): Total: 0.156 seconds - Initiated by StopAssetImportingV2(NoUpdateAssetOptions)
Importing 'GUID: 3dd11dcd12272e54f8a19d8224e35f53 - Path: Assets/XR/Settings/OpenXRPackageSettings.asset' with importer (NativeFormatImporter)
Imported 'GUID: 3dd11dcd12272e54f8a19d8224e35f53' -> (Import Result ID: '124e102bf15640c77b88c0853e2b63fc') in 0.002 seconds [static dependencies only]. Details - ImportResultOutputID=a2fce30c4ac17f62c0f27da484977667 DependenciesID=70b6fc02e979cfe63a26b0a61c722e63 StaticDependenciesID=b8d5f0d117249b820dad5460aa048331 
Refreshing native plugins compatible for Editor in 3.66 ms, found 1 plugins.
Asset Pipeline Refresh (id=049e27d93348319ffb47ee2ddb86e0bc): Total: 0.099 seconds - Initiated by StopAssetImportingV2(NoUpdateAssetOptions)
Importing 'GUID: 3dd11dcd12272e54f8a19d8224e35f53 - Path: Assets/XR/Settings/OpenXRPackageSettings.asset' with importer (NativeFormatImporter)
Imported 'GUID: 3dd11dcd12272e54f8a19d8224e35f53' -> (Import Result ID: '124e102bf15640c77b88c0853e2b63fc') in 0.002 seconds [static dependencies only]. Details - ImportResultOutputID=a2fce30c4ac17f62c0f27da484977667 DependenciesID=70b6fc02e979cfe63a26b0a61c722e63 StaticDependenciesID=b8d5f0d117249b820dad5460aa048331 
Refreshing native plugins compatible for Editor in 3.42 ms, found 1 plugins.
Asset Pipeline Refresh (id=7bca94cb0a210b201982aee3a862cf2e): Total: 0.093 seconds - Initiated by StopAssetImportingV2(NoUpdateAssetOptions)
Importing 'GUID: 3dd11dcd12272e54f8a19d8224e35f53 - Path: Assets/XR/Settings/OpenXRPackageSettings.asset' with importer (NativeFormatImporter)
Imported 'GUID: 3dd11dcd12272e54f8a19d8224e35f53' -> (Import Result ID: '124e102bf15640c77b88c0853e2b63fc') in 0.002 seconds [static dependencies only]. Details - ImportResultOutputID=a2fce30c4ac17f62c0f27da484977667 DependenciesID=70b6fc02e979cfe63a26b0a61c722e63 StaticDependenciesID=b8d5f0d117249b820dad5460aa048331 
Refreshing native plugins compatible for Editor in 3.82 ms, found 1 plugins.
Asset Pipeline Refresh (id=015a4ab30c3a234b6beccbc0839c5de3): Total: 0.091 seconds - Initiated by StopAssetImportingV2(NoUpdateAssetOptions)
Request Asset Garbage Collect because used heap size increased from 390.9 MB to 0.66 GB, exceeding the threshold of 256.0 MB.
Asset Pipeline Refresh (id=d47a8abc2b9f422608d7b68f50dc42b6): Total: 0.129 seconds - Initiated by RefreshV2(AllowForceSynchronousImport)
Unloading 0 Unused Serialized files (Serialized files now loaded: 0)
[Licensing::Client] Successfully resolved entitlement details
[Licensing::Client] Successfully resolved entitlement details
Unloading 238 unused Assets / (57.4 KB). Loaded Objects now: 8742.
Memory consumption went from 0.94 GB to 0.94 GB.
Total: 45.323280 ms (FindLiveObjects: 1.932153 ms CreateObjectMapping: 0.319993 ms MarkObjects: 41.884049 ms  DeleteObjects: 1.185824 ms)

GLX Extensions: GLX_ARB_context_flush_control GLX_ARB_create_context GLX_ARB_create_context_no_error GLX_ARB_create_context_profile GLX_ARB_create_context_robustness GLX_ARB_fbconfig_float GLX_ARB_framebuffer_sRGB GLX_ARB_get_proc_address GLX_ARB_multisample GLX_EXT_buffer_age GLX_EXT_create_context_es2_profile GLX_EXT_create_context_es_profile GLX_EXT_fbconfig_packed_float GLX_EXT_framebuffer_sRGB GLX_EXT_no_config_context GLX_EXT_swap_control GLX_EXT_swap_control_tear GLX_EXT_texture_from_pixmap GLX_EXT_visual_info GLX_EXT_visual_rating GLX_MESA_copy_sub_buffer GLX_MESA_gl_interop GLX_MESA_query_renderer GLX_MESA_swap_control GLX_OML_sync_control GLX_SGIS_multisample GLX_SGIX_fbconfig GLX_SGIX_pbuffer GLX_SGIX_visual_select_group GLX_SGI_make_current_read GLX_SGI_video_sync 
Reloading assemblies for play mode.
Reloading assemblies after forced synchronous recompile.
Begin MonoManager ReloadAssembly
Native extension for LinuxStandalone target not found
Native extension for Android target not found
ScheduleIndexationOnStartup MainProcess:True IndexOnStartup:True
[MODES] ModeService[none].Initialize
[MODES] ModeService[none].LoadModes
Mono: successfully reloaded assembly
- Finished resetting the current domain, in  2.042 seconds
Domain Reload Profiling: 2946ms
	BeginReloadAssembly (694ms)
		DisableScriptedObjects (98ms)
		CreateAndSetChildDomain (436ms)
	RebuildCommonClasses (9ms)
	RebuildNativeTypeToScriptingClass (9ms)
	initialDomainReloadingComplete (41ms)
	LoadAllAssembliesAndSetupDomain (150ms)
		LoadAssemblies (80ms)
		AnalyzeDomain (31ms)
			TypeCache.Refresh (7ms)
			ResolveRequiredComponents (21ms)
	FinalizeReload (2043ms)
		SetupLoadedEditorAssemblies (0ms)
			InitializePlatformSupportModulesInManaged (17ms)
			BeforeProcessingInitializeOnLoad (81ms)
			ProcessInitializeOnLoadAttributes (618ms)
			ProcessInitializeOnLoadMethodAttributes (111ms)
			AfterProcessingInitializeOnLoad (3ms)
		AwakeInstancesAfterBackupRestoration (595ms)

Asset Pipeline Refresh (id=ef740862e50321489a67a918fcf373f0): Total: 3.181 seconds - Initiated by StopAssetImportingV2(ForceSynchronousImport | ForceDomainReload)
	(Values over 0.05ms)
	Summary:
		Imports: total=0 (actual=0, local cache=0, cache server=0)
		Asset DB Process Time: managed=0 ms, native=2223 ms
		Asset DB Callback time: managed=25 ms, native=0 ms
		Scripting: domain reloads=1, domain reload time=930 ms, compile time=1 ms, other=0 ms
		Project Asset Count: scripts=1829, non-scripts=2725
		Asset File Changes: new=0, changed=0, moved=0, deleted=0
		Scan Filter Count: 0
	InvokePackagesCallback: 0.350ms
	ApplyChangesToAssetFolders: 0.437ms
	Collect global state as custom dependencies: 3.432ms
	ProcessAssetsWithTransientArtifactChanges: 0.374ms
	CategorizeAssets: 56.982ms
	CompileScripts: 1.006ms
	ImportOutOfDateAssets: 2112.926ms (2069.908ms without children)
		CollectScriptTypesHashes: 2.102ms
		ReloadNativeAssets: 1.289ms
		UnloadImportedAssets: 0.247ms
		EnsureUptoDateAssetsAreRegisteredWithGuidPM: 0.637ms
		ImportSchedulerStart: 40.812ms
	PostProcessAllAssets: 25.814ms
		MonoPostProcessAllAssets: 25.809ms
			UniversalRenderPipelineGlobalSettingsPostprocessor.OnPostprocessAllAssets 11.777ms
			SpeedTree9Postprocessor.OnPostprocessAllAssets 2.132ms
			WindowAssetPostprocessingWatcher.OnPostprocessAllAssets 1.549ms
			ShaderGraphAssetPostProcessor.OnPostprocessAllAssets 0.677ms
			TMPro_TexturePostProcessor.OnPostprocessAllAssets 0.660ms
			RenderPipelineGlobalSettingsPostprocessor.OnPostprocessAllAssets 0.552ms
			ShaderReflectionAssetPostProcessor.OnPostprocessAllAssets 0.396ms
			InputActionAssetPostprocessor.OnPostprocessAllAssets 0.329ms
			TextAssetPostProcessor.OnPostprocessAllAssets 0.299ms
			ProjectSettingsPostprocessor.OnPostprocessAllAssets 0.231ms
			EditModeScopePostprocessor.OnPostprocessAllAssets 0.223ms
			ReferencedClipsPostProcessor.OnPostprocessAllAssets 0.216ms
			TerrainToolbarOverlayPostProcessor.OnPostprocessAllAssets 0.160ms
			AssetPostprocessor.OnPostprocessAllAssets 0.128ms
			AssetDatabaseCallbacks.OnPostprocessAllAssets 0.111ms
			SyncVS.PostprocessSyncProject 0.079ms
			AssetChangedListener.OnPostprocessAllAssets 0.050ms
	GatherAllCurrentPrimaryImportResultRevisions: 0.353ms
	UnloadStreamsBegin: 0.276ms
	PersistCurrentRevisions: 0.171ms
	GenerateScriptTypeHashes: 4.887ms
	GenerateScriptTypeSerializationHashes: 8.058ms
	Untracked: 975.410ms

[Subsystems] Loading plugin XRSimulationSubsystem for subsystem XRSimulation-Input...
Refreshing native plugins compatible for Editor in 3.43 ms, found 1 plugins.
[Subsystems] Loading plugin XRSimulationSubsystem for subsystem XRSimulation-Meshing...
Loaded scene 'Temp/__Backupscenes/0.backup'
	Deserialize:            0.645 ms
	Integration:            297.878 ms
	Integration of assets:  0.001 ms
	Thread Wait Time:       0.044 ms
	Total Operation Time:   298.568 ms
ZombieSpawner: Assign zombie prefabs in Inspector (e.g. Zombie_A_SuitMan). No zombies will spawn until then.
UnityEngine.Debug:ExtractStackTraceNoAlloc (byte*,int,string)
UnityEngine.StackTraceUtility:ExtractStackTrace () (at /home/bokken/build/output/unity/unity/Runtime/Export/Scripting/StackTrace.cs:35)
UnityEngine.DebugLogHandler:Internal_Log (UnityEngine.LogType,UnityEngine.LogOption,string,UnityEngine.Object)
UnityEngine.DebugLogHandler:LogFormat (UnityEngine.LogType,UnityEngine.Object,string,object[])
UnityEngine.Logger:Log (UnityEngine.LogType,object)
UnityEngine.Debug:Log (object)
ZombieSpawner:Start () (at Assets/Scripts/Enemies/ZombieSpawner.cs:24)

(Filename: Assets/Scripts/Enemies/ZombieSpawner.cs Line: 24)

Importing 'GUID: 3dd11dcd12272e54f8a19d8224e35f53 - Path: Assets/XR/Settings/OpenXRPackageSettings.asset' with importer (NativeFormatImporter)
Imported 'GUID: 3dd11dcd12272e54f8a19d8224e35f53' -> (Import Result ID: '124e102bf15640c77b88c0853e2b63fc') in 0.005 seconds [static dependencies only]. Details - ImportResultOutputID=a2fce30c4ac17f62c0f27da484977667 DependenciesID=70b6fc02e979cfe63a26b0a61c722e63 StaticDependenciesID=b8d5f0d117249b820dad5460aa048331 
Refreshing native plugins compatible for Editor in 2.14 ms, found 1 plugins.
Asset Pipeline Refresh (id=1fa8590cb83162fca9bc83abc240f169): Total: 0.125 seconds - Initiated by StopAssetImportingV2(NoUpdateAssetOptions)
Importing 'GUID: 3dd11dcd12272e54f8a19d8224e35f53 - Path: Assets/XR/Settings/OpenXRPackageSettings.asset' with importer (NativeFormatImporter)
Imported 'GUID: 3dd11dcd12272e54f8a19d8224e35f53' -> (Import Result ID: '124e102bf15640c77b88c0853e2b63fc') in 0.002 seconds [static dependencies only]. Details - ImportResultOutputID=a2fce30c4ac17f62c0f27da484977667 DependenciesID=70b6fc02e979cfe63a26b0a61c722e63 StaticDependenciesID=b8d5f0d117249b820dad5460aa048331 
Refreshing native plugins compatible for Editor in 3.00 ms, found 1 plugins.
Asset Pipeline Refresh (id=dc0d765372e0549b4a7afe270b06ceab): Total: 0.081 seconds - Initiated by StopAssetImportingV2(NoUpdateAssetOptions)
Importing 'GUID: 3dd11dcd12272e54f8a19d8224e35f53 - Path: Assets/XR/Settings/OpenXRPackageSettings.asset' with importer (NativeFormatImporter)
Imported 'GUID: 3dd11dcd12272e54f8a19d8224e35f53' -> (Import Result ID: '124e102bf15640c77b88c0853e2b63fc') in 0.002 seconds [static dependencies only]. Details - ImportResultOutputID=a2fce30c4ac17f62c0f27da484977667 DependenciesID=70b6fc02e979cfe63a26b0a61c722e63 StaticDependenciesID=b8d5f0d117249b820dad5460aa048331 
Refreshing native plugins compatible for Editor in 2.93 ms, found 1 plugins.
Asset Pipeline Refresh (id=59faa6d303317be6f94bae23641cafcd): Total: 0.073 seconds - Initiated by StopAssetImportingV2(NoUpdateAssetOptions)
Importing 'GUID: 3dd11dcd12272e54f8a19d8224e35f53 - Path: Assets/XR/Settings/OpenXRPackageSettings.asset' with importer (NativeFormatImporter)
Imported 'GUID: 3dd11dcd12272e54f8a19d8224e35f53' -> (Import Result ID: '124e102bf15640c77b88c0853e2b63fc') in 0.001 seconds [static dependencies only]. Details - ImportResultOutputID=a2fce30c4ac17f62c0f27da484977667 DependenciesID=70b6fc02e979cfe63a26b0a61c722e63 StaticDependenciesID=b8d5f0d117249b820dad5460aa048331 
Refreshing native plugins compatible for Editor in 3.76 ms, found 1 plugins.
Asset Pipeline Refresh (id=88749608a4e30bc1183addc81943f33e): Total: 0.077 seconds - Initiated by StopAssetImportingV2(NoUpdateAssetOptions)
[Licensing::Client] Successfully resolved entitlement details
[Licensing::Client] Successfully resolved entitlement details
[Licensing::Client] Successfully resolved entitlement details
[Licensing::Client] Successfully resolved entitlement details
[Licensing::Client] Successfully resolved entitlement details
[Licensing::Client] Successfully resolved entitlement details
Asset Pipeline Refresh (id=463afcc5f2935c7088d3043ad30a7227): Total: 0.113 seconds - Initiated by RefreshV2(NoUpdateAssetOptions)
Asset Pipeline Refresh (id=e821f445362f3bcae95676096551278a): Total: 0.091 seconds - Initiated by RefreshV2(NoUpdateAssetOptions)
Asset Pipeline Refresh (id=694837d8e951cf98ab70970054184d2b): Total: 0.129 seconds - Initiated by RefreshV2(NoUpdateAssetOptions)
Asset Pipeline Refresh (id=8d78ae024807c70beb43b9cb7833c55e): Total: 0.109 seconds - Initiated by RefreshV2(NoUpdateAssetOptions)
Asset Pipeline Refresh (id=c1162de30710fca9fa062268d2559b18): Total: 0.091 seconds - Initiated by RefreshV2(NoUpdateAssetOptions)
Asset Pipeline Refresh (id=f96416c4ad672f0c79694e87d57f8025): Total: 0.105 seconds - Initiated by RefreshV2(NoUpdateAssetOptions)
Asset Pipeline Refresh (id=fe973c2c39d3952e097624dece457aac): Total: 0.104 seconds - Initiated by RefreshV2(NoUpdateAssetOptions)
Asset Pipeline Refresh (id=4c06b67b5082d4de2a0e2ed718e2cac9): Total: 0.122 seconds - Initiated by RefreshV2(NoUpdateAssetOptions)
Asset Pipeline Refresh (id=ff715f8fce411bcc59876c45163d3775): Total: 0.107 seconds - Initiated by RefreshV2(NoUpdateAssetOptions)
Asset Pipeline Refresh (id=39a416cb209a77dd397d419209765a94): Total: 0.108 seconds - Initiated by RefreshV2(NoUpdateAssetOptions)
Asset Pipeline Refresh (id=5ee5709bfb57caeef8eb1390caded075): Total: 0.102 seconds - Initiated by RefreshV2(NoUpdateAssetOptions)
Asset Pipeline Refresh (id=1b2fab2ca6c4d3c00af643e72f0ee23f): Total: 0.090 seconds - Initiated by RefreshV2(NoUpdateAssetOptions)
Asset Pipeline Refresh (id=a45b71d78dbe621df9958808550ca045): Total: 0.104 seconds - Initiated by RefreshV2(NoUpdateAssetOptions)
UnassignedReferenceException: The variable zombiePrefabs of ZombieSpawner has not been assigned.
You probably need to assign the zombiePrefabs variable of the ZombieSpawner script in the inspector. Parameter name: data
  at UnityEngine.Object+MarshalledUnityObject.TryThrowEditorNullExceptionObject (UnityEngine.Object unityObj, System.String parameterName) [0x000b6] in /home/bokken/build/output/unity/unity/Runtime/Export/Scripting/UnityEngineObject.bindings.cs:1163 
  at UnityEngine.Bindings.ThrowHelper.ThrowArgumentNullException (System.Object obj, System.String parameterName) [0x0000a] in /home/bokken/build/output/unity/unity/Runtime/Export/Scripting/BindingsHelpers.cs:53 
  at UnityEngine.Object.Internal_InstantiateSingle (UnityEngine.Object data, UnityEngine.Vector3 pos, UnityEngine.Quaternion rot) [0x00015] in <f1b7b21189b645c8af0437a04dbf7cf9>:0 
  at UnityEngine.Object.Instantiate (UnityEngine.Object original, UnityEngine.Vector3 position, UnityEngine.Quaternion rotation) [0x0001e] in /home/bokken/build/output/unity/unity/Runtime/Export/Scripting/UnityEngineObject.bindings.cs:534 
  at UnityEngine.Object.Instantiate[T] (T original, UnityEngine.Vector3 position, UnityEngine.Quaternion rotation) [0x00000] in /home/bokken/build/output/unity/unity/Runtime/Export/Scripting/UnityEngineObject.bindings.cs:681 
  at ZombieSpawner.SpawnOne () [0x0002b] in /home/asif/Projects/vrGame/vrgame/Assets/Scripts/Enemies/ZombieSpawner.cs:44 
  at ZombieSpawner.Update () [0x0004f] in /home/asif/Projects/vrGame/vrgame/Assets/Scripts/Enemies/ZombieSpawner.cs:36 

(Filename: Assets/Scripts/Enemies/ZombieSpawner.cs Line: 44)

Starting new worker id: 1 with log in /home/asif/Projects/vrGame/vrgame/Logs/AssetImportWorkerHW1.log
[Worker0] Imported GUID: b41e10db939908331bf23ce0cc9b8683 - Path: Assets/Prefabs - Importer: PreviewImporter -> (ImportResultId: 'e4ebd37300ca1391ff2d56fc493b13ab') in 0.032963369 seconds
[UnityConnectServicesConfig] Local config successfully read: "/usr/share/unity3d/config/services-config.json"
[UnityConnectServicesConfig] Service configuration:
    "servicesConfigBaseUrl": "",
    "disableServicesWindow": false,
    "disableUserLogin": false,
    "entitlementCacheTimeoutInSeconds": 60,
    "clientConnectTimeoutSec": 60,
    "clientHandshakeTimeoutSec": 30,
    "clientResolveEntitlementsTimeoutSec": 30,
    "clientUpdateLicenseTimeoutSec": 30,
    "licensingServiceBaseUrl": "",
    "enableProxyAutoconfig": "false"

Worker ready: AssetImportWorkerHW1 1
Opening Default Application/usr/bin/xdg-open: line 1045: x-www-browser: command not found
/usr/bin/xdg-open: line 1045: firefox: command not found
/usr/bin/xdg-open: line 1045: iceweasel: command not found
/usr/bin/xdg-open: line 1045: seamonkey: command not found
/usr/bin/xdg-open: line 1045: mozilla: command not found
/usr/bin/xdg-open: line 1045: epiphany: command not found
/usr/bin/xdg-open: line 1045: konqueror: command not found
/usr/bin/xdg-open: line 1045: chromium: command not found
/usr/bin/xdg-open: line 1045: chromium-browser: command not found
/usr/bin/xdg-open: line 1045: google-chrome: command not found
/usr/bin/xdg-open: line 1045: www-browser: command not found
/usr/bin/xdg-open: line 1045: links2: command not found
/usr/bin/xdg-open: line 1045: elinks: command not found
/usr/bin/xdg-open: line 1045: links: command not found
/usr/bin/xdg-open: line 1045: lynx: command not found
/usr/bin/xdg-open: line 1045: w3m: command not found
xdg-open: no method available for opening '/home/asif/Projects/vrGame/vrgame/Assets/Models/Characters/Zombies/Zombie_A/Characters_Zombie_SuitMan_1.fbx'
DllNotFoundException: UnityOpenXR assembly:<unknown assembly> type:<unknown type> member:(null)
  at (wrapper managed-to-native) UnityEngine.XR.OpenXR.OpenXRSettings.Internal_SetSymmetricProjection(bool)
  at UnityEngine.XR.OpenXR.OpenXRSettings.ApplyRenderSettings () [0x00000] in ./Library/PackageCache/com.unity.xr.openxr@58837b2992e0/Runtime/Settings/OpenXRRenderSettings.cs:296 
  at UnityEngine.XR.OpenXR.OpenXRSettings.ApplySettings (System.Boolean logSettings) [0x0001b] in ./Library/PackageCache/com.unity.xr.openxr@58837b2992e0/Runtime/Settings/OpenXRSettings.cs:33 
  at UnityEngine.XR.OpenXR.OpenXRSettings.OnValidate () [0x00007] in ./Library/PackageCache/com.unity.xr.openxr@58837b2992e0/Runtime/Settings/OpenXRSettings.cs:41 

(Filename: ./Library/PackageCache/com.unity.xr.openxr@58837b2992e0/Runtime/Settings/OpenXRRenderSettings.cs Line: 296)

DllNotFoundException: UnityOpenXR assembly:<unknown assembly> type:<unknown type> member:(null)
  at (wrapper managed-to-native) UnityEngine.XR.OpenXR.OpenXRSettings.Internal_SetSymmetricProjection(bool)
  at UnityEngine.XR.OpenXR.OpenXRSettings.ApplyRenderSettings () [0x00000] in ./Library/PackageCache/com.unity.xr.openxr@58837b2992e0/Runtime/Settings/OpenXRRenderSettings.cs:296 
  at UnityEngine.XR.OpenXR.OpenXRSettings.ApplySettings (System.Boolean logSettings) [0x0001b] in ./Library/PackageCache/com.unity.xr.openxr@58837b2992e0/Runtime/Settings/OpenXRSettings.cs:33 
  at UnityEngine.XR.OpenXR.OpenXRSettings.OnValidate () [0x00007] in ./Library/PackageCache/com.unity.xr.openxr@58837b2992e0/Runtime/Settings/OpenXRSettings.cs:41 

(Filename: ./Library/PackageCache/com.unity.xr.openxr@58837b2992e0/Runtime/Settings/OpenXRRenderSettings.cs Line: 296)

DllNotFoundException: UnityOpenXR assembly:<unknown assembly> type:<unknown type> member:(null)
  at (wrapper managed-to-native) UnityEngine.XR.OpenXR.OpenXRSettings.Internal_SetSymmetricProjection(bool)
  at UnityEngine.XR.OpenXR.OpenXRSettings.ApplyRenderSettings () [0x00000] in ./Library/PackageCache/com.unity.xr.openxr@58837b2992e0/Runtime/Settings/OpenXRRenderSettings.cs:296 
  at UnityEngine.XR.OpenXR.OpenXRSettings.ApplySettings (System.Boolean logSettings) [0x0001b] in ./Library/PackageCache/com.unity.xr.openxr@58837b2992e0/Runtime/Settings/OpenXRSettings.cs:33 
  at UnityEngine.XR.OpenXR.OpenXRSettings.OnValidate () [0x00007] in ./Library/PackageCache/com.unity.xr.openxr@58837b2992e0/Runtime/Settings/OpenXRSettings.cs:41 

(Filename: ./Library/PackageCache/com.unity.xr.openxr@58837b2992e0/Runtime/Settings/OpenXRRenderSettings.cs Line: 296)

DllNotFoundException: UnityOpenXR assembly:<unknown assembly> type:<unknown type> member:(null)
  at (wrapper managed-to-native) UnityEngine.XR.OpenXR.OpenXRSettings.Internal_SetSymmetricProjection(bool)
  at UnityEngine.XR.OpenXR.OpenXRSettings.ApplyRenderSettings () [0x00000] in ./Library/PackageCache/com.unity.xr.openxr@58837b2992e0/Runtime/Settings/OpenXRRenderSettings.cs:296 
  at UnityEngine.XR.OpenXR.OpenXRSettings.ApplySettings (System.Boolean logSettings) [0x0001b] in ./Library/PackageCache/com.unity.xr.openxr@58837b2992e0/Runtime/Settings/OpenXRSettings.cs:33 
  at UnityEngine.XR.OpenXR.OpenXRSettings.OnValidate () [0x00007] in ./Library/PackageCache/com.unity.xr.openxr@58837b2992e0/Runtime/Settings/OpenXRSettings.cs:41 

(Filename: ./Library/PackageCache/com.unity.xr.openxr@58837b2992e0/Runtime/Settings/OpenXRRenderSettings.cs Line: 296)

Asset Pipeline Refresh (id=3a91b94794e807faa9e9bf1fa5d285a7): Total: 0.215 seconds - Initiated by RefreshV2(NoUpdateAssetOptions)
Opening Default Application/usr/bin/xdg-open: line 1045: x-www-browser: command not found
/usr/bin/xdg-open: line 1045: firefox: command not found
/usr/bin/xdg-open: line 1045: iceweasel: command not found
/usr/bin/xdg-open: line 1045: seamonkey: command not found
/usr/bin/xdg-open: line 1045: mozilla: command not found
/usr/bin/xdg-open: line 1045: epiphany: command not found
/usr/bin/xdg-open: line 1045: konqueror: command not found
/usr/bin/xdg-open: line 1045: chromium: command not found
/usr/bin/xdg-open: line 1045: chromium-browser: command not found
/usr/bin/xdg-open: line 1045: google-chrome: command not found
/usr/bin/xdg-open: line 1045: www-browser: command not found
/usr/bin/xdg-open: line 1045: links2: command not found
/usr/bin/xdg-open: line 1045: elinks: command not found
/usr/bin/xdg-open: line 1045: links: command not found
/usr/bin/xdg-open: line 1045: lynx: command not found
/usr/bin/xdg-open: line 1045: w3m: command not found
xdg-open: no method available for opening '/home/asif/Projects/vrGame/vrgame/Assets/Models/Characters/Zombies/Zombie_A/Characters_Zombie_SuitMan_1.fbx'
GLX Extensions: GLX_ARB_context_flush_control GLX_ARB_create_context GLX_ARB_create_context_no_error GLX_ARB_create_context_profile GLX_ARB_create_context_robustness GLX_ARB_fbconfig_float GLX_ARB_framebuffer_sRGB GLX_ARB_get_proc_address GLX_ARB_multisample GLX_EXT_buffer_age GLX_EXT_create_context_es2_profile GLX_EXT_create_context_es_profile GLX_EXT_fbconfig_packed_float GLX_EXT_framebuffer_sRGB GLX_EXT_no_config_context GLX_EXT_swap_control GLX_EXT_swap_control_tear GLX_EXT_texture_from_pixmap GLX_EXT_visual_info GLX_EXT_visual_rating GLX_MESA_copy_sub_buffer GLX_MESA_gl_interop GLX_MESA_query_renderer GLX_MESA_swap_control GLX_OML_sync_control GLX_SGIS_multisample GLX_SGIX_fbconfig GLX_SGIX_pbuffer GLX_SGIX_visual_select_group GLX_SGI_make_current_read GLX_SGI_video_sync 
Warning: X server took longer than 101 milliseconds to respond to GtkWidgetFocusing
GLX Extensions: GLX_ARB_context_flush_control GLX_ARB_create_context GLX_ARB_create_context_no_error GLX_ARB_create_context_profile GLX_ARB_create_context_robustness GLX_ARB_fbconfig_float GLX_ARB_framebuffer_sRGB GLX_ARB_get_proc_address GLX_ARB_multisample GLX_EXT_buffer_age GLX_EXT_create_context_es2_profile GLX_EXT_create_context_es_profile GLX_EXT_fbconfig_packed_float GLX_EXT_framebuffer_sRGB GLX_EXT_no_config_context GLX_EXT_swap_control GLX_EXT_swap_control_tear GLX_EXT_texture_from_pixmap GLX_EXT_visual_info GLX_EXT_visual_rating GLX_MESA_copy_sub_buffer GLX_MESA_gl_interop GLX_MESA_query_renderer GLX_MESA_swap_control GLX_OML_sync_control GLX_SGIS_multisample GLX_SGIX_fbconfig GLX_SGIX_pbuffer GLX_SGIX_visual_select_group GLX_SGI_make_current_read GLX_SGI_video_sync 
GLX Extensions: GLX_ARB_context_flush_control GLX_ARB_create_context GLX_ARB_create_context_no_error GLX_ARB_create_context_profile GLX_ARB_create_context_robustness GLX_ARB_fbconfig_float GLX_ARB_framebuffer_sRGB GLX_ARB_get_proc_address GLX_ARB_multisample GLX_EXT_buffer_age GLX_EXT_create_context_es2_profile GLX_EXT_create_context_es_profile GLX_EXT_fbconfig_packed_float GLX_EXT_framebuffer_sRGB GLX_EXT_no_config_context GLX_EXT_swap_control GLX_EXT_swap_control_tear GLX_EXT_texture_from_pixmap GLX_EXT_visual_info GLX_EXT_visual_rating GLX_MESA_copy_sub_buffer GLX_MESA_gl_interop GLX_MESA_query_renderer GLX_MESA_swap_control GLX_OML_sync_control GLX_SGIS_multisample GLX_SGIX_fbconfig GLX_SGIX_pbuffer GLX_SGIX_visual_select_group GLX_SGI_make_current_read GLX_SGI_video_sync 
Warning: X server took longer than 101 milliseconds to respond to GtkWidgetFocusing
GLX Extensions: GLX_ARB_context_flush_control GLX_ARB_create_context GLX_ARB_create_context_no_error GLX_ARB_create_context_profile GLX_ARB_create_context_robustness GLX_ARB_fbconfig_float GLX_ARB_framebuffer_sRGB GLX_ARB_get_proc_address GLX_ARB_multisample GLX_EXT_buffer_age GLX_EXT_create_context_es2_profile GLX_EXT_create_context_es_profile GLX_EXT_fbconfig_packed_float GLX_EXT_framebuffer_sRGB GLX_EXT_no_config_context GLX_EXT_swap_control GLX_EXT_swap_control_tear GLX_EXT_texture_from_pixmap GLX_EXT_visual_info GLX_EXT_visual_rating GLX_MESA_copy_sub_buffer GLX_MESA_gl_interop GLX_MESA_query_renderer GLX_MESA_swap_control GLX_OML_sync_control GLX_SGIS_multisample GLX_SGIX_fbconfig GLX_SGIX_pbuffer GLX_SGIX_visual_select_group GLX_SGI_make_current_read GLX_SGI_video_sync 
GLX Extensions: GLX_ARB_context_flush_control GLX_ARB_create_context GLX_ARB_create_context_no_error GLX_ARB_create_context_profile GLX_ARB_create_context_robustness GLX_ARB_fbconfig_float GLX_ARB_framebuffer_sRGB GLX_ARB_get_proc_address GLX_ARB_multisample GLX_EXT_buffer_age GLX_EXT_create_context_es2_profile GLX_EXT_create_context_es_profile GLX_EXT_fbconfig_packed_float GLX_EXT_framebuffer_sRGB GLX_EXT_no_config_context GLX_EXT_swap_control GLX_EXT_swap_control_tear GLX_EXT_texture_from_pixmap GLX_EXT_visual_info GLX_EXT_visual_rating GLX_MESA_copy_sub_buffer GLX_MESA_gl_interop GLX_MESA_query_renderer GLX_MESA_swap_control GLX_OML_sync_control GLX_SGIS_multisample GLX_SGIX_fbconfig GLX_SGIX_pbuffer GLX_SGIX_visual_select_group GLX_SGI_make_current_read GLX_SGI_video_sync 
Warning: X server took longer than 101 milliseconds to respond to GtkWidgetFocusing
Asset Pipeline Refresh (id=70dfee7669fa206e8a178bac79d47d5b): Total: 0.203 seconds - Initiated by RefreshV2(NoUpdateAssetOptions)
[ScriptCompilation] Requested script compilation because: AssetDatabase observed changes in script compilation related files
Importing 'GUID: 4b3de149e50ea0c4f8ad04c79b9f12ec - Path: Assets/XR/XRGeneralSettingsPerBuildTarget.asset' with importer (NativeFormatImporter)
Imported 'GUID: 4b3de149e50ea0c4f8ad04c79b9f12ec' -> (Import Result ID: 'fca3f732e45cdc9af8ca01f6cf5efb33') in 0.002 seconds [static dependencies only]. Details - ImportResultOutputID=231620724797380885597bca49ac0752 DependenciesID=bf23aca1008fdd28f07005d403759495 StaticDependenciesID=f819b24dea7c4aaccfbd660a1b1d14c3 
Refreshing native plugins compatible for Editor in 2.99 ms, found 1 plugins.
Asset Pipeline Refresh (id=5dc4d69fb3c6e78cfacbac0248ccb456): Total: 0.224 seconds - Initiated by RefreshV2(NoUpdateAssetOptions)
[Licensing::Client] Successfully resolved entitlement details
info: Microsoft.AspNetCore.Hosting.Diagnostics[1]
      Request starting HTTP/2 POST http://ilpp/UnityILPP.PostProcessing/Ping - application/grpc -
info: Microsoft.AspNetCore.Routing.EndpointMiddleware[0]
      Executing endpoint 'gRPC - /UnityILPP.PostProcessing/Ping'
info: Microsoft.AspNetCore.Routing.EndpointMiddleware[1]
      Executed endpoint 'gRPC - /UnityILPP.PostProcessing/Ping'
info: Microsoft.AspNetCore.Hosting.Diagnostics[2]
      Request finished HTTP/2 POST http://ilpp/UnityILPP.PostProcessing/Ping - 200 - application/grpc 6.4410ms
Starting: /home/asif/Unity/Hub/Editor/6000.5.10f1/Editor/Data/Tools/BuildPipeline/bee_backend --ipc --defer-dag-verification --dagfile="Library/Bee/2400b0aE.dag" --continue-on-failure --profile="Library/Bee/backend1.traceevents" ScriptAssemblies
WorkingDir: /home/asif/Projects/vrGame/vrgame
info: Microsoft.AspNetCore.Hosting.Diagnostics[1]
      Request starting HTTP/2 POST http://ilpp/UnityILPP.PostProcessing/ConfigurePostProcessors - application/grpc -
info: Microsoft.AspNetCore.Routing.EndpointMiddleware[0]
      Executing endpoint 'gRPC - /UnityILPP.PostProcessing/ConfigurePostProcessors'
info: Unity.ILPP.Runner.PostProcessingAssemblyLoadContext[0]
      Current configuration matches the requested one, skipping
info: Microsoft.AspNetCore.Routing.EndpointMiddleware[1]
      Executed endpoint 'gRPC - /UnityILPP.PostProcessing/ConfigurePostProcessors'
info: Microsoft.AspNetCore.Hosting.Diagnostics[2]
      Request finished HTTP/2 POST http://ilpp/UnityILPP.PostProcessing/ConfigurePostProcessors - 200 - application/grpc 0.8742ms
info: Microsoft.AspNetCore.Hosting.Diagnostics[1]
      Request starting HTTP/2 POST http://ilpp/UnityILPP.PostProcessing/PostProcessAssembly - application/grpc -
info: Microsoft.AspNetCore.Routing.EndpointMiddleware[0]
      Executing endpoint 'gRPC - /UnityILPP.PostProcessing/PostProcessAssembly'
info: Unity.ILPP.Runner.PostProcessingPipeline[0]
      Processing assembly Library/Bee/artifacts/2400b0aE.dag/Assembly-CSharp.dll, with 136 defines and 386 references
info: Microsoft.AspNetCore.Hosting.Diagnostics[1]
      Request starting HTTP/2 POST http://ilpp/UnityILPP.PostProcessing/PostProcessAssembly - application/grpc -
info: Microsoft.AspNetCore.Routing.EndpointMiddleware[0]
      Executing endpoint 'gRPC - /UnityILPP.PostProcessing/PostProcessAssembly'
info: Unity.ILPP.Runner.PostProcessingPipeline[0]
      processors: Unity.Jobs.CodeGen.JobsILPostProcessor, zzzUnity.Burst.CodeGen.BurstILPostProcessor
info: Unity.ILPP.Runner.PostProcessingPipeline[0]
      Processing assembly Library/Bee/artifacts/2400b0aE.dag/Assembly-CSharp-Editor.dll, with 134 defines and 401 references
info: Unity.ILPP.Runner.PostProcessingPipeline[0]
      processors: Unity.Jobs.CodeGen.JobsILPostProcessor, zzzUnity.Burst.CodeGen.BurstILPostProcessor
info: Unity.ILPP.Runner.PostProcessingPipeline[0]
      running Unity.Jobs.CodeGen.JobsILPostProcessor
info: Unity.ILPP.Runner.PostProcessingPipeline[0]
      running Unity.Jobs.CodeGen.JobsILPostProcessor
info: Unity.ILPP.Runner.PostProcessingPipeline[0]
      running zzzUnity.Burst.CodeGen.BurstILPostProcessor
info: Unity.ILPP.Runner.PostProcessingPipeline[0]
      running zzzUnity.Burst.CodeGen.BurstILPostProcessor
info: Microsoft.AspNetCore.Routing.EndpointMiddleware[1]
      Executed endpoint 'gRPC - /UnityILPP.PostProcessing/PostProcessAssembly'
info: Microsoft.AspNetCore.Hosting.Diagnostics[2]
      Request finished HTTP/2 POST http://ilpp/UnityILPP.PostProcessing/PostProcessAssembly - 200 - application/grpc 47.2037ms
info: Microsoft.AspNetCore.Routing.EndpointMiddleware[1]
      Executed endpoint 'gRPC - /UnityILPP.PostProcessing/PostProcessAssembly'
info: Microsoft.AspNetCore.Hosting.Diagnostics[2]
      Request finished HTTP/2 POST http://ilpp/UnityILPP.PostProcessing/PostProcessAssembly - 200 - application/grpc 81.2365ms
ExitCode: 0 Duration: 0s791ms
[ 941/1356  0s] ILPP-Configuration Library/ilpp-configuration.nevergeneratedoutput
[1348/1356  0s] Csc Library/Bee/artifacts/2400b0aE.dag/Assembly-CSharp.dll (+2 others)
Assets/Scripts/Player/PlayerController.cs(14,13): warning CS0618: 'XRBaseController' is obsolete: 'XRBaseController has been deprecated in version 3.0.0. Its functionality has been distributed into different components.'
Assets/Scripts/Player/PlayerController.cs(20,47): warning CS0618: 'XRBaseController' is obsolete: 'XRBaseController has been deprecated in version 3.0.0. Its functionality has been distributed into different components.'
Assets/Scripts/Core/ConveyorBelt.cs(28,58): warning CS0618: 'FindObjectsSortMode' is obsolete: 'FindObjectsSortMode has been deprecated. Use the FindObjectsByType overloads that do not take a FindObjectsSortMode parameter.'
Assets/Scripts/Core/ConveyorBelt.cs(28,32): warning CS0618: 'Object.FindObjectsByType<T>(FindObjectsSortMode)' is obsolete: 'FindObjectsByType with FindObjectsSortMode parameter has been deprecated. Use FindObjectsByType<T>() or FindObjectsByType<T>(FindObjectsInactive) instead. InstanceID will be replaced in the future with EntityId and previous sort order cannot be maintained.'
Assets/Scripts/Core/ConveyorBelt.cs(43,23): warning CS0618: 'Object.FindFirstObjectByType<T>()' is obsolete: 'FindFirstObjectByType has been deprecated because it relies on instance ID ordering. Use FindAnyObjectByType instead, which does not depend on ordering.'
Assets/Scripts/Enemies/ZombieSpawner.cs(16,51): warning CS0618: 'FindObjectsSortMode' is obsolete: 'FindObjectsSortMode has been deprecated. Use the FindObjectsByType overloads that do not take a FindObjectsSortMode parameter.'
Assets/Scripts/Enemies/ZombieSpawner.cs(16,22): warning CS0618: 'Object.FindObjectsByType<T>(FindObjectsSortMode)' is obsolete: 'FindObjectsByType with FindObjectsSortMode parameter has been deprecated. Use FindObjectsByType<T>() or FindObjectsByType<T>(FindObjectsInactive) instead. InstanceID will be replaced in the future with EntityId and previous sort order cannot be maintained.'
Assets/Scripts/Combat/GunController.cs(50,34): warning CS0618: 'Object.FindFirstObjectByType<T>()' is obsolete: 'FindFirstObjectByType has been deprecated because it relies on instance ID ordering. Use FindAnyObjectByType instead, which does not depend on ordering.'
Assets/Scripts/Core/HallwaySceneBuilder.cs(204,55): warning CS0618: 'FindObjectsSortMode' is obsolete: 'FindObjectsSortMode has been deprecated. Use the FindObjectsByType overloads that do not take a FindObjectsSortMode parameter.'
Assets/Scripts/Core/HallwaySceneBuilder.cs(204,29): warning CS0618: 'Object.FindObjectsByType<T>(FindObjectsSortMode)' is obsolete: 'FindObjectsByType with FindObjectsSortMode parameter has been deprecated. Use FindObjectsByType<T>() or FindObjectsByType<T>(FindObjectsInactive) instead. InstanceID will be replaced in the future with EntityId and previous sort order cannot be maintained.'
Assets/Scripts/Core/HallwaySceneBuilder.cs(224,59): warning CS0618: 'FindObjectsSortMode' is obsolete: 'FindObjectsSortMode has been deprecated. Use the FindObjectsByType overloads that do not take a FindObjectsSortMode parameter.'
Assets/Scripts/Core/HallwaySceneBuilder.cs(224,34): warning CS0618: 'Object.FindObjectsByType<T>(FindObjectsSortMode)' is obsolete: 'FindObjectsByType with FindObjectsSortMode parameter has been deprecated. Use FindObjectsByType<T>() or FindObjectsByType<T>(FindObjectsInactive) instead. InstanceID will be replaced in the future with EntityId and previous sort order cannot be maintained.'
[1350/1356  0s] ILPostProcess Library/Bee/artifacts/2400b0aE.dag/post-processed/Assembly-CSharp-Editor.dll (+pdb)
Processing assembly Library/Bee/artifacts/2400b0aE.dag/Assembly-CSharp-Editor.dll, with 134 defines and 401 references
processors: Unity.Jobs.CodeGen.JobsILPostProcessor, zzzUnity.Burst.CodeGen.BurstILPostProcessor
running Unity.Jobs.CodeGen.JobsILPostProcessor
running zzzUnity.Burst.CodeGen.BurstILPostProcessor
[1353/1356  0s] ILPostProcess Library/Bee/artifacts/2400b0aE.dag/post-processed/Assembly-CSharp.dll (+pdb)
Processing assembly Library/Bee/artifacts/2400b0aE.dag/Assembly-CSharp.dll, with 136 defines and 386 references
processors: Unity.Jobs.CodeGen.JobsILPostProcessor, zzzUnity.Burst.CodeGen.BurstILPostProcessor
running Unity.Jobs.CodeGen.JobsILPostProcessor
running zzzUnity.Burst.CodeGen.BurstILPostProcessor
[1354/1356  0s] CopyFiles Library/ScriptAssemblies/Assembly-CSharp.pdb
[1355/1356  0s] CopyFiles Library/ScriptAssemblies/Assembly-CSharp.dll
*** Tundra build success (0.73 seconds), 6 items updated, 1356 evaluated
Assets/Scripts/Player/PlayerController.cs(14,13): warning CS0618: 'XRBaseController' is obsolete: 'XRBaseController has been deprecated in version 3.0.0. Its functionality has been distributed into different components.'
Assets/Scripts/Player/PlayerController.cs(20,47): warning CS0618: 'XRBaseController' is obsolete: 'XRBaseController has been deprecated in version 3.0.0. Its functionality has been distributed into different components.'
Assets/Scripts/Core/ConveyorBelt.cs(28,58): warning CS0618: 'FindObjectsSortMode' is obsolete: 'FindObjectsSortMode has been deprecated. Use the FindObjectsByType overloads that do not take a FindObjectsSortMode parameter.'
Assets/Scripts/Core/ConveyorBelt.cs(28,32): warning CS0618: 'Object.FindObjectsByType<T>(FindObjectsSortMode)' is obsolete: 'FindObjectsByType with FindObjectsSortMode parameter has been deprecated. Use FindObjectsByType<T>() or FindObjectsByType<T>(FindObjectsInactive) instead. InstanceID will be replaced in the future with EntityId and previous sort order cannot be maintained.'
Assets/Scripts/Core/ConveyorBelt.cs(43,23): warning CS0618: 'Object.FindFirstObjectByType<T>()' is obsolete: 'FindFirstObjectByType has been deprecated because it relies on instance ID ordering. Use FindAnyObjectByType instead, which does not depend on ordering.'
Assets/Scripts/Enemies/ZombieSpawner.cs(16,51): warning CS0618: 'FindObjectsSortMode' is obsolete: 'FindObjectsSortMode has been deprecated. Use the FindObjectsByType overloads that do not take a FindObjectsSortMode parameter.'
Assets/Scripts/Enemies/ZombieSpawner.cs(16,22): warning CS0618: 'Object.FindObjectsByType<T>(FindObjectsSortMode)' is obsolete: 'FindObjectsByType with FindObjectsSortMode parameter has been deprecated. Use FindObjectsByType<T>() or FindObjectsByType<T>(FindObjectsInactive) instead. InstanceID will be replaced in the future with EntityId and previous sort order cannot be maintained.'
Assets/Scripts/Combat/GunController.cs(50,34): warning CS0618: 'Object.FindFirstObjectByType<T>()' is obsolete: 'FindFirstObjectByType has been deprecated because it relies on instance ID ordering. Use FindAnyObjectByType instead, which does not depend on ordering.'
Assets/Scripts/Core/HallwaySceneBuilder.cs(204,55): warning CS0618: 'FindObjectsSortMode' is obsolete: 'FindObjectsSortMode has been deprecated. Use the FindObjectsByType overloads that do not take a FindObjectsSortMode parameter.'
Assets/Scripts/Core/HallwaySceneBuilder.cs(204,29): warning CS0618: 'Object.FindObjectsByType<T>(FindObjectsSortMode)' is obsolete: 'FindObjectsByType with FindObjectsSortMode parameter has been deprecated. Use FindObjectsByType<T>() or FindObjectsByType<T>(FindObjectsInactive) instead. InstanceID will be replaced in the future with EntityId and previous sort order cannot be maintained.'
Assets/Scripts/Core/HallwaySceneBuilder.cs(224,59): warning CS0618: 'FindObjectsSortMode' is obsolete: 'FindObjectsSortMode has been deprecated. Use the FindObjectsByType overloads that do not take a FindObjectsSortMode parameter.'
Assets/Scripts/Core/HallwaySceneBuilder.cs(224,34): warning CS0618: 'Object.FindObjectsByType<T>(FindObjectsSortMode)' is obsolete: 'FindObjectsByType with FindObjectsSortMode parameter has been deprecated. Use FindObjectsByType<T>() or FindObjectsByType<T>(FindObjectsInactive) instead. InstanceID will be replaced in the future with EntityId and previous sort order cannot be maintained.'
Assets/Scripts/Core/ConveyorBelt.cs(28,58): warning CS0618: 'FindObjectsSortMode' is obsolete: 'FindObjectsSortMode has been deprecated. Use the FindObjectsByType overloads that do not take a FindObjectsSortMode parameter.'
Assets/Scripts/Core/ConveyorBelt.cs(28,32): warning CS0618: 'Object.FindObjectsByType<T>(FindObjectsSortMode)' is obsolete: 'FindObjectsByType with FindObjectsSortMode parameter has been deprecated. Use FindObjectsByType<T>() or FindObjectsByType<T>(FindObjectsInactive) instead. InstanceID will be replaced in the future with EntityId and previous sort order cannot be maintained.'
Assets/Scripts/Core/ConveyorBelt.cs(43,23): warning CS0618: 'Object.FindFirstObjectByType<T>()' is obsolete: 'FindFirstObjectByType has been deprecated because it relies on instance ID ordering. Use FindAnyObjectByType instead, which does not depend on ordering.'
Assets/Scripts/Enemies/ZombieSpawner.cs(16,51): warning CS0618: 'FindObjectsSortMode' is obsolete: 'FindObjectsSortMode has been deprecated. Use the FindObjectsByType overloads that do not take a FindObjectsSortMode parameter.'
Assets/Scripts/Enemies/ZombieSpawner.cs(16,22): warning CS0618: 'Object.FindObjectsByType<T>(FindObjectsSortMode)' is obsolete: 'FindObjectsByType with FindObjectsSortMode parameter has been deprecated. Use FindObjectsByType<T>() or FindObjectsByType<T>(FindObjectsInactive) instead. InstanceID will be replaced in the future with EntityId and previous sort order cannot be maintained.'
Assets/Scripts/Combat/GunController.cs(50,34): warning CS0618: 'Object.FindFirstObjectByType<T>()' is obsolete: 'FindFirstObjectByType has been deprecated because it relies on instance ID ordering. Use FindAnyObjectByType instead, which does not depend on ordering.'
Assets/Scripts/Core/HallwaySceneBuilder.cs(204,55): warning CS0618: 'FindObjectsSortMode' is obsolete: 'FindObjectsSortMode has been deprecated. Use the FindObjectsByType overloads that do not take a FindObjectsSortMode parameter.'
Assets/Scripts/Core/HallwaySceneBuilder.cs(204,29): warning CS0618: 'Object.FindObjectsByType<T>(FindObjectsSortMode)' is obsolete: 'FindObjectsByType with FindObjectsSortMode parameter has been deprecated. Use FindObjectsByType<T>() or FindObjectsByType<T>(FindObjectsInactive) instead. InstanceID will be replaced in the future with EntityId and previous sort order cannot be maintained.'
Assets/Scripts/Core/HallwaySceneBuilder.cs(224,59): warning CS0618: 'FindObjectsSortMode' is obsolete: 'FindObjectsSortMode has been deprecated. Use the FindObjectsByType overloads that do not take a FindObjectsSortMode parameter.'
Assets/Scripts/Core/HallwaySceneBuilder.cs(224,34): warning CS0618: 'Object.FindObjectsByType<T>(FindObjectsSortMode)' is obsolete: 'FindObjectsByType with FindObjectsSortMode parameter has been deprecated. Use FindObjectsByType<T>() or FindObjectsByType<T>(FindObjectsInactive) instead. InstanceID will be replaced in the future with EntityId and previous sort order cannot be maintained.'
Reloading assemblies after finishing script compilation.
Reloading assemblies after forced synchronous recompile.
Total cache size 67411408
Begin MonoManager ReloadAssembly
Total cache size after purge 67411408, took 00:00:00.2361637
Refreshing native plugins compatible for Editor in 3.14 ms, found 1 plugins.
Native extension for LinuxStandalone target not found
Native extension for Android target not found
[MODES] ModeService[none].Initialize
[MODES] ModeService[none].LoadModes
ScheduleIndexationOnStartup MainProcess:True IndexOnStartup:True
DllNotFoundException: UnityOpenXR assembly:<unknown assembly> type:<unknown type> member:(null)
  at (wrapper managed-to-native) UnityEngine.XR.OpenXR.OpenXRSettings.Internal_SetSymmetricProjection(bool)
  at UnityEngine.XR.OpenXR.OpenXRSettings.ApplyRenderSettings () [0x00000] in ./Library/PackageCache/com.unity.xr.openxr@58837b2992e0/Runtime/Settings/OpenXRRenderSettings.cs:296 
  at UnityEngine.XR.OpenXR.OpenXRSettings.ApplySettings (System.Boolean logSettings) [0x0001b] in ./Library/PackageCache/com.unity.xr.openxr@58837b2992e0/Runtime/Settings/OpenXRSettings.cs:33 
  at UnityEngine.XR.OpenXR.OpenXRSettings.OnValidate () [0x00007] in ./Library/PackageCache/com.unity.xr.openxr@58837b2992e0/Runtime/Settings/OpenXRSettings.cs:41 

(Filename: ./Library/PackageCache/com.unity.xr.openxr@58837b2992e0/Runtime/Settings/OpenXRRenderSettings.cs Line: 296)

DllNotFoundException: UnityOpenXR assembly:<unknown assembly> type:<unknown type> member:(null)
  at (wrapper managed-to-native) UnityEngine.XR.OpenXR.OpenXRSettings.Internal_SetSymmetricProjection(bool)
  at UnityEngine.XR.OpenXR.OpenXRSettings.ApplyRenderSettings () [0x00000] in ./Library/PackageCache/com.unity.xr.openxr@58837b2992e0/Runtime/Settings/OpenXRRenderSettings.cs:296 
  at UnityEngine.XR.OpenXR.OpenXRSettings.ApplySettings (System.Boolean logSettings) [0x0001b] in ./Library/PackageCache/com.unity.xr.openxr@58837b2992e0/Runtime/Settings/OpenXRSettings.cs:33 
  at UnityEngine.XR.OpenXR.OpenXRSettings.OnValidate () [0x00007] in ./Library/PackageCache/com.unity.xr.openxr@58837b2992e0/Runtime/Settings/OpenXRSettings.cs:41 

(Filename: ./Library/PackageCache/com.unity.xr.openxr@58837b2992e0/Runtime/Settings/OpenXRRenderSettings.cs Line: 296)

[Licensing::Client] Successfully resolved entitlement details
DllNotFoundException: UnityOpenXR assembly:<unknown assembly> type:<unknown type> member:(null)
  at (wrapper managed-to-native) UnityEngine.XR.OpenXR.OpenXRSettings.Internal_SetSymmetricProjection(bool)
  at UnityEngine.XR.OpenXR.OpenXRSettings.ApplyRenderSettings () [0x00000] in ./Library/PackageCache/com.unity.xr.openxr@58837b2992e0/Runtime/Settings/OpenXRRenderSettings.cs:296 
  at UnityEngine.XR.OpenXR.OpenXRSettings.ApplySettings (System.Boolean logSettings) [0x0001b] in ./Library/PackageCache/com.unity.xr.openxr@58837b2992e0/Runtime/Settings/OpenXRSettings.cs:33 
  at UnityEngine.XR.OpenXR.OpenXRSettings.OnValidate () [0x00007] in ./Library/PackageCache/com.unity.xr.openxr@58837b2992e0/Runtime/Settings/OpenXRSettings.cs:41 

(Filename: ./Library/PackageCache/com.unity.xr.openxr@58837b2992e0/Runtime/Settings/OpenXRRenderSettings.cs Line: 296)

DllNotFoundException: UnityOpenXR assembly:<unknown assembly> type:<unknown type> member:(null)
  at (wrapper managed-to-native) UnityEngine.XR.OpenXR.OpenXRSettings.Internal_SetSymmetricProjection(bool)
  at UnityEngine.XR.OpenXR.OpenXRSettings.ApplyRenderSettings () [0x00000] in ./Library/PackageCache/com.unity.xr.openxr@58837b2992e0/Runtime/Settings/OpenXRRenderSettings.cs:296 
  at UnityEngine.XR.OpenXR.OpenXRSettings.ApplySettings (System.Boolean logSettings) [0x0001b] in ./Library/PackageCache/com.unity.xr.openxr@58837b2992e0/Runtime/Settings/OpenXRSettings.cs:33 
  at UnityEngine.XR.OpenXR.OpenXRSettings.OnValidate () [0x00007] in ./Library/PackageCache/com.unity.xr.openxr@58837b2992e0/Runtime/Settings/OpenXRSettings.cs:41 

(Filename: ./Library/PackageCache/com.unity.xr.openxr@58837b2992e0/Runtime/Settings/OpenXRRenderSettings.cs Line: 296)

Mono: successfully reloaded assembly
- Finished resetting the current domain, in  2.561 seconds
Domain Reload Profiling: 4326ms
	BeginReloadAssembly (1154ms)
		ExecutionOrderSort (3ms)
		DisableScriptedObjects (173ms)
		CreateAndSetChildDomain (400ms)
	RebuildCommonClasses (14ms)
	RebuildNativeTypeToScriptingClass (17ms)
	initialDomainReloadingComplete (56ms)
	LoadAllAssembliesAndSetupDomain (524ms)
		LoadAssemblies (210ms)
		AnalyzeDomain (282ms)
			TypeCache.Refresh (19ms)
			BuildScriptInfoCaches (220ms)
			ResolveRequiredComponents (40ms)
	FinalizeReload (2562ms)
		SetupLoadedEditorAssemblies (0ms)
			InitializePlatformSupportModulesInManaged (27ms)
			BeforeProcessingInitializeOnLoad (318ms)
			ProcessInitializeOnLoadAttributes (705ms)
			ProcessInitializeOnLoadMethodAttributes (114ms)
			AfterProcessingInitializeOnLoad (4ms)
		AwakeInstancesAfterBackupRestoration (612ms)

Asset Pipeline Refresh (id=6e50fbef09fbcd7beb138583d73c3761): Total: 4.681 seconds - Initiated by StopAssetImportingV2(ForceSynchronousImport | ForceDomainReload)
	(Values over 0.05ms)
	Summary:
		Imports: total=0 (actual=0, local cache=0, cache server=0)
		Asset DB Process Time: managed=0 ms, native=2839 ms
		Asset DB Callback time: managed=20 ms, native=1 ms
		Scripting: domain reloads=1, domain reload time=1818 ms, compile time=1 ms, other=0 ms
		Project Asset Count: scripts=1829, non-scripts=2725
		Asset File Changes: new=0, changed=0, moved=0, deleted=0
		Scan Filter Count: 0
	InvokePackagesCallback: 2.230ms
	ApplyChangesToAssetFolders: 0.501ms
	Collect global state as custom dependencies: 2.244ms
	ProcessAssetsWithTransientArtifactChanges: 7.105ms
	CategorizeAssets: 66.143ms
	CompileScripts: 1.396ms
	ImportOutOfDateAssets: 2623.171ms (2580.468ms without children)
		CollectScriptTypesHashes: 69.829ms
		ReloadNativeAssets: 1.269ms
		UnloadImportedAssets: 0.150ms
		EnsureUptoDateAssetsAreRegisteredWithGuidPM: 0.853ms
		ImportSchedulerStart: 40.367ms
	PostProcessAllAssets: 20.069ms
		MonoPostProcessAllAssets: 20.063ms
			UniversalRenderPipelineGlobalSettingsPostprocessor.OnPostprocessAllAssets 7.484ms
			ShaderGraphAssetPostProcessor.OnPostprocessAllAssets 1.989ms
			WindowAssetPostprocessingWatcher.OnPostprocessAllAssets 1.504ms
			TextAssetPostProcessor.OnPostprocessAllAssets 1.487ms
			SpeedTree9Postprocessor.OnPostprocessAllAssets 1.446ms
			TMPro_TexturePostProcessor.OnPostprocessAllAssets 0.976ms
			AssetChangedListener.OnPostprocessAllAssets 0.729ms
			RenderPipelineGlobalSettingsPostprocessor.OnPostprocessAllAssets 0.531ms
			ShaderReflectionAssetPostProcessor.OnPostprocessAllAssets 0.269ms
			EditModeScopePostprocessor.OnPostprocessAllAssets 0.230ms
			InputActionAssetPostprocessor.OnPostprocessAllAssets 0.209ms
			ReferencedClipsPostProcessor.OnPostprocessAllAssets 0.204ms
			AssetPostprocessor.OnPostprocessAllAssets 0.159ms
			ProjectSettingsPostprocessor.OnPostprocessAllAssets 0.143ms
			TerrainToolbarOverlayPostProcessor.OnPostprocessAllAssets 0.115ms
			AssetDatabaseCallbacks.OnPostprocessAllAssets 0.113ms
			AssetCallbacks.OnPostprocessAllAssets 0.078ms
			SyncVS.PostprocessSyncProject 0.054ms
	GatherAllCurrentPrimaryImportResultRevisions: 0.349ms
	PersistCurrentRevisions: 0.178ms
	GenerateScriptTypeHashes: 6.098ms
	GenerateScriptTypeSerializationHashes: 9.490ms
	Untracked: 1887.036ms

[Licensing::Client] Successfully resolved entitlement details
Importing 'GUID: 3dd11dcd12272e54f8a19d8224e35f53 - Path: Assets/XR/Settings/OpenXRPackageSettings.asset' with importer (NativeFormatImporter)
Imported 'GUID: 3dd11dcd12272e54f8a19d8224e35f53' -> (Import Result ID: 'bddd1828c79737549e9979ba9cd72e74') in 0.006 seconds [static dependencies only]. Details - ImportResultOutputID=a2fce30c4ac17f62c0f27da484977667 DependenciesID=2dec8154d0eefeec372faf2a0f78ca13 StaticDependenciesID=e9e1b931c1e59c110e8bbfee07afcfcb 
Refreshing native plugins compatible for Editor in 2.10 ms, found 1 plugins.
Asset Pipeline Refresh (id=db932a017fd75f709a4679651f311fa0): Total: 0.175 seconds - Initiated by StopAssetImportingV2(NoUpdateAssetOptions)
Importing 'GUID: 3dd11dcd12272e54f8a19d8224e35f53 - Path: Assets/XR/Settings/OpenXRPackageSettings.asset' with importer (NativeFormatImporter)
Imported 'GUID: 3dd11dcd12272e54f8a19d8224e35f53' -> (Import Result ID: 'bddd1828c79737549e9979ba9cd72e74') in 0.008 seconds [static dependencies only]. Details - ImportResultOutputID=a2fce30c4ac17f62c0f27da484977667 DependenciesID=2dec8154d0eefeec372faf2a0f78ca13 StaticDependenciesID=e9e1b931c1e59c110e8bbfee07afcfcb 
Refreshing native plugins compatible for Editor in 2.19 ms, found 1 plugins.
Asset Pipeline Refresh (id=9f39ab005a29e86d98c951b696ae472d): Total: 0.104 seconds - Initiated by StopAssetImportingV2(NoUpdateAssetOptions)
Importing 'GUID: 3dd11dcd12272e54f8a19d8224e35f53 - Path: Assets/XR/Settings/OpenXRPackageSettings.asset' with importer (NativeFormatImporter)
Imported 'GUID: 3dd11dcd12272e54f8a19d8224e35f53' -> (Import Result ID: '124e102bf15640c77b88c0853e2b63fc') in 0.007 seconds [static dependencies only]. Details - ImportResultOutputID=a2fce30c4ac17f62c0f27da484977667 DependenciesID=70b6fc02e979cfe63a26b0a61c722e63 StaticDependenciesID=b8d5f0d117249b820dad5460aa048331 
Refreshing native plugins compatible for Editor in 3.70 ms, found 1 plugins.
Asset Pipeline Refresh (id=ac07f1bd860c6d423a28d07185b3ec9a): Total: 0.150 seconds - Initiated by StopAssetImportingV2(NoUpdateAssetOptions)
Importing 'GUID: 3dd11dcd12272e54f8a19d8224e35f53 - Path: Assets/XR/Settings/OpenXRPackageSettings.asset' with importer (NativeFormatImporter)
Imported 'GUID: 3dd11dcd12272e54f8a19d8224e35f53' -> (Import Result ID: '124e102bf15640c77b88c0853e2b63fc') in 0.002 seconds [static dependencies only]. Details - ImportResultOutputID=a2fce30c4ac17f62c0f27da484977667 DependenciesID=70b6fc02e979cfe63a26b0a61c722e63 StaticDependenciesID=b8d5f0d117249b820dad5460aa048331 
Refreshing native plugins compatible for Editor in 3.29 ms, found 1 plugins.
Asset Pipeline Refresh (id=d263784f64d74463d9f14517ac0c1b64): Total: 0.100 seconds - Initiated by StopAssetImportingV2(NoUpdateAssetOptions)
[Licensing::Client] Successfully resolved entitlement details
Asset Pipeline Refresh (id=056d523420ce28dcf8b53fe3bf507836): Total: 0.281 seconds - Initiated by RefreshV2(ForceSynchronousImport)
GLX Extensions: GLX_ARB_context_flush_control GLX_ARB_create_context GLX_ARB_create_context_no_error GLX_ARB_create_context_profile GLX_ARB_create_context_robustness GLX_ARB_fbconfig_float GLX_ARB_framebuffer_sRGB GLX_ARB_get_proc_address GLX_ARB_multisample GLX_EXT_buffer_age GLX_EXT_create_context_es2_profile GLX_EXT_create_context_es_profile GLX_EXT_fbconfig_packed_float GLX_EXT_framebuffer_sRGB GLX_EXT_no_config_context GLX_EXT_swap_control GLX_EXT_swap_control_tear GLX_EXT_texture_from_pixmap GLX_EXT_visual_info GLX_EXT_visual_rating GLX_MESA_copy_sub_buffer GLX_MESA_gl_interop GLX_MESA_query_renderer GLX_MESA_swap_control GLX_OML_sync_control GLX_SGIS_multisample GLX_SGIX_fbconfig GLX_SGIX_pbuffer GLX_SGIX_visual_select_group GLX_SGI_make_current_read GLX_SGI_video_sync 
Unloading 0 Unused Serialized files (Serialized files now loaded: 0)
Loaded scene 'Temp/__Backupscenes/0.backup'
	Deserialize:            1.139 ms
	Integration:            207.033 ms
	Integration of assets:  0.001 ms
	Thread Wait Time:       0.005 ms
	Total Operation Time:   208.178 ms
Unloading 275 unused Assets / (340.4 MB). Loaded Objects now: 8894.
Memory consumption went from 0.69 GB to 369.7 MB.
Total: 39.031794 ms (FindLiveObjects: 0.472984 ms CreateObjectMapping: 0.274247 ms MarkObjects: 24.831857 ms  DeleteObjects: 13.447891 ms)

Default GameObject Tag: Player already registered
[Licensing::Client] Successfully resolved entitlement details
Request Asset Garbage Collect because used heap size increased from 369.8 MB to 0.70 GB, exceeding the threshold of 256.0 MB.
Unloading 5 Unused Serialized files (Serialized files now loaded: 0)
Unloading 0 unused Assets / (Unknown). Loaded Objects now: 8889.
Memory consumption went from 0.70 GB to 0.70 GB.
Total: 22.568468 ms (FindLiveObjects: 0.624117 ms CreateObjectMapping: 0.274825 ms MarkObjects: 21.638124 ms  DeleteObjects: 0.030038 ms)

[Licensing::Client] Successfully resolved entitlement details
Asset Pipeline Refresh (id=8fef13b302b915d1cbeddfa34f7b9898): Total: 0.236 seconds - Initiated by RefreshV2(ForceSynchronousImport)
[Licensing::Client] Successfully resolved entitlement details
Asset Pipeline Refresh (id=33952a358fdccb9a68a6ce35a37a8943): Total: 0.106 seconds - Initiated by RefreshV2(ForceSynchronousImport)
GLX Extensions: GLX_ARB_context_flush_control GLX_ARB_create_context GLX_ARB_create_context_no_error GLX_ARB_create_context_profile GLX_ARB_create_context_robustness GLX_ARB_fbconfig_float GLX_ARB_framebuffer_sRGB GLX_ARB_get_proc_address GLX_ARB_multisample GLX_EXT_buffer_age GLX_EXT_create_context_es2_profile GLX_EXT_create_context_es_profile GLX_EXT_fbconfig_packed_float GLX_EXT_framebuffer_sRGB GLX_EXT_no_config_context GLX_EXT_swap_control GLX_EXT_swap_control_tear GLX_EXT_texture_from_pixmap GLX_EXT_visual_info GLX_EXT_visual_rating GLX_MESA_copy_sub_buffer GLX_MESA_gl_interop GLX_MESA_query_renderer GLX_MESA_swap_control GLX_OML_sync_control GLX_SGIS_multisample GLX_SGIX_fbconfig GLX_SGIX_pbuffer GLX_SGIX_visual_select_group GLX_SGI_make_current_read GLX_SGI_video_sync 
GLX Extensions: GLX_ARB_context_flush_control GLX_ARB_create_context GLX_ARB_create_context_no_error GLX_ARB_create_context_profile GLX_ARB_create_context_robustness GLX_ARB_fbconfig_float GLX_ARB_framebuffer_sRGB GLX_ARB_get_proc_address GLX_ARB_multisample GLX_EXT_buffer_age GLX_EXT_create_context_es2_profile GLX_EXT_create_context_es_profile GLX_EXT_fbconfig_packed_float GLX_EXT_framebuffer_sRGB GLX_EXT_no_config_context GLX_EXT_swap_control GLX_EXT_swap_control_tear GLX_EXT_texture_from_pixmap GLX_EXT_visual_info GLX_EXT_visual_rating GLX_MESA_copy_sub_buffer GLX_MESA_gl_interop GLX_MESA_query_renderer GLX_MESA_swap_control GLX_OML_sync_control GLX_SGIS_multisample GLX_SGIX_fbconfig GLX_SGIX_pbuffer GLX_SGIX_visual_select_group GLX_SGI_make_current_read GLX_SGI_video_sync 
GLX Extensions: GLX_ARB_context_flush_control GLX_ARB_create_context GLX_ARB_create_context_no_error GLX_ARB_create_context_profile GLX_ARB_create_context_robustness GLX_ARB_fbconfig_float GLX_ARB_framebuffer_sRGB GLX_ARB_get_proc_address GLX_ARB_multisample GLX_EXT_buffer_age GLX_EXT_create_context_es2_profile GLX_EXT_create_context_es_profile GLX_EXT_fbconfig_packed_float GLX_EXT_framebuffer_sRGB GLX_EXT_no_config_context GLX_EXT_swap_control GLX_EXT_swap_control_tear GLX_EXT_texture_from_pixmap GLX_EXT_visual_info GLX_EXT_visual_rating GLX_MESA_copy_sub_buffer GLX_MESA_gl_interop GLX_MESA_query_renderer GLX_MESA_swap_control GLX_OML_sync_control GLX_SGIS_multisample GLX_SGIX_fbconfig GLX_SGIX_pbuffer GLX_SGIX_visual_select_group GLX_SGI_make_current_read GLX_SGI_video_sync 
GLX Extensions: GLX_ARB_context_flush_control GLX_ARB_create_context GLX_ARB_create_context_no_error GLX_ARB_create_context_profile GLX_ARB_create_context_robustness GLX_ARB_fbconfig_float GLX_ARB_framebuffer_sRGB GLX_ARB_get_proc_address GLX_ARB_multisample GLX_EXT_buffer_age GLX_EXT_create_context_es2_profile GLX_EXT_create_context_es_profile GLX_EXT_fbconfig_packed_float GLX_EXT_framebuffer_sRGB GLX_EXT_no_config_context GLX_EXT_swap_control GLX_EXT_swap_control_tear GLX_EXT_texture_from_pixmap GLX_EXT_visual_info GLX_EXT_visual_rating GLX_MESA_copy_sub_buffer GLX_MESA_gl_interop GLX_MESA_query_renderer GLX_MESA_swap_control GLX_OML_sync_control GLX_SGIS_multisample GLX_SGIX_fbconfig GLX_SGIX_pbuffer GLX_SGIX_visual_select_group GLX_SGI_make_current_read GLX_SGI_video_sync 
GLX Extensions: GLX_ARB_context_flush_control GLX_ARB_create_context GLX_ARB_create_context_no_error GLX_ARB_create_context_profile GLX_ARB_create_context_robustness GLX_ARB_fbconfig_float GLX_ARB_framebuffer_sRGB GLX_ARB_get_proc_address GLX_ARB_multisample GLX_EXT_buffer_age GLX_EXT_create_context_es2_profile GLX_EXT_create_context_es_profile GLX_EXT_fbconfig_packed_float GLX_EXT_framebuffer_sRGB GLX_EXT_no_config_context GLX_EXT_swap_control GLX_EXT_swap_control_tear GLX_EXT_texture_from_pixmap GLX_EXT_visual_info GLX_EXT_visual_rating GLX_MESA_copy_sub_buffer GLX_MESA_gl_interop GLX_MESA_query_renderer GLX_MESA_swap_control GLX_OML_sync_control GLX_SGIS_multisample GLX_SGIX_fbconfig GLX_SGIX_pbuffer GLX_SGIX_visual_select_group GLX_SGI_make_current_read GLX_SGI_video_sync 
GLX Extensions: GLX_ARB_context_flush_control GLX_ARB_create_context GLX_ARB_create_context_no_error GLX_ARB_create_context_profile GLX_ARB_create_context_robustness GLX_ARB_fbconfig_float GLX_ARB_framebuffer_sRGB GLX_ARB_get_proc_address GLX_ARB_multisample GLX_EXT_buffer_age GLX_EXT_create_context_es2_profile GLX_EXT_create_context_es_profile GLX_EXT_fbconfig_packed_float GLX_EXT_framebuffer_sRGB GLX_EXT_no_config_context GLX_EXT_swap_control GLX_EXT_swap_control_tear GLX_EXT_texture_from_pixmap GLX_EXT_visual_info GLX_EXT_visual_rating GLX_MESA_copy_sub_buffer GLX_MESA_gl_interop GLX_MESA_query_renderer GLX_MESA_swap_control GLX_OML_sync_control GLX_SGIS_multisample GLX_SGIX_fbconfig GLX_SGIX_pbuffer GLX_SGIX_visual_select_group GLX_SGI_make_current_read GLX_SGI_video_sync 
GLX Extensions: GLX_ARB_context_flush_control GLX_ARB_create_context GLX_ARB_create_context_no_error GLX_ARB_create_context_profile GLX_ARB_create_context_robustness GLX_ARB_fbconfig_float GLX_ARB_framebuffer_sRGB GLX_ARB_get_proc_address GLX_ARB_multisample GLX_EXT_buffer_age GLX_EXT_create_context_es2_profile GLX_EXT_create_context_es_profile GLX_EXT_fbconfig_packed_float GLX_EXT_framebuffer_sRGB GLX_EXT_no_config_context GLX_EXT_swap_control GLX_EXT_swap_control_tear GLX_EXT_texture_from_pixmap GLX_EXT_visual_info GLX_EXT_visual_rating GLX_MESA_copy_sub_buffer GLX_MESA_gl_interop GLX_MESA_query_renderer GLX_MESA_swap_control GLX_OML_sync_control GLX_SGIS_multisample GLX_SGIX_fbconfig GLX_SGIX_pbuffer GLX_SGIX_visual_select_group GLX_SGI_make_current_read GLX_SGI_video_sync 
GLX Extensions: GLX_ARB_context_flush_control GLX_ARB_create_context GLX_ARB_create_context_no_error GLX_ARB_create_context_profile GLX_ARB_create_context_robustness GLX_ARB_fbconfig_float GLX_ARB_framebuffer_sRGB GLX_ARB_get_proc_address GLX_ARB_multisample GLX_EXT_buffer_age GLX_EXT_create_context_es2_profile GLX_EXT_create_context_es_profile GLX_EXT_fbconfig_packed_float GLX_EXT_framebuffer_sRGB GLX_EXT_no_config_context GLX_EXT_swap_control GLX_EXT_swap_control_tear GLX_EXT_texture_from_pixmap GLX_EXT_visual_info GLX_EXT_visual_rating GLX_MESA_copy_sub_buffer GLX_MESA_gl_interop GLX_MESA_query_renderer GLX_MESA_swap_control GLX_OML_sync_control GLX_SGIS_multisample GLX_SGIX_fbconfig GLX_SGIX_pbuffer GLX_SGIX_visual_select_group GLX_SGI_make_current_read GLX_SGI_video_sync 
Reloading assemblies for play mode.
Reloading assemblies after forced synchronous recompile.
Begin MonoManager ReloadAssembly
Refreshing native plugins compatible for Editor in 2.44 ms, found 1 plugins.
Native extension for LinuxStandalone target not found
Native extension for Android target not found
ScheduleIndexationOnStartup MainProcess:True IndexOnStartup:True
[MODES] ModeService[none].Initialize
[MODES] ModeService[none].LoadModes
Mono: successfully reloaded assembly
- Finished resetting the current domain, in  1.979 seconds
Domain Reload Profiling: 2820ms
	BeginReloadAssembly (601ms)
		DisableScriptedObjects (71ms)
		CreateAndSetChildDomain (294ms)
	RebuildCommonClasses (9ms)
	RebuildNativeTypeToScriptingClass (9ms)
	initialDomainReloadingComplete (40ms)
	LoadAllAssembliesAndSetupDomain (182ms)
		LoadAssemblies (128ms)
		AnalyzeDomain (32ms)
			TypeCache.Refresh (6ms)
			ResolveRequiredComponents (22ms)
	FinalizeReload (1980ms)
		SetupLoadedEditorAssemblies (0ms)
			InitializePlatformSupportModulesInManaged (18ms)
			BeforeProcessingInitializeOnLoad (71ms)
			ProcessInitializeOnLoadAttributes (578ms)
			ProcessInitializeOnLoadMethodAttributes (112ms)
		AwakeInstancesAfterBackupRestoration (597ms)

Asset Pipeline Refresh (id=bc72cb4ea9dcb822cba6ab9bb480d9bd): Total: 3.055 seconds - Initiated by StopAssetImportingV2(ForceSynchronousImport | ForceDomainReload)
	(Values over 0.05ms)
	Summary:
		Imports: total=0 (actual=0, local cache=0, cache server=0)
		Asset DB Process Time: managed=0 ms, native=2158 ms
		Asset DB Callback time: managed=19 ms, native=0 ms
		Scripting: domain reloads=1, domain reload time=875 ms, compile time=1 ms, other=0 ms
		Project Asset Count: scripts=1829, non-scripts=2725
		Asset File Changes: new=0, changed=0, moved=0, deleted=0
		Scan Filter Count: 0
	InvokePackagesCallback: 0.351ms
	ApplyChangesToAssetFolders: 0.429ms
	Collect global state as custom dependencies: 4.419ms
	ProcessAssetsWithTransientArtifactChanges: 0.326ms
	CategorizeAssets: 56.643ms
	CompileScripts: 0.964ms
	ImportOutOfDateAssets: 2049.891ms (2004.933ms without children)
		CollectScriptTypesHashes: 1.143ms
		ReloadNativeAssets: 1.318ms
		UnloadImportedAssets: 0.277ms
		EnsureUptoDateAssetsAreRegisteredWithGuidPM: 0.638ms
		ImportSchedulerStart: 42.690ms
	PostProcessAllAssets: 19.900ms
		MonoPostProcessAllAssets: 19.896ms
			UniversalRenderPipelineGlobalSettingsPostprocessor.OnPostprocessAllAssets 7.634ms
			SpeedTree9Postprocessor.OnPostprocessAllAssets 1.556ms
			WindowAssetPostprocessingWatcher.OnPostprocessAllAssets 1.451ms
			TMPro_TexturePostProcessor.OnPostprocessAllAssets 0.876ms
			ShaderGraphAssetPostProcessor.OnPostprocessAllAssets 0.639ms
			RenderPipelineGlobalSettingsPostprocessor.OnPostprocessAllAssets 0.534ms
			ShaderReflectionAssetPostProcessor.OnPostprocessAllAssets 0.305ms
			TextAssetPostProcessor.OnPostprocessAllAssets 0.295ms
			EditModeScopePostprocessor.OnPostprocessAllAssets 0.226ms
			InputActionAssetPostprocessor.OnPostprocessAllAssets 0.222ms
			ProjectSettingsPostprocessor.OnPostprocessAllAssets 0.218ms
			ReferencedClipsPostProcessor.OnPostprocessAllAssets 0.202ms
			TerrainToolbarOverlayPostProcessor.OnPostprocessAllAssets 0.115ms
			AssetDatabaseCallbacks.OnPostprocessAllAssets 0.110ms
			AssetPostprocessor.OnPostprocessAllAssets 0.085ms
			SyncVS.PostprocessSyncProject 0.064ms
			AssetChangedListener.OnPostprocessAllAssets 0.058ms
	GatherAllCurrentPrimaryImportResultRevisions: 0.413ms
	PersistCurrentRevisions: 0.155ms
	GenerateScriptTypeHashes: 5.115ms
	GenerateScriptTypeSerializationHashes: 8.355ms
	Untracked: 919.187ms

Loaded scene 'Temp/__Backupscenes/0.backup'
	Deserialize:            1.344 ms
	Integration:            445.732 ms
	Integration of assets:  0.004 ms
	Thread Wait Time:       0.007 ms
	Total Operation Time:   447.087 ms
ZombieSpawner: Auto-found 2 prefab(s).
UnityEngine.Debug:ExtractStackTraceNoAlloc (byte*,int,string)
UnityEngine.StackTraceUtility:ExtractStackTrace () (at /home/bokken/build/output/unity/unity/Runtime/Export/Scripting/StackTrace.cs:35)
UnityEngine.DebugLogHandler:Internal_Log (UnityEngine.LogType,UnityEngine.LogOption,string,UnityEngine.Object)
UnityEngine.DebugLogHandler:LogFormat (UnityEngine.LogType,UnityEngine.Object,string,object[])
UnityEngine.Logger:Log (UnityEngine.LogType,object)
UnityEngine.Debug:Log (object)
ZombieSpawner:Start () (at Assets/Scripts/Enemies/ZombieSpawner.cs:49)

(Filename: Assets/Scripts/Enemies/ZombieSpawner.cs Line: 49)

[Licensing::Client] Successfully resolved entitlement details
Importing 'GUID: 3dd11dcd12272e54f8a19d8224e35f53 - Path: Assets/XR/Settings/OpenXRPackageSettings.asset' with importer (NativeFormatImporter)
Imported 'GUID: 3dd11dcd12272e54f8a19d8224e35f53' -> (Import Result ID: '124e102bf15640c77b88c0853e2b63fc') in 0.007 seconds [static dependencies only]. Details - ImportResultOutputID=a2fce30c4ac17f62c0f27da484977667 DependenciesID=70b6fc02e979cfe63a26b0a61c722e63 StaticDependenciesID=b8d5f0d117249b820dad5460aa048331 
Asset Pipeline Refresh (id=8a1a8f1fac4d7b7bda13fa55ed274a65): Total: 0.165 seconds - Initiated by StopAssetImportingV2(NoUpdateAssetOptions)
Importing 'GUID: 3dd11dcd12272e54f8a19d8224e35f53 - Path: Assets/XR/Settings/OpenXRPackageSettings.asset' with importer (NativeFormatImporter)
Imported 'GUID: 3dd11dcd12272e54f8a19d8224e35f53' -> (Import Result ID: '124e102bf15640c77b88c0853e2b63fc') in 0.001 seconds [static dependencies only]. Details - ImportResultOutputID=a2fce30c4ac17f62c0f27da484977667 DependenciesID=70b6fc02e979cfe63a26b0a61c722e63 StaticDependenciesID=b8d5f0d117249b820dad5460aa048331 
Refreshing native plugins compatible for Editor in 3.56 ms, found 1 plugins.
Asset Pipeline Refresh (id=5323e2751dea396e7942481d12a9257e): Total: 0.088 seconds - Initiated by StopAssetImportingV2(NoUpdateAssetOptions)
Importing 'GUID: 3dd11dcd12272e54f8a19d8224e35f53 - Path: Assets/XR/Settings/OpenXRPackageSettings.asset' with importer (NativeFormatImporter)
Imported 'GUID: 3dd11dcd12272e54f8a19d8224e35f53' -> (Import Result ID: '124e102bf15640c77b88c0853e2b63fc') in 0.002 seconds [static dependencies only]. Details - ImportResultOutputID=a2fce30c4ac17f62c0f27da484977667 DependenciesID=70b6fc02e979cfe63a26b0a61c722e63 StaticDependenciesID=b8d5f0d117249b820dad5460aa048331 
Refreshing native plugins compatible for Editor in 2.12 ms, found 1 plugins.
Asset Pipeline Refresh (id=82a986ebdcd3d3953bcebc9098bc6e84): Total: 0.101 seconds - Initiated by StopAssetImportingV2(NoUpdateAssetOptions)
Importing 'GUID: 3dd11dcd12272e54f8a19d8224e35f53 - Path: Assets/XR/Settings/OpenXRPackageSettings.asset' with importer (NativeFormatImporter)
Imported 'GUID: 3dd11dcd12272e54f8a19d8224e35f53' -> (Import Result ID: '124e102bf15640c77b88c0853e2b63fc') in 0.002 seconds [static dependencies only]. Details - ImportResultOutputID=a2fce30c4ac17f62c0f27da484977667 DependenciesID=70b6fc02e979cfe63a26b0a61c722e63 StaticDependenciesID=b8d5f0d117249b820dad5460aa048331 
Refreshing native plugins compatible for Editor in 2.25 ms, found 1 plugins.
Asset Pipeline Refresh (id=5f7c0b50c3616ad0887e621c7d41e0dc): Total: 0.075 seconds - Initiated by StopAssetImportingV2(NoUpdateAssetOptions)
[Licensing::Client] Successfully resolved entitlement details
Launched and connected shader compiler UnityShaderCompiler after 0.11 seconds
[Licensing::Client] Successfully resolved entitlement details
[Licensing::Client] Successfully resolved entitlement details
Asset Pipeline Refresh (id=c1d9686a4b1fc41bb996b9d8c947fba3): Total: 0.221 seconds - Initiated by RefreshV2(NoUpdateAssetOptions)
Asset Pipeline Refresh (id=6c5e03ef5838344aebe214b1b9312775): Total: 0.104 seconds - Initiated by RefreshV2(NoUpdateAssetOptions)
Asset Pipeline Refresh (id=38f99e564649391078c7e6d0aa4cbd8a): Total: 0.123 seconds - Initiated by RefreshV2(NoUpdateAssetOptions)
Asset Pipeline Refresh (id=22b637faa8199c5e6a5453752921740d): Total: 0.068 seconds - Initiated by RefreshV2(ForceSynchronousImport)
Unloading 0 Unused Serialized files (Serialized files now loaded: 0)
Loaded scene 'Temp/__Backupscenes/0.backup'
	Deserialize:            0.592 ms
	Integration:            181.339 ms
	Integration of assets:  0.002 ms
	Thread Wait Time:       0.010 ms
	Total Operation Time:   181.942 ms
Unloading 586 unused Assets / (61.3 MB). Loaded Objects now: 8686.
Memory consumption went from 0.91 GB to 0.85 GB.
Total: 23.403610 ms (FindLiveObjects: 0.543207 ms CreateObjectMapping: 0.304165 ms MarkObjects: 18.989619 ms  DeleteObjects: 3.564118 ms)

Default GameObject Tag: Player already registered
[Licensing::Client] Successfully resolved entitlement details
GLX Extensions: GLX_ARB_context_flush_control GLX_ARB_create_context GLX_ARB_create_context_no_error GLX_ARB_create_context_profile GLX_ARB_create_context_robustness GLX_ARB_fbconfig_float GLX_ARB_framebuffer_sRGB GLX_ARB_get_proc_address GLX_ARB_multisample GLX_EXT_buffer_age GLX_EXT_create_context_es2_profile GLX_EXT_create_context_es_profile GLX_EXT_fbconfig_packed_float GLX_EXT_framebuffer_sRGB GLX_EXT_no_config_context GLX_EXT_swap_control GLX_EXT_swap_control_tear GLX_EXT_texture_from_pixmap GLX_EXT_visual_info GLX_EXT_visual_rating GLX_MESA_copy_sub_buffer GLX_MESA_gl_interop GLX_MESA_query_renderer GLX_MESA_swap_control GLX_OML_sync_control GLX_SGIS_multisample GLX_SGIX_fbconfig GLX_SGIX_pbuffer GLX_SGIX_visual_select_group GLX_SGI_make_current_read GLX_SGI_video_sync 
Asset Pipeline Refresh (id=37b36d67371588595b986c08757c9b7a): Total: 0.134 seconds - Initiated by RefreshV2(AllowForceSynchronousImport)
Reloading assemblies for play mode.
Reloading assemblies after forced synchronous recompile.
Begin MonoManager ReloadAssembly
Native extension for LinuxStandalone target not found
Native extension for Android target not found
ScheduleIndexationOnStartup MainProcess:True IndexOnStartup:True
[MODES] ModeService[none].Initialize
[MODES] ModeService[none].LoadModes
[Licensing::Client] Successfully resolved entitlement details
Mono: successfully reloaded assembly
- Finished resetting the current domain, in  2.241 seconds
Domain Reload Profiling: 3165ms
	BeginReloadAssembly (668ms)
		DisableScriptedObjects (75ms)
		CreateAndSetChildDomain (355ms)
	RebuildCommonClasses (10ms)
	RebuildNativeTypeToScriptingClass (16ms)
	initialDomainReloadingComplete (51ms)
	LoadAllAssembliesAndSetupDomain (177ms)
		LoadAssemblies (102ms)
		AnalyzeDomain (39ms)
			TypeCache.Refresh (9ms)
			ResolveRequiredComponents (25ms)
	FinalizeReload (2241ms)
		SetupLoadedEditorAssemblies (0ms)
			InitializePlatformSupportModulesInManaged (20ms)
			BeforeProcessingInitializeOnLoad (89ms)
			ProcessInitializeOnLoadAttributes (616ms)
			ProcessInitializeOnLoadMethodAttributes (125ms)
			AfterProcessingInitializeOnLoad (3ms)
		AwakeInstancesAfterBackupRestoration (682ms)

Asset Pipeline Refresh (id=737e1e73e126b7b8fbd382efe4b00048): Total: 3.411 seconds - Initiated by StopAssetImportingV2(ForceSynchronousImport | ForceDomainReload)
	(Values over 0.05ms)
	Summary:
		Imports: total=0 (actual=0, local cache=0, cache server=0)
		Asset DB Process Time: managed=0 ms, native=2429 ms
		Asset DB Callback time: managed=26 ms, native=0 ms
		Scripting: domain reloads=1, domain reload time=954 ms, compile time=1 ms, other=0 ms
		Project Asset Count: scripts=1829, non-scripts=2725
		Asset File Changes: new=0, changed=0, moved=0, deleted=0
		Scan Filter Count: 0
	InvokePackagesCallback: 0.397ms
	ApplyChangesToAssetFolders: 0.378ms
	Collect global state as custom dependencies: 2.959ms
	ProcessAssetsWithTransientArtifactChanges: 0.546ms
	CategorizeAssets: 63.164ms
	CompileScripts: 1.101ms
	ImportOutOfDateAssets: 2313.288ms (2262.229ms without children)
		CollectScriptTypesHashes: 0.860ms
		ReloadNativeAssets: 1.357ms
		UnloadImportedAssets: 0.315ms
		EnsureUptoDateAssetsAreRegisteredWithGuidPM: 0.742ms
		ImportSchedulerStart: 48.568ms
	PostProcessAllAssets: 26.018ms
		MonoPostProcessAllAssets: 26.009ms
			UniversalRenderPipelineGlobalSettingsPostprocessor.OnPostprocessAllAssets 10.243ms
			SpeedTree9Postprocessor.OnPostprocessAllAssets 1.958ms
			WindowAssetPostprocessingWatcher.OnPostprocessAllAssets 1.548ms
			TMPro_TexturePostProcessor.OnPostprocessAllAssets 0.773ms
			ShaderGraphAssetPostProcessor.OnPostprocessAllAssets 0.708ms
			RenderPipelineGlobalSettingsPostprocessor.OnPostprocessAllAssets 0.563ms
			ShaderReflectionAssetPostProcessor.OnPostprocessAllAssets 0.473ms
			TextAssetPostProcessor.OnPostprocessAllAssets 0.391ms
			ProjectSettingsPostprocessor.OnPostprocessAllAssets 0.342ms
			InputActionAssetPostprocessor.OnPostprocessAllAssets 0.270ms
			EditModeScopePostprocessor.OnPostprocessAllAssets 0.251ms
			ReferencedClipsPostProcessor.OnPostprocessAllAssets 0.227ms
			TerrainToolbarOverlayPostProcessor.OnPostprocessAllAssets 0.150ms
			AssetDatabaseCallbacks.OnPostprocessAllAssets 0.115ms
			AssetPostprocessor.OnPostprocessAllAssets 0.099ms
			SyncVS.PostprocessSyncProject 0.085ms
	GatherAllCurrentPrimaryImportResultRevisions: 0.187ms
	PersistCurrentRevisions: 0.208ms
	GenerateScriptTypeHashes: 5.568ms
	GenerateScriptTypeSerializationHashes: 8.982ms
	Untracked: 1001.020ms

Loaded scene 'Temp/__Backupscenes/0.backup'
	Deserialize:            0.893 ms
	Integration:            515.234 ms
	Integration of assets:  0.001 ms
	Thread Wait Time:       0.019 ms
	Total Operation Time:   516.148 ms
ZombieSpawner: Auto-found 2 prefab(s).
UnityEngine.Debug:ExtractStackTraceNoAlloc (byte*,int,string)
UnityEngine.StackTraceUtility:ExtractStackTrace () (at /home/bokken/build/output/unity/unity/Runtime/Export/Scripting/StackTrace.cs:35)
UnityEngine.DebugLogHandler:Internal_Log (UnityEngine.LogType,UnityEngine.LogOption,string,UnityEngine.Object)
UnityEngine.DebugLogHandler:LogFormat (UnityEngine.LogType,UnityEngine.Object,string,object[])
UnityEngine.Logger:Log (UnityEngine.LogType,object)
UnityEngine.Debug:Log (object)
ZombieSpawner:Start () (at Assets/Scripts/Enemies/ZombieSpawner.cs:49)

(Filename: Assets/Scripts/Enemies/ZombieSpawner.cs Line: 49)

[Licensing::Client] Successfully resolved entitlement details
Importing 'GUID: 3dd11dcd12272e54f8a19d8224e35f53 - Path: Assets/XR/Settings/OpenXRPackageSettings.asset' with importer (NativeFormatImporter)
Imported 'GUID: 3dd11dcd12272e54f8a19d8224e35f53' -> (Import Result ID: '124e102bf15640c77b88c0853e2b63fc') in 0.005 seconds [static dependencies only]. Details - ImportResultOutputID=a2fce30c4ac17f62c0f27da484977667 DependenciesID=70b6fc02e979cfe63a26b0a61c722e63 StaticDependenciesID=b8d5f0d117249b820dad5460aa048331 
Refreshing native plugins compatible for Editor in 2.53 ms, found 1 plugins.
Asset Pipeline Refresh (id=92330c5d7ac8e674b890b2bc098c009e): Total: 0.187 seconds - Initiated by StopAssetImportingV2(NoUpdateAssetOptions)
Importing 'GUID: 3dd11dcd12272e54f8a19d8224e35f53 - Path: Assets/XR/Settings/OpenXRPackageSettings.asset' with importer (NativeFormatImporter)
Imported 'GUID: 3dd11dcd12272e54f8a19d8224e35f53' -> (Import Result ID: '124e102bf15640c77b88c0853e2b63fc') in 0.002 seconds [static dependencies only]. Details - ImportResultOutputID=a2fce30c4ac17f62c0f27da484977667 DependenciesID=70b6fc02e979cfe63a26b0a61c722e63 StaticDependenciesID=b8d5f0d117249b820dad5460aa048331 
Refreshing native plugins compatible for Editor in 2.29 ms, found 1 plugins.
Asset Pipeline Refresh (id=58aec5a5017035984b2f396aea406d36): Total: 0.099 seconds - Initiated by StopAssetImportingV2(NoUpdateAssetOptions)
Importing 'GUID: 3dd11dcd12272e54f8a19d8224e35f53 - Path: Assets/XR/Settings/OpenXRPackageSettings.asset' with importer (NativeFormatImporter)
Imported 'GUID: 3dd11dcd12272e54f8a19d8224e35f53' -> (Import Result ID: '124e102bf15640c77b88c0853e2b63fc') in 0.002 seconds [static dependencies only]. Details - ImportResultOutputID=a2fce30c4ac17f62c0f27da484977667 DependenciesID=70b6fc02e979cfe63a26b0a61c722e63 StaticDependenciesID=b8d5f0d117249b820dad5460aa048331 
Refreshing native plugins compatible for Editor in 2.10 ms, found 1 plugins.
Asset Pipeline Refresh (id=3edbd61b43d6f7cae9f6b42719d82d30): Total: 0.077 seconds - Initiated by StopAssetImportingV2(NoUpdateAssetOptions)
Importing 'GUID: 3dd11dcd12272e54f8a19d8224e35f53 - Path: Assets/XR/Settings/OpenXRPackageSettings.asset' with importer (NativeFormatImporter)
Imported 'GUID: 3dd11dcd12272e54f8a19d8224e35f53' -> (Import Result ID: '124e102bf15640c77b88c0853e2b63fc') in 0.002 seconds [static dependencies only]. Details - ImportResultOutputID=a2fce30c4ac17f62c0f27da484977667 DependenciesID=70b6fc02e979cfe63a26b0a61c722e63 StaticDependenciesID=b8d5f0d117249b820dad5460aa048331 
Refreshing native plugins compatible for Editor in 2.38 ms, found 1 plugins.
Asset Pipeline Refresh (id=54aabfb7d857d3061a705fb04cd65ef5): Total: 0.085 seconds - Initiated by StopAssetImportingV2(NoUpdateAssetOptions)
[Licensing::Client] Successfully resolved entitlement details
Asset Pipeline Refresh (id=0c5e57f5ecf5bcb2c97fe09f5270d337): Total: 0.169 seconds - Initiated by RefreshV2(NoUpdateAssetOptions)
[Licensing::Client] Successfully resolved entitlement details
[Licensing::Client] Successfully resolved entitlement details
Fontconfig warning: We will not regenerate the cache because some cache files were generated by a newer version (0x2012001) of Fontconfig. Please regenerate the cache with the latest version of Fontconfig to avoid any unexpected behavior. (current version: 0x2011001)
[171651:171651:0831/222241.007461:ERROR:media/gpu/vaapi/vaapi_wrapper.cc:1796] vaInitialize failed: unknown libva error
[171651:171651:0831/222241.013485:ERROR:ui/ozone/platform/wayland/gpu/wayland_surface_factory.cc:249] '--ozone-platform=wayland' is not compatible with Vulkan. Consider switching to '--ozone-platform=x11' or disabling Vulkan
[171611:171611:0831/222242.477370:ERROR:components/sharing_message/sharing_service.cc:264] Device registration failed with fatal error
[171611:171634:0831/222244.667340:ERROR:components/sync/engine/get_updates_processor.cc:270] PostClientToServerMessage() failed during GetUpdates with error Network error (ERR_ABORTED)
[ScriptCompilation] Requested script compilation because: AssetDatabase observed changes in script compilation related files
Refreshing native plugins compatible for Editor in 3.70 ms, found 1 plugins.

Asset Pipeline Refresh (id=4fe9861d034a236bfb151eaa1a08be4d): Total: 0.365 seconds - Initiated by RefreshV2(NoUpdateAssetOptions)
	(Values over 0.05ms)
	Summary:
		Imports: total=0 (actual=0, local cache=0, cache server=0)
		Asset DB Process Time: managed=0 ms, native=345 ms
		Asset DB Callback time: managed=5 ms, native=11 ms
		Scripting: domain reloads=0, domain reload time=0 ms, compile time=3 ms, other=0 ms
		Project Asset Count: scripts=1829, non-scripts=2725
		Asset File Changes: new=0, changed=1, moved=0, deleted=0
		Scan Filter Count: 1
	ApplyChangesToAssetFolders: 0.761ms
	Scan: 214.791ms
	Collect global state as custom dependencies: 0.517ms
	OnSourceAssetsModified: 2.215ms
	CategorizeScriptCompilationAssets: 0.316ms
	ProcessAssetsWithTransientArtifactChanges: 0.615ms
	CategorizeAssets: 21.878ms
	CompileScripts: 2.640ms
	ImportOutOfDateAssets: 51.130ms (11.811ms without children)
		ReloadNativeAssets: 0.056ms
		UnloadImportedAssets: 0.106ms
		EnsureUptoDateAssetsAreRegisteredWithGuidPM: 0.494ms
		ImportSchedulerStart: 38.659ms
	PostProcessAllAssets: 6.456ms
		XRBuildSystem.XRAssetImported 2.899ms
		PostProcessCallbackCreateDeferredMaterials 0.121ms
		MonoPostProcessAllAssets: 3.193ms
			AssetPostprocessor.OnPostprocessAllAssets 0.896ms
			ShaderGraphAssetPostProcessor.OnPostprocessAllAssets 0.588ms
			AssetChangedListener.OnPostprocessAllAssets 0.390ms
			EditModeScopePostprocessor.OnPostprocessAllAssets 0.106ms
			SyncVS.PostprocessSyncProject 0.103ms
			RetainedModeAssetPostprocessor.OnPostprocessAllAssets 0.101ms
			StyleCatalogPostProcessor.OnPostprocessAllAssets 0.072ms
			RenderPipelineGlobalSettingsPostprocessor.OnPostprocessAllAssets 0.066ms
			BuilderAssetPostprocessor.OnPostprocessAllAssets 0.064ms
	PostAssetChangesProfiler: 7.752ms
	GatherAllCurrentPrimaryImportResultRevisions: 0.811ms
	UnloadStreamsBegin: 5.537ms
	PersistCurrentRevisions: 0.162ms
	Untracked: 48.932ms

info: Microsoft.AspNetCore.Hosting.Diagnostics[1]
      Request starting HTTP/2 POST http://ilpp/UnityILPP.PostProcessing/Ping - application/grpc -
info: Microsoft.AspNetCore.Routing.EndpointMiddleware[0]
      Executing endpoint 'gRPC - /UnityILPP.PostProcessing/Ping'
info: Microsoft.AspNetCore.Routing.EndpointMiddleware[1]
      Executed endpoint 'gRPC - /UnityILPP.PostProcessing/Ping'
info: Microsoft.AspNetCore.Hosting.Diagnostics[2]
      Request finished HTTP/2 POST http://ilpp/UnityILPP.PostProcessing/Ping - 200 - application/grpc 10.7431ms
Starting: /home/asif/Unity/Hub/Editor/6000.5.10f1/Editor/Data/Tools/BuildPipeline/bee_backend --ipc --defer-dag-verification --dagfile="Library/Bee/2400b0aE.dag" --continue-on-failure --profile="Library/Bee/backend1.traceevents" ScriptAssemblies
WorkingDir: /home/asif/Projects/vrGame/vrgame
info: Microsoft.AspNetCore.Hosting.Diagnostics[1]
      Request starting HTTP/2 POST http://ilpp/UnityILPP.PostProcessing/ConfigurePostProcessors - application/grpc -
info: Microsoft.AspNetCore.Routing.EndpointMiddleware[0]
      Executing endpoint 'gRPC - /UnityILPP.PostProcessing/ConfigurePostProcessors'
info: Unity.ILPP.Runner.PostProcessingAssemblyLoadContext[0]
      Current configuration matches the requested one, skipping
info: Microsoft.AspNetCore.Routing.EndpointMiddleware[1]
      Executed endpoint 'gRPC - /UnityILPP.PostProcessing/ConfigurePostProcessors'
info: Microsoft.AspNetCore.Hosting.Diagnostics[2]
      Request finished HTTP/2 POST http://ilpp/UnityILPP.PostProcessing/ConfigurePostProcessors - 200 - application/grpc 2.1398ms
info: Microsoft.AspNetCore.Hosting.Diagnostics[1]
      Request starting HTTP/2 POST http://ilpp/UnityILPP.PostProcessing/PostProcessAssembly - application/grpc -
info: Microsoft.AspNetCore.Routing.EndpointMiddleware[0]
      Executing endpoint 'gRPC - /UnityILPP.PostProcessing/PostProcessAssembly'
info: Unity.ILPP.Runner.PostProcessingPipeline[0]
      Processing assembly Library/Bee/artifacts/2400b0aE.dag/Assembly-CSharp-Editor.dll, with 134 defines and 401 references
info: Unity.ILPP.Runner.PostProcessingPipeline[0]
      processors: Unity.Jobs.CodeGen.JobsILPostProcessor, zzzUnity.Burst.CodeGen.BurstILPostProcessor
info: Microsoft.AspNetCore.Hosting.Diagnostics[1]
      Request starting HTTP/2 POST http://ilpp/UnityILPP.PostProcessing/PostProcessAssembly - application/grpc -
info: Microsoft.AspNetCore.Routing.EndpointMiddleware[0]
      Executing endpoint 'gRPC - /UnityILPP.PostProcessing/PostProcessAssembly'
info: Unity.ILPP.Runner.PostProcessingPipeline[0]
      Processing assembly Library/Bee/artifacts/2400b0aE.dag/Assembly-CSharp.dll, with 136 defines and 386 references
info: Unity.ILPP.Runner.PostProcessingPipeline[0]
      processors: Unity.Jobs.CodeGen.JobsILPostProcessor, zzzUnity.Burst.CodeGen.BurstILPostProcessor
info: Unity.ILPP.Runner.PostProcessingPipeline[0]
      running Unity.Jobs.CodeGen.JobsILPostProcessor
info: Unity.ILPP.Runner.PostProcessingPipeline[0]
      running Unity.Jobs.CodeGen.JobsILPostProcessor
info: Unity.ILPP.Runner.PostProcessingPipeline[0]
      running zzzUnity.Burst.CodeGen.BurstILPostProcessor
info: Unity.ILPP.Runner.PostProcessingPipeline[0]
      running zzzUnity.Burst.CodeGen.BurstILPostProcessor
info: Microsoft.AspNetCore.Routing.EndpointMiddleware[1]
      Executed endpoint 'gRPC - /UnityILPP.PostProcessing/PostProcessAssembly'
info: Microsoft.AspNetCore.Hosting.Diagnostics[2]
      Request finished HTTP/2 POST http://ilpp/UnityILPP.PostProcessing/PostProcessAssembly - 200 - application/grpc 149.0891ms
info: Microsoft.AspNetCore.Routing.EndpointMiddleware[1]
      Executed endpoint 'gRPC - /UnityILPP.PostProcessing/PostProcessAssembly'
info: Microsoft.AspNetCore.Hosting.Diagnostics[2]
      Request finished HTTP/2 POST http://ilpp/UnityILPP.PostProcessing/PostProcessAssembly - 200 - application/grpc 185.2625ms
ExitCode: 0 Duration: 1s205ms
[1008/1356  0s] ILPP-Configuration Library/ilpp-configuration.nevergeneratedoutput
[1348/1356  0s] Csc Library/Bee/artifacts/2400b0aE.dag/Assembly-CSharp.dll (+2 others)
Assets/Scripts/Player/PlayerController.cs(14,13): warning CS0618: 'XRBaseController' is obsolete: 'XRBaseController has been deprecated in version 3.0.0. Its functionality has been distributed into different components.'
Assets/Scripts/Core/ConveyorBelt.cs(28,58): warning CS0618: 'FindObjectsSortMode' is obsolete: 'FindObjectsSortMode has been deprecated. Use the FindObjectsByType overloads that do not take a FindObjectsSortMode parameter.'
Assets/Scripts/Core/ConveyorBelt.cs(28,32): warning CS0618: 'Object.FindObjectsByType<T>(FindObjectsSortMode)' is obsolete: 'FindObjectsByType with FindObjectsSortMode parameter has been deprecated. Use FindObjectsByType<T>() or FindObjectsByType<T>(FindObjectsInactive) instead. InstanceID will be replaced in the future with EntityId and previous sort order cannot be maintained.'
Assets/Scripts/Core/ConveyorBelt.cs(43,23): warning CS0618: 'Object.FindFirstObjectByType<T>()' is obsolete: 'FindFirstObjectByType has been deprecated because it relies on instance ID ordering. Use FindAnyObjectByType instead, which does not depend on ordering.'
Assets/Scripts/Player/PlayerController.cs(20,47): warning CS0618: 'XRBaseController' is obsolete: 'XRBaseController has been deprecated in version 3.0.0. Its functionality has been distributed into different components.'
Assets/Scripts/Combat/GunController.cs(50,34): warning CS0618: 'Object.FindFirstObjectByType<T>()' is obsolete: 'FindFirstObjectByType has been deprecated because it relies on instance ID ordering. Use FindAnyObjectByType instead, which does not depend on ordering.'
Assets/Scripts/Enemies/ZombieSpawner.cs(16,51): warning CS0618: 'FindObjectsSortMode' is obsolete: 'FindObjectsSortMode has been deprecated. Use the FindObjectsByType overloads that do not take a FindObjectsSortMode parameter.'
Assets/Scripts/Enemies/ZombieSpawner.cs(16,22): warning CS0618: 'Object.FindObjectsByType<T>(FindObjectsSortMode)' is obsolete: 'FindObjectsByType with FindObjectsSortMode parameter has been deprecated. Use FindObjectsByType<T>() or FindObjectsByType<T>(FindObjectsInactive) instead. InstanceID will be replaced in the future with EntityId and previous sort order cannot be maintained.'
Assets/Scripts/Core/HallwaySceneBuilder.cs(204,55): warning CS0618: 'FindObjectsSortMode' is obsolete: 'FindObjectsSortMode has been deprecated. Use the FindObjectsByType overloads that do not take a FindObjectsSortMode parameter.'
Assets/Scripts/Core/HallwaySceneBuilder.cs(204,29): warning CS0618: 'Object.FindObjectsByType<T>(FindObjectsSortMode)' is obsolete: 'FindObjectsByType with FindObjectsSortMode parameter has been deprecated. Use FindObjectsByType<T>() or FindObjectsByType<T>(FindObjectsInactive) instead. InstanceID will be replaced in the future with EntityId and previous sort order cannot be maintained.'
Assets/Scripts/Core/HallwaySceneBuilder.cs(224,59): warning CS0618: 'FindObjectsSortMode' is obsolete: 'FindObjectsSortMode has been deprecated. Use the FindObjectsByType overloads that do not take a FindObjectsSortMode parameter.'
Assets/Scripts/Core/HallwaySceneBuilder.cs(224,34): warning CS0618: 'Object.FindObjectsByType<T>(FindObjectsSortMode)' is obsolete: 'FindObjectsByType with FindObjectsSortMode parameter has been deprecated. Use FindObjectsByType<T>() or FindObjectsByType<T>(FindObjectsInactive) instead. InstanceID will be replaced in the future with EntityId and previous sort order cannot be maintained.'
[1350/1356  0s] ILPostProcess Library/Bee/artifacts/2400b0aE.dag/post-processed/Assembly-CSharp-Editor.dll (+pdb)
Processing assembly Library/Bee/artifacts/2400b0aE.dag/Assembly-CSharp-Editor.dll, with 134 defines and 401 references
processors: Unity.Jobs.CodeGen.JobsILPostProcessor, zzzUnity.Burst.CodeGen.BurstILPostProcessor
running Unity.Jobs.CodeGen.JobsILPostProcessor
running zzzUnity.Burst.CodeGen.BurstILPostProcessor
[1351/1356  0s] ILPostProcess Library/Bee/artifacts/2400b0aE.dag/post-processed/Assembly-CSharp.dll (+pdb)
Processing assembly Library/Bee/artifacts/2400b0aE.dag/Assembly-CSharp.dll, with 136 defines and 386 references
processors: Unity.Jobs.CodeGen.JobsILPostProcessor, zzzUnity.Burst.CodeGen.BurstILPostProcessor
running Unity.Jobs.CodeGen.JobsILPostProcessor
running zzzUnity.Burst.CodeGen.BurstILPostProcessor
[1354/1356  0s] CopyFiles Library/ScriptAssemblies/Assembly-CSharp.dll
[1355/1356  0s] CopyFiles Library/ScriptAssemblies/Assembly-CSharp.pdb
*** Tundra build success (1.11 seconds), 6 items updated, 1356 evaluated
Assets/Scripts/Player/PlayerController.cs(14,13): warning CS0618: 'XRBaseController' is obsolete: 'XRBaseController has been deprecated in version 3.0.0. Its functionality has been distributed into different components.'
Assets/Scripts/Core/ConveyorBelt.cs(28,58): warning CS0618: 'FindObjectsSortMode' is obsolete: 'FindObjectsSortMode has been deprecated. Use the FindObjectsByType overloads that do not take a FindObjectsSortMode parameter.'
Assets/Scripts/Core/ConveyorBelt.cs(28,32): warning CS0618: 'Object.FindObjectsByType<T>(FindObjectsSortMode)' is obsolete: 'FindObjectsByType with FindObjectsSortMode parameter has been deprecated. Use FindObjectsByType<T>() or FindObjectsByType<T>(FindObjectsInactive) instead. InstanceID will be replaced in the future with EntityId and previous sort order cannot be maintained.'
Assets/Scripts/Core/ConveyorBelt.cs(43,23): warning CS0618: 'Object.FindFirstObjectByType<T>()' is obsolete: 'FindFirstObjectByType has been deprecated because it relies on instance ID ordering. Use FindAnyObjectByType instead, which does not depend on ordering.'
Assets/Scripts/Player/PlayerController.cs(20,47): warning CS0618: 'XRBaseController' is obsolete: 'XRBaseController has been deprecated in version 3.0.0. Its functionality has been distributed into different components.'
Assets/Scripts/Combat/GunController.cs(50,34): warning CS0618: 'Object.FindFirstObjectByType<T>()' is obsolete: 'FindFirstObjectByType has been deprecated because it relies on instance ID ordering. Use FindAnyObjectByType instead, which does not depend on ordering.'
Assets/Scripts/Enemies/ZombieSpawner.cs(16,51): warning CS0618: 'FindObjectsSortMode' is obsolete: 'FindObjectsSortMode has been deprecated. Use the FindObjectsByType overloads that do not take a FindObjectsSortMode parameter.'
Assets/Scripts/Enemies/ZombieSpawner.cs(16,22): warning CS0618: 'Object.FindObjectsByType<T>(FindObjectsSortMode)' is obsolete: 'FindObjectsByType with FindObjectsSortMode parameter has been deprecated. Use FindObjectsByType<T>() or FindObjectsByType<T>(FindObjectsInactive) instead. InstanceID will be replaced in the future with EntityId and previous sort order cannot be maintained.'
Assets/Scripts/Core/HallwaySceneBuilder.cs(204,55): warning CS0618: 'FindObjectsSortMode' is obsolete: 'FindObjectsSortMode has been deprecated. Use the FindObjectsByType overloads that do not take a FindObjectsSortMode parameter.'
Assets/Scripts/Core/HallwaySceneBuilder.cs(204,29): warning CS0618: 'Object.FindObjectsByType<T>(FindObjectsSortMode)' is obsolete: 'FindObjectsByType with FindObjectsSortMode parameter has been deprecated. Use FindObjectsByType<T>() or FindObjectsByType<T>(FindObjectsInactive) instead. InstanceID will be replaced in the future with EntityId and previous sort order cannot be maintained.'
Assets/Scripts/Core/HallwaySceneBuilder.cs(224,59): warning CS0618: 'FindObjectsSortMode' is obsolete: 'FindObjectsSortMode has been deprecated. Use the FindObjectsByType overloads that do not take a FindObjectsSortMode parameter.'
Assets/Scripts/Core/HallwaySceneBuilder.cs(224,34): warning CS0618: 'Object.FindObjectsByType<T>(FindObjectsSortMode)' is obsolete: 'FindObjectsByType with FindObjectsSortMode parameter has been deprecated. Use FindObjectsByType<T>() or FindObjectsByType<T>(FindObjectsInactive) instead. InstanceID will be replaced in the future with EntityId and previous sort order cannot be maintained.'
Assets/Scripts/Core/ConveyorBelt.cs(28,32): warning CS0618: 'Object.FindObjectsByType<T>(FindObjectsSortMode)' is obsolete: 'FindObjectsByType with FindObjectsSortMode parameter has been deprecated. Use FindObjectsByType<T>() or FindObjectsByType<T>(FindObjectsInactive) instead. InstanceID will be replaced in the future with EntityId and previous sort order cannot be maintained.'
Assets/Scripts/Core/ConveyorBelt.cs(43,23): warning CS0618: 'Object.FindFirstObjectByType<T>()' is obsolete: 'FindFirstObjectByType has been deprecated because it relies on instance ID ordering. Use FindAnyObjectByType instead, which does not depend on ordering.'
Assets/Scripts/Player/PlayerController.cs(20,47): warning CS0618: 'XRBaseController' is obsolete: 'XRBaseController has been deprecated in version 3.0.0. Its functionality has been distributed into different components.'
Assets/Scripts/Combat/GunController.cs(50,34): warning CS0618: 'Object.FindFirstObjectByType<T>()' is obsolete: 'FindFirstObjectByType has been deprecated because it relies on instance ID ordering. Use FindAnyObjectByType instead, which does not depend on ordering.'
Assets/Scripts/Enemies/ZombieSpawner.cs(16,51): warning CS0618: 'FindObjectsSortMode' is obsolete: 'FindObjectsSortMode has been deprecated. Use the FindObjectsByType overloads that do not take a FindObjectsSortMode parameter.'
Assets/Scripts/Enemies/ZombieSpawner.cs(16,22): warning CS0618: 'Object.FindObjectsByType<T>(FindObjectsSortMode)' is obsolete: 'FindObjectsByType with FindObjectsSortMode parameter has been deprecated. Use FindObjectsByType<T>() or FindObjectsByType<T>(FindObjectsInactive) instead. InstanceID will be replaced in the future with EntityId and previous sort order cannot be maintained.'
Assets/Scripts/Core/HallwaySceneBuilder.cs(204,55): warning CS0618: 'FindObjectsSortMode' is obsolete: 'FindObjectsSortMode has been deprecated. Use the FindObjectsByType overloads that do not take a FindObjectsSortMode parameter.'
Assets/Scripts/Core/HallwaySceneBuilder.cs(204,29): warning CS0618: 'Object.FindObjectsByType<T>(FindObjectsSortMode)' is obsolete: 'FindObjectsByType with FindObjectsSortMode parameter has been deprecated. Use FindObjectsByType<T>() or FindObjectsByType<T>(FindObjectsInactive) instead. InstanceID will be replaced in the future with EntityId and previous sort order cannot be maintained.'
Assets/Scripts/Core/HallwaySceneBuilder.cs(224,59): warning CS0618: 'FindObjectsSortMode' is obsolete: 'FindObjectsSortMode has been deprecated. Use the FindObjectsByType overloads that do not take a FindObjectsSortMode parameter.'
Assets/Scripts/Core/HallwaySceneBuilder.cs(224,34): warning CS0618: 'Object.FindObjectsByType<T>(FindObjectsSortMode)' is obsolete: 'FindObjectsByType with FindObjectsSortMode parameter has been deprecated. Use FindObjectsByType<T>() or FindObjectsByType<T>(FindObjectsInactive) instead. InstanceID will be replaced in the future with EntityId and previous sort order cannot be maintained.'
Reloading assemblies after finishing script compilation.
Total cache size 67411408
Reloading assemblies after forced synchronous recompile.
Total cache size after purge 67411408, took 00:00:00.2347417
Begin MonoManager ReloadAssembly
Refreshing native plugins compatible for Editor in 2.07 ms, found 1 plugins.
Native extension for LinuxStandalone target not found
Native extension for Android target not found
[MODES] ModeService[none].Initialize
[MODES] ModeService[none].LoadModes
ScheduleIndexationOnStartup MainProcess:True IndexOnStartup:True
DllNotFoundException: UnityOpenXR assembly:<unknown assembly> type:<unknown type> member:(null)
  at (wrapper managed-to-native) UnityEngine.XR.OpenXR.OpenXRSettings.Internal_SetSymmetricProjection(bool)
  at UnityEngine.XR.OpenXR.OpenXRSettings.ApplyRenderSettings () [0x00000] in ./Library/PackageCache/com.unity.xr.openxr@58837b2992e0/Runtime/Settings/OpenXRRenderSettings.cs:296 
  at UnityEngine.XR.OpenXR.OpenXRSettings.ApplySettings (System.Boolean logSettings) [0x0001b] in ./Library/PackageCache/com.unity.xr.openxr@58837b2992e0/Runtime/Settings/OpenXRSettings.cs:33 
  at UnityEngine.XR.OpenXR.OpenXRSettings.OnValidate () [0x00007] in ./Library/PackageCache/com.unity.xr.openxr@58837b2992e0/Runtime/Settings/OpenXRSettings.cs:41 

(Filename: ./Library/PackageCache/com.unity.xr.openxr@58837b2992e0/Runtime/Settings/OpenXRRenderSettings.cs Line: 296)

DllNotFoundException: UnityOpenXR assembly:<unknown assembly> type:<unknown type> member:(null)
  at (wrapper managed-to-native) UnityEngine.XR.OpenXR.OpenXRSettings.Internal_SetSymmetricProjection(bool)
  at UnityEngine.XR.OpenXR.OpenXRSettings.ApplyRenderSettings () [0x00000] in ./Library/PackageCache/com.unity.xr.openxr@58837b2992e0/Runtime/Settings/OpenXRRenderSettings.cs:296 
  at UnityEngine.XR.OpenXR.OpenXRSettings.ApplySettings (System.Boolean logSettings) [0x0001b] in ./Library/PackageCache/com.unity.xr.openxr@58837b2992e0/Runtime/Settings/OpenXRSettings.cs:33 
  at UnityEngine.XR.OpenXR.OpenXRSettings.OnValidate () [0x00007] in ./Library/PackageCache/com.unity.xr.openxr@58837b2992e0/Runtime/Settings/OpenXRSettings.cs:41 

(Filename: ./Library/PackageCache/com.unity.xr.openxr@58837b2992e0/Runtime/Settings/OpenXRRenderSettings.cs Line: 296)

DllNotFoundException: UnityOpenXR assembly:<unknown assembly> type:<unknown type> member:(null)
  at (wrapper managed-to-native) UnityEngine.XR.OpenXR.OpenXRSettings.Internal_SetSymmetricProjection(bool)
  at UnityEngine.XR.OpenXR.OpenXRSettings.ApplyRenderSettings () [0x00000] in ./Library/PackageCache/com.unity.xr.openxr@58837b2992e0/Runtime/Settings/OpenXRRenderSettings.cs:296 
  at UnityEngine.XR.OpenXR.OpenXRSettings.ApplySettings (System.Boolean logSettings) [0x0001b] in ./Library/PackageCache/com.unity.xr.openxr@58837b2992e0/Runtime/Settings/OpenXRSettings.cs:33 
  at UnityEngine.XR.OpenXR.OpenXRSettings.OnValidate () [0x00007] in ./Library/PackageCache/com.unity.xr.openxr@58837b2992e0/Runtime/Settings/OpenXRSettings.cs:41 

(Filename: ./Library/PackageCache/com.unity.xr.openxr@58837b2992e0/Runtime/Settings/OpenXRRenderSettings.cs Line: 296)

DllNotFoundException: UnityOpenXR assembly:<unknown assembly> type:<unknown type> member:(null)
  at (wrapper managed-to-native) UnityEngine.XR.OpenXR.OpenXRSettings.Internal_SetSymmetricProjection(bool)
  at UnityEngine.XR.OpenXR.OpenXRSettings.ApplyRenderSettings () [0x00000] in ./Library/PackageCache/com.unity.xr.openxr@58837b2992e0/Runtime/Settings/OpenXRRenderSettings.cs:296 
  at UnityEngine.XR.OpenXR.OpenXRSettings.ApplySettings (System.Boolean logSettings) [0x0001b] in ./Library/PackageCache/com.unity.xr.openxr@58837b2992e0/Runtime/Settings/OpenXRSettings.cs:33 
  at UnityEngine.XR.OpenXR.OpenXRSettings.OnValidate () [0x00007] in ./Library/PackageCache/com.unity.xr.openxr@58837b2992e0/Runtime/Settings/OpenXRSettings.cs:41 

(Filename: ./Library/PackageCache/com.unity.xr.openxr@58837b2992e0/Runtime/Settings/OpenXRRenderSettings.cs Line: 296)

Mono: successfully reloaded assembly
- Finished resetting the current domain, in  3.012 seconds
Domain Reload Profiling: 4636ms
	BeginReloadAssembly (1046ms)
		DisableScriptedObjects (152ms)
		CreateAndSetChildDomain (503ms)
	RebuildCommonClasses (13ms)
	RebuildNativeTypeToScriptingClass (11ms)
	initialDomainReloadingComplete (53ms)
	LoadAllAssembliesAndSetupDomain (498ms)
		LoadAssemblies (125ms)
		AnalyzeDomain (278ms)
			TypeCache.Refresh (18ms)
			BuildScriptInfoCaches (214ms)
			ResolveRequiredComponents (42ms)
	FinalizeReload (3014ms)
		SetupLoadedEditorAssemblies (0ms)
			InitializePlatformSupportModulesInManaged (24ms)
			BeforeProcessingInitializeOnLoad (387ms)
			ProcessInitializeOnLoadAttributes (901ms)
			ProcessInitializeOnLoadMethodAttributes (142ms)
			AfterProcessingInitializeOnLoad (4ms)
		AwakeInstancesAfterBackupRestoration (811ms)

Asset Pipeline Refresh (id=acf0d0201ac0018ecad3d44ce62be335): Total: 4.993 seconds - Initiated by StopAssetImportingV2(ForceSynchronousImport | ForceDomainReload)
	(Values over 0.05ms)
	Summary:
		Imports: total=0 (actual=0, local cache=0, cache server=0)
		Asset DB Process Time: managed=0 ms, native=3285 ms
		Asset DB Callback time: managed=29 ms, native=1 ms
		Scripting: domain reloads=1, domain reload time=1675 ms, compile time=1 ms, other=0 ms
		Project Asset Count: scripts=1829, non-scripts=2725
		Asset File Changes: new=0, changed=0, moved=0, deleted=0
		Scan Filter Count: 0
	InvokePackagesCallback: 0.593ms
	ApplyChangesToAssetFolders: 0.648ms
	Collect global state as custom dependencies: 2.163ms
	ProcessAssetsWithTransientArtifactChanges: 7.264ms
	CategorizeAssets: 83.512ms
	CompileScripts: 1.248ms
	ImportOutOfDateAssets: 3102.144ms (3034.874ms without children)
		CollectScriptTypesHashes: 11.616ms
		ReloadNativeAssets: 1.629ms
		UnloadImportedAssets: 0.138ms
		EnsureUptoDateAssetsAreRegisteredWithGuidPM: 0.776ms
		ImportSchedulerStart: 64.667ms
	PostProcessAllAssets: 29.156ms
		MonoPostProcessAllAssets: 29.148ms
			UniversalRenderPipelineGlobalSettingsPostprocessor.OnPostprocessAllAssets 11.652ms
			WindowAssetPostprocessingWatcher.OnPostprocessAllAssets 2.319ms
			SpeedTree9Postprocessor.OnPostprocessAllAssets 2.024ms
			AssetPostprocessor.OnPostprocessAllAssets 0.896ms
			RenderPipelineGlobalSettingsPostprocessor.OnPostprocessAllAssets 0.757ms
			ShaderGraphAssetPostProcessor.OnPostprocessAllAssets 0.588ms
			ShaderReflectionAssetPostProcessor.OnPostprocessAllAssets 0.391ms
			AssetChangedListener.OnPostprocessAllAssets 0.390ms
			EditModeScopePostprocessor.OnPostprocessAllAssets 0.350ms
			ReferencedClipsPostProcessor.OnPostprocessAllAssets 0.295ms
			InputActionAssetPostprocessor.OnPostprocessAllAssets 0.256ms
			ProjectSettingsPostprocessor.OnPostprocessAllAssets 0.232ms
			AssetDatabaseCallbacks.OnPostprocessAllAssets 0.151ms
			TerrainToolbarOverlayPostProcessor.OnPostprocessAllAssets 0.148ms
			RetainedModeAssetPostprocessor.OnPostprocessAllAssets 0.101ms
			StyleCatalogPostProcessor.OnPostprocessAllAssets 0.072ms
			SyncVS.PostprocessSyncProject 0.066ms
			BuilderAssetPostprocessor.OnPostprocessAllAssets 0.064ms
	GatherAllCurrentPrimaryImportResultRevisions: 0.292ms
	UnloadStreamsBegin: 0.077ms
	PersistCurrentRevisions: 0.230ms
	GenerateScriptTypeHashes: 7.774ms
	GenerateScriptTypeSerializationHashes: 12.515ms
	Untracked: 1751.236ms

Importing 'GUID: 3dd11dcd12272e54f8a19d8224e35f53 - Path: Assets/XR/Settings/OpenXRPackageSettings.asset' with importer (NativeFormatImporter)
Imported 'GUID: 3dd11dcd12272e54f8a19d8224e35f53' -> (Import Result ID: '124e102bf15640c77b88c0853e2b63fc') in 0.011 seconds [static dependencies only]. Details - ImportResultOutputID=a2fce30c4ac17f62c0f27da484977667 DependenciesID=70b6fc02e979cfe63a26b0a61c722e63 StaticDependenciesID=b8d5f0d117249b820dad5460aa048331 
Refreshing native plugins compatible for Editor in 4.42 ms, found 1 plugins.
Asset Pipeline Refresh (id=d1cc81148829b2c0e82ce31ae670e07c): Total: 0.229 seconds - Initiated by StopAssetImportingV2(NoUpdateAssetOptions)
Importing 'GUID: 3dd11dcd12272e54f8a19d8224e35f53 - Path: Assets/XR/Settings/OpenXRPackageSettings.asset' with importer (NativeFormatImporter)
Imported 'GUID: 3dd11dcd12272e54f8a19d8224e35f53' -> (Import Result ID: '124e102bf15640c77b88c0853e2b63fc') in 0.003 seconds [static dependencies only]. Details - ImportResultOutputID=a2fce30c4ac17f62c0f27da484977667 DependenciesID=70b6fc02e979cfe63a26b0a61c722e63 StaticDependenciesID=b8d5f0d117249b820dad5460aa048331 
Refreshing native plugins compatible for Editor in 3.85 ms, found 1 plugins.
Asset Pipeline Refresh (id=2e874b8a5c22c9f3ca781c72be210d0b): Total: 0.126 seconds - Initiated by StopAssetImportingV2(NoUpdateAssetOptions)
Importing 'GUID: 3dd11dcd12272e54f8a19d8224e35f53 - Path: Assets/XR/Settings/OpenXRPackageSettings.asset' with importer (NativeFormatImporter)
Imported 'GUID: 3dd11dcd12272e54f8a19d8224e35f53' -> (Import Result ID: '124e102bf15640c77b88c0853e2b63fc') in 0.002 seconds [static dependencies only]. Details - ImportResultOutputID=a2fce30c4ac17f62c0f27da484977667 DependenciesID=70b6fc02e979cfe63a26b0a61c722e63 StaticDependenciesID=b8d5f0d117249b820dad5460aa048331 
Refreshing native plugins compatible for Editor in 2.95 ms, found 1 plugins.
Asset Pipeline Refresh (id=117f74a33652db768bfe15c3700186d2): Total: 0.104 seconds - Initiated by StopAssetImportingV2(NoUpdateAssetOptions)
Importing 'GUID: 3dd11dcd12272e54f8a19d8224e35f53 - Path: Assets/XR/Settings/OpenXRPackageSettings.asset' with importer (NativeFormatImporter)
Imported 'GUID: 3dd11dcd12272e54f8a19d8224e35f53' -> (Import Result ID: '124e102bf15640c77b88c0853e2b63fc') in 0.003 seconds [static dependencies only]. Details - ImportResultOutputID=a2fce30c4ac17f62c0f27da484977667 DependenciesID=70b6fc02e979cfe63a26b0a61c722e63 StaticDependenciesID=b8d5f0d117249b820dad5460aa048331 
Refreshing native plugins compatible for Editor in 3.89 ms, found 1 plugins.
Asset Pipeline Refresh (id=0d07ed619a255c8d280f4b5370c56d3d): Total: 0.104 seconds - Initiated by StopAssetImportingV2(NoUpdateAssetOptions)
[Licensing::Client] Successfully resolved entitlement details
[Licensing::Client] Successfully resolved entitlement details
[Licensing::Client] Successfully resolved entitlement details
[ScriptCompilation] Requested script compilation because: AssetDatabase observed changes in script compilation related files
[Licensing::Client] Successfully resolved entitlement details
info: Microsoft.AspNetCore.Hosting.Diagnostics[1]
      Request starting HTTP/2 POST http://ilpp/UnityILPP.PostProcessing/Ping - application/grpc -
info: Microsoft.AspNetCore.Routing.EndpointMiddleware[0]
      Executing endpoint 'gRPC - /UnityILPP.PostProcessing/Ping'
info: Microsoft.AspNetCore.Routing.EndpointMiddleware[1]
      Executed endpoint 'gRPC - /UnityILPP.PostProcessing/Ping'
info: Microsoft.AspNetCore.Hosting.Diagnostics[2]
      Request finished HTTP/2 POST http://ilpp/UnityILPP.PostProcessing/Ping - 200 - application/grpc 0.3464ms
Starting: /home/asif/Unity/Hub/Editor/6000.5.10f1/Editor/Data/Tools/BuildPipeline/bee_backend --ipc --defer-dag-verification --dagfile="Library/Bee/2400b0aE.dag" --continue-on-failure --profile="Library/Bee/backend1.traceevents" ScriptAssemblies
WorkingDir: /home/asif/Projects/vrGame/vrgame
info: Microsoft.AspNetCore.Hosting.Diagnostics[1]
      Request starting HTTP/2 POST http://ilpp/UnityILPP.PostProcessing/ConfigurePostProcessors - application/grpc -
info: Microsoft.AspNetCore.Routing.EndpointMiddleware[0]
      Executing endpoint 'gRPC - /UnityILPP.PostProcessing/ConfigurePostProcessors'
info: Unity.ILPP.Runner.PostProcessingAssemblyLoadContext[0]
      Current configuration matches the requested one, skipping
info: Microsoft.AspNetCore.Routing.EndpointMiddleware[1]
      Executed endpoint 'gRPC - /UnityILPP.PostProcessing/ConfigurePostProcessors'
info: Microsoft.AspNetCore.Hosting.Diagnostics[2]
      Request finished HTTP/2 POST http://ilpp/UnityILPP.PostProcessing/ConfigurePostProcessors - 200 - application/grpc 1.1431ms
info: Microsoft.AspNetCore.Hosting.Diagnostics[1]
      Request starting HTTP/2 POST http://ilpp/UnityILPP.PostProcessing/PostProcessAssembly - application/grpc -
info: Microsoft.AspNetCore.Routing.EndpointMiddleware[0]
      Executing endpoint 'gRPC - /UnityILPP.PostProcessing/PostProcessAssembly'
info: Unity.ILPP.Runner.PostProcessingPipeline[0]
      Processing assembly Library/Bee/artifacts/2400b0aE.dag/Assembly-CSharp.dll, with 136 defines and 386 references
info: Unity.ILPP.Runner.PostProcessingPipeline[0]
      processors: Unity.Jobs.CodeGen.JobsILPostProcessor, zzzUnity.Burst.CodeGen.BurstILPostProcessor
info: Microsoft.AspNetCore.Hosting.Diagnostics[1]
      Request starting HTTP/2 POST http://ilpp/UnityILPP.PostProcessing/PostProcessAssembly - application/grpc -
info: Microsoft.AspNetCore.Routing.EndpointMiddleware[0]
      Executing endpoint 'gRPC - /UnityILPP.PostProcessing/PostProcessAssembly'
info: Unity.ILPP.Runner.PostProcessingPipeline[0]
      running Unity.Jobs.CodeGen.JobsILPostProcessor
info: Unity.ILPP.Runner.PostProcessingPipeline[0]
      Processing assembly Library/Bee/artifacts/2400b0aE.dag/Assembly-CSharp-Editor.dll, with 134 defines and 401 references
info: Unity.ILPP.Runner.PostProcessingPipeline[0]
      processors: Unity.Jobs.CodeGen.JobsILPostProcessor, zzzUnity.Burst.CodeGen.BurstILPostProcessor
info: Unity.ILPP.Runner.PostProcessingPipeline[0]
      running Unity.Jobs.CodeGen.JobsILPostProcessor
info: Unity.ILPP.Runner.PostProcessingPipeline[0]
      running zzzUnity.Burst.CodeGen.BurstILPostProcessor
info: Microsoft.AspNetCore.Routing.EndpointMiddleware[1]
      Executed endpoint 'gRPC - /UnityILPP.PostProcessing/PostProcessAssembly'
info: Microsoft.AspNetCore.Hosting.Diagnostics[2]
      Request finished HTTP/2 POST http://ilpp/UnityILPP.PostProcessing/PostProcessAssembly - 200 - application/grpc 19.8167ms
info: Unity.ILPP.Runner.PostProcessingPipeline[0]
      running zzzUnity.Burst.CodeGen.BurstILPostProcessor
info: Microsoft.AspNetCore.Routing.EndpointMiddleware[1]
      Executed endpoint 'gRPC - /UnityILPP.PostProcessing/PostProcessAssembly'
info: Microsoft.AspNetCore.Hosting.Diagnostics[2]
      Request finished HTTP/2 POST http://ilpp/UnityILPP.PostProcessing/PostProcessAssembly - 200 - application/grpc 39.3684ms
ExitCode: 0 Duration: 0s714ms
[ 845/1356  0s] ILPP-Configuration Library/ilpp-configuration.nevergeneratedoutput
[1348/1356  0s] Csc Library/Bee/artifacts/2400b0aE.dag/Assembly-CSharp.dll (+2 others)
Assets/Scripts/Player/PlayerController.cs(14,13): warning CS0618: 'XRBaseController' is obsolete: 'XRBaseController has been deprecated in version 3.0.0. Its functionality has been distributed into different components.'
Assets/Scripts/Player/PlayerController.cs(20,47): warning CS0618: 'XRBaseController' is obsolete: 'XRBaseController has been deprecated in version 3.0.0. Its functionality has been distributed into different components.'
Assets/Scripts/Core/ConveyorBelt.cs(25,58): warning CS0618: 'FindObjectsSortMode' is obsolete: 'FindObjectsSortMode has been deprecated. Use the FindObjectsByType overloads that do not take a FindObjectsSortMode parameter.'
Assets/Scripts/Core/ConveyorBelt.cs(25,32): warning CS0618: 'Object.FindObjectsByType<T>(FindObjectsSortMode)' is obsolete: 'FindObjectsByType with FindObjectsSortMode parameter has been deprecated. Use FindObjectsByType<T>() or FindObjectsByType<T>(FindObjectsInactive) instead. InstanceID will be replaced in the future with EntityId and previous sort order cannot be maintained.'
Assets/Scripts/Core/ConveyorBelt.cs(35,56): warning CS0618: 'FindObjectsSortMode' is obsolete: 'FindObjectsSortMode has been deprecated. Use the FindObjectsByType overloads that do not take a FindObjectsSortMode parameter.'
Assets/Scripts/Core/ConveyorBelt.cs(35,28): warning CS0618: 'Object.FindObjectsByType<T>(FindObjectsSortMode)' is obsolete: 'FindObjectsByType with FindObjectsSortMode parameter has been deprecated. Use FindObjectsByType<T>() or FindObjectsByType<T>(FindObjectsInactive) instead. InstanceID will be replaced in the future with EntityId and previous sort order cannot be maintained.'
Assets/Scripts/Core/ConveyorBelt.cs(53,23): warning CS0618: 'Object.FindFirstObjectByType<T>()' is obsolete: 'FindFirstObjectByType has been deprecated because it relies on instance ID ordering. Use FindAnyObjectByType instead, which does not depend on ordering.'
Assets/Scripts/Enemies/ZombieSpawner.cs(16,51): warning CS0618: 'FindObjectsSortMode' is obsolete: 'FindObjectsSortMode has been deprecated. Use the FindObjectsByType overloads that do not take a FindObjectsSortMode parameter.'
Assets/Scripts/Enemies/ZombieSpawner.cs(16,22): warning CS0618: 'Object.FindObjectsByType<T>(FindObjectsSortMode)' is obsolete: 'FindObjectsByType with FindObjectsSortMode parameter has been deprecated. Use FindObjectsByType<T>() or FindObjectsByType<T>(FindObjectsInactive) instead. InstanceID will be replaced in the future with EntityId and previous sort order cannot be maintained.'
Assets/Scripts/Combat/GunController.cs(50,34): warning CS0618: 'Object.FindFirstObjectByType<T>()' is obsolete: 'FindFirstObjectByType has been deprecated because it relies on instance ID ordering. Use FindAnyObjectByType instead, which does not depend on ordering.'
Assets/Scripts/Core/HallwaySceneBuilder.cs(204,55): warning CS0618: 'FindObjectsSortMode' is obsolete: 'FindObjectsSortMode has been deprecated. Use the FindObjectsByType overloads that do not take a FindObjectsSortMode parameter.'
Assets/Scripts/Core/HallwaySceneBuilder.cs(204,29): warning CS0618: 'Object.FindObjectsByType<T>(FindObjectsSortMode)' is obsolete: 'FindObjectsByType with FindObjectsSortMode parameter has been deprecated. Use FindObjectsByType<T>() or FindObjectsByType<T>(FindObjectsInactive) instead. InstanceID will be replaced in the future with EntityId and previous sort order cannot be maintained.'
Assets/Scripts/Core/HallwaySceneBuilder.cs(224,59): warning CS0618: 'FindObjectsSortMode' is obsolete: 'FindObjectsSortMode has been deprecated. Use the FindObjectsByType overloads that do not take a FindObjectsSortMode parameter.'
Assets/Scripts/Core/HallwaySceneBuilder.cs(224,34): warning CS0618: 'Object.FindObjectsByType<T>(FindObjectsSortMode)' is obsolete: 'FindObjectsByType with FindObjectsSortMode parameter has been deprecated. Use FindObjectsByType<T>() or FindObjectsByType<T>(FindObjectsInactive) instead. InstanceID will be replaced in the future with EntityId and previous sort order cannot be maintained.'
[1350/1356  0s] ILPostProcess Library/Bee/artifacts/2400b0aE.dag/post-processed/Assembly-CSharp-Editor.dll (+pdb)
Processing assembly Library/Bee/artifacts/2400b0aE.dag/Assembly-CSharp-Editor.dll, with 134 defines and 401 references
processors: Unity.Jobs.CodeGen.JobsILPostProcessor, zzzUnity.Burst.CodeGen.BurstILPostProcessor
running Unity.Jobs.CodeGen.JobsILPostProcessor
running zzzUnity.Burst.CodeGen.BurstILPostProcessor
[1353/1356  0s] ILPostProcess Library/Bee/artifacts/2400b0aE.dag/post-processed/Assembly-CSharp.dll (+pdb)
Processing assembly Library/Bee/artifacts/2400b0aE.dag/Assembly-CSharp.dll, with 136 defines and 386 references
processors: Unity.Jobs.CodeGen.JobsILPostProcessor, zzzUnity.Burst.CodeGen.BurstILPostProcessor
running Unity.Jobs.CodeGen.JobsILPostProcessor
running zzzUnity.Burst.CodeGen.BurstILPostProcessor
[1354/1356  0s] CopyFiles Library/ScriptAssemblies/Assembly-CSharp.pdb
[1355/1356  0s] CopyFiles Library/ScriptAssemblies/Assembly-CSharp.dll
*** Tundra build success (0.63 seconds), 6 items updated, 1356 evaluated
Total cache size 67411408
Total cache size after purge 67411408, took 00:00:00.0409719
Assets/Scripts/Player/PlayerController.cs(14,13): warning CS0618: 'XRBaseController' is obsolete: 'XRBaseController has been deprecated in version 3.0.0. Its functionality has been distributed into different components.'
Assets/Scripts/Player/PlayerController.cs(20,47): warning CS0618: 'XRBaseController' is obsolete: 'XRBaseController has been deprecated in version 3.0.0. Its functionality has been distributed into different components.'
Assets/Scripts/Core/ConveyorBelt.cs(25,58): warning CS0618: 'FindObjectsSortMode' is obsolete: 'FindObjectsSortMode has been deprecated. Use the FindObjectsByType overloads that do not take a FindObjectsSortMode parameter.'
Assets/Scripts/Core/ConveyorBelt.cs(25,32): warning CS0618: 'Object.FindObjectsByType<T>(FindObjectsSortMode)' is obsolete: 'FindObjectsByType with FindObjectsSortMode parameter has been deprecated. Use FindObjectsByType<T>() or FindObjectsByType<T>(FindObjectsInactive) instead. InstanceID will be replaced in the future with EntityId and previous sort order cannot be maintained.'
Assets/Scripts/Core/ConveyorBelt.cs(35,56): warning CS0618: 'FindObjectsSortMode' is obsolete: 'FindObjectsSortMode has been deprecated. Use the FindObjectsByType overloads that do not take a FindObjectsSortMode parameter.'
Assets/Scripts/Core/ConveyorBelt.cs(35,28): warning CS0618: 'Object.FindObjectsByType<T>(FindObjectsSortMode)' is obsolete: 'FindObjectsByType with FindObjectsSortMode parameter has been deprecated. Use FindObjectsByType<T>() or FindObjectsByType<T>(FindObjectsInactive) instead. InstanceID will be replaced in the future with EntityId and previous sort order cannot be maintained.'
Assets/Scripts/Core/ConveyorBelt.cs(53,23): warning CS0618: 'Object.FindFirstObjectByType<T>()' is obsolete: 'FindFirstObjectByType has been deprecated because it relies on instance ID ordering. Use FindAnyObjectByType instead, which does not depend on ordering.'
Assets/Scripts/Enemies/ZombieSpawner.cs(16,51): warning CS0618: 'FindObjectsSortMode' is obsolete: 'FindObjectsSortMode has been deprecated. Use the FindObjectsByType overloads that do not take a FindObjectsSortMode parameter.'
Assets/Scripts/Enemies/ZombieSpawner.cs(16,22): warning CS0618: 'Object.FindObjectsByType<T>(FindObjectsSortMode)' is obsolete: 'FindObjectsByType with FindObjectsSortMode parameter has been deprecated. Use FindObjectsByType<T>() or FindObjectsByType<T>(FindObjectsInactive) instead. InstanceID will be replaced in the future with EntityId and previous sort order cannot be maintained.'
Assets/Scripts/Combat/GunController.cs(50,34): warning CS0618: 'Object.FindFirstObjectByType<T>()' is obsolete: 'FindFirstObjectByType has been deprecated because it relies on instance ID ordering. Use FindAnyObjectByType instead, which does not depend on ordering.'
Assets/Scripts/Core/HallwaySceneBuilder.cs(204,55): warning CS0618: 'FindObjectsSortMode' is obsolete: 'FindObjectsSortMode has been deprecated. Use the FindObjectsByType overloads that do not take a FindObjectsSortMode parameter.'
Assets/Scripts/Core/HallwaySceneBuilder.cs(204,29): warning CS0618: 'Object.FindObjectsByType<T>(FindObjectsSortMode)' is obsolete: 'FindObjectsByType with FindObjectsSortMode parameter has been deprecated. Use FindObjectsByType<T>() or FindObjectsByType<T>(FindObjectsInactive) instead. InstanceID will be replaced in the future with EntityId and previous sort order cannot be maintained.'
Assets/Scripts/Core/HallwaySceneBuilder.cs(224,59): warning CS0618: 'FindObjectsSortMode' is obsolete: 'FindObjectsSortMode has been deprecated. Use the FindObjectsByType overloads that do not take a FindObjectsSortMode parameter.'
Assets/Scripts/Core/HallwaySceneBuilder.cs(224,34): warning CS0618: 'Object.FindObjectsByType<T>(FindObjectsSortMode)' is obsolete: 'FindObjectsByType with FindObjectsSortMode parameter has been deprecated. Use FindObjectsByType<T>() or FindObjectsByType<T>(FindObjectsInactive) instead. InstanceID will be replaced in the future with EntityId and previous sort order cannot be maintained.'
Assets/Scripts/Core/ConveyorBelt.cs(25,58): warning CS0618: 'FindObjectsSortMode' is obsolete: 'FindObjectsSortMode has been deprecated. Use the FindObjectsByType overloads that do not take a FindObjectsSortMode parameter.'
Assets/Scripts/Core/ConveyorBelt.cs(25,32): warning CS0618: 'Object.FindObjectsByType<T>(FindObjectsSortMode)' is obsolete: 'FindObjectsByType with FindObjectsSortMode parameter has been deprecated. Use FindObjectsByType<T>() or FindObjectsByType<T>(FindObjectsInactive) instead. InstanceID will be replaced in the future with EntityId and previous sort order cannot be maintained.'
Assets/Scripts/Core/ConveyorBelt.cs(35,56): warning CS0618: 'FindObjectsSortMode' is obsolete: 'FindObjectsSortMode has been deprecated. Use the FindObjectsByType overloads that do not take a FindObjectsSortMode parameter.'
Assets/Scripts/Core/ConveyorBelt.cs(35,28): warning CS0618: 'Object.FindObjectsByType<T>(FindObjectsSortMode)' is obsolete: 'FindObjectsByType with FindObjectsSortMode parameter has been deprecated. Use FindObjectsByType<T>() or FindObjectsByType<T>(FindObjectsInactive) instead. InstanceID will be replaced in the future with EntityId and previous sort order cannot be maintained.'
Assets/Scripts/Core/ConveyorBelt.cs(53,23): warning CS0618: 'Object.FindFirstObjectByType<T>()' is obsolete: 'FindFirstObjectByType has been deprecated because it relies on instance ID ordering. Use FindAnyObjectByType instead, which does not depend on ordering.'
Assets/Scripts/Enemies/ZombieSpawner.cs(16,51): warning CS0618: 'FindObjectsSortMode' is obsolete: 'FindObjectsSortMode has been deprecated. Use the FindObjectsByType overloads that do not take a FindObjectsSortMode parameter.'
Assets/Scripts/Enemies/ZombieSpawner.cs(16,22): warning CS0618: 'Object.FindObjectsByType<T>(FindObjectsSortMode)' is obsolete: 'FindObjectsByType with FindObjectsSortMode parameter has been deprecated. Use FindObjectsByType<T>() or FindObjectsByType<T>(FindObjectsInactive) instead. InstanceID will be replaced in the future with EntityId and previous sort order cannot be maintained.'
Assets/Scripts/Combat/GunController.cs(50,34): warning CS0618: 'Object.FindFirstObjectByType<T>()' is obsolete: 'FindFirstObjectByType has been deprecated because it relies on instance ID ordering. Use FindAnyObjectByType instead, which does not depend on ordering.'
Assets/Scripts/Core/HallwaySceneBuilder.cs(204,55): warning CS0618: 'FindObjectsSortMode' is obsolete: 'FindObjectsSortMode has been deprecated. Use the FindObjectsByType overloads that do not take a FindObjectsSortMode parameter.'
Assets/Scripts/Core/HallwaySceneBuilder.cs(204,29): warning CS0618: 'Object.FindObjectsByType<T>(FindObjectsSortMode)' is obsolete: 'FindObjectsByType with FindObjectsSortMode parameter has been deprecated. Use FindObjectsByType<T>() or FindObjectsByType<T>(FindObjectsInactive) instead. InstanceID will be replaced in the future with EntityId and previous sort order cannot be maintained.'
Assets/Scripts/Core/HallwaySceneBuilder.cs(224,59): warning CS0618: 'FindObjectsSortMode' is obsolete: 'FindObjectsSortMode has been deprecated. Use the FindObjectsByType overloads that do not take a FindObjectsSortMode parameter.'
Assets/Scripts/Core/HallwaySceneBuilder.cs(224,34): warning CS0618: 'Object.FindObjectsByType<T>(FindObjectsSortMode)' is obsolete: 'FindObjectsByType with FindObjectsSortMode parameter has been deprecated. Use FindObjectsByType<T>() or FindObjectsByType<T>(FindObjectsInactive) instead. InstanceID will be replaced in the future with EntityId and previous sort order cannot be maintained.'
Reloading assemblies after forced synchronous recompile.
Begin MonoManager ReloadAssembly
Refreshing native plugins compatible for Editor in 3.73 ms, found 1 plugins.
Native extension for LinuxStandalone target not found
Native extension for Android target not found
[MODES] ModeService[none].Initialize
[MODES] ModeService[none].LoadModes
ScheduleIndexationOnStartup MainProcess:True IndexOnStartup:True
DllNotFoundException: UnityOpenXR assembly:<unknown assembly> type:<unknown type> member:(null)
  at (wrapper managed-to-native) UnityEngine.XR.OpenXR.OpenXRSettings.Internal_SetSymmetricProjection(bool)
  at UnityEngine.XR.OpenXR.OpenXRSettings.ApplyRenderSettings () [0x00000] in ./Library/PackageCache/com.unity.xr.openxr@58837b2992e0/Runtime/Settings/OpenXRRenderSettings.cs:296 
  at UnityEngine.XR.OpenXR.OpenXRSettings.ApplySettings (System.Boolean logSettings) [0x0001b] in ./Library/PackageCache/com.unity.xr.openxr@58837b2992e0/Runtime/Settings/OpenXRSettings.cs:33 
  at UnityEngine.XR.OpenXR.OpenXRSettings.OnValidate () [0x00007] in ./Library/PackageCache/com.unity.xr.openxr@58837b2992e0/Runtime/Settings/OpenXRSettings.cs:41 

(Filename: ./Library/PackageCache/com.unity.xr.openxr@58837b2992e0/Runtime/Settings/OpenXRRenderSettings.cs Line: 296)

DllNotFoundException: UnityOpenXR assembly:<unknown assembly> type:<unknown type> member:(null)
  at (wrapper managed-to-native) UnityEngine.XR.OpenXR.OpenXRSettings.Internal_SetSymmetricProjection(bool)
  at UnityEngine.XR.OpenXR.OpenXRSettings.ApplyRenderSettings () [0x00000] in ./Library/PackageCache/com.unity.xr.openxr@58837b2992e0/Runtime/Settings/OpenXRRenderSettings.cs:296 
  at UnityEngine.XR.OpenXR.OpenXRSettings.ApplySettings (System.Boolean logSettings) [0x0001b] in ./Library/PackageCache/com.unity.xr.openxr@58837b2992e0/Runtime/Settings/OpenXRSettings.cs:33 
  at UnityEngine.XR.OpenXR.OpenXRSettings.OnValidate () [0x00007] in ./Library/PackageCache/com.unity.xr.openxr@58837b2992e0/Runtime/Settings/OpenXRSettings.cs:41 

(Filename: ./Library/PackageCache/com.unity.xr.openxr@58837b2992e0/Runtime/Settings/OpenXRRenderSettings.cs Line: 296)

DllNotFoundException: UnityOpenXR assembly:<unknown assembly> type:<unknown type> member:(null)
  at (wrapper managed-to-native) UnityEngine.XR.OpenXR.OpenXRSettings.Internal_SetSymmetricProjection(bool)
  at UnityEngine.XR.OpenXR.OpenXRSettings.ApplyRenderSettings () [0x00000] in ./Library/PackageCache/com.unity.xr.openxr@58837b2992e0/Runtime/Settings/OpenXRRenderSettings.cs:296 
  at UnityEngine.XR.OpenXR.OpenXRSettings.ApplySettings (System.Boolean logSettings) [0x0001b] in ./Library/PackageCache/com.unity.xr.openxr@58837b2992e0/Runtime/Settings/OpenXRSettings.cs:33 
  at UnityEngine.XR.OpenXR.OpenXRSettings.OnValidate () [0x00007] in ./Library/PackageCache/com.unity.xr.openxr@58837b2992e0/Runtime/Settings/OpenXRSettings.cs:41 

(Filename: ./Library/PackageCache/com.unity.xr.openxr@58837b2992e0/Runtime/Settings/OpenXRRenderSettings.cs Line: 296)

DllNotFoundException: UnityOpenXR assembly:<unknown assembly> type:<unknown type> member:(null)
  at (wrapper managed-to-native) UnityEngine.XR.OpenXR.OpenXRSettings.Internal_SetSymmetricProjection(bool)
  at UnityEngine.XR.OpenXR.OpenXRSettings.ApplyRenderSettings () [0x00000] in ./Library/PackageCache/com.unity.xr.openxr@58837b2992e0/Runtime/Settings/OpenXRRenderSettings.cs:296 
  at UnityEngine.XR.OpenXR.OpenXRSettings.ApplySettings (System.Boolean logSettings) [0x0001b] in ./Library/PackageCache/com.unity.xr.openxr@58837b2992e0/Runtime/Settings/OpenXRSettings.cs:33 
  at UnityEngine.XR.OpenXR.OpenXRSettings.OnValidate () [0x00007] in ./Library/PackageCache/com.unity.xr.openxr@58837b2992e0/Runtime/Settings/OpenXRSettings.cs:41 

(Filename: ./Library/PackageCache/com.unity.xr.openxr@58837b2992e0/Runtime/Settings/OpenXRRenderSettings.cs Line: 296)

Mono: successfully reloaded assembly
- Finished resetting the current domain, in  2.577 seconds
Domain Reload Profiling: 4359ms
	BeginReloadAssembly (1253ms)
		DisableScriptedObjects (303ms)
		CreateAndSetChildDomain (617ms)
	RebuildCommonClasses (14ms)
	RebuildNativeTypeToScriptingClass (11ms)
	initialDomainReloadingComplete (63ms)
	LoadAllAssembliesAndSetupDomain (439ms)
		LoadAssemblies (145ms)
		AnalyzeDomain (235ms)
			TypeCache.Refresh (13ms)
			BuildScriptInfoCaches (174ms)
			ResolveRequiredComponents (45ms)
	FinalizeReload (2578ms)
		SetupLoadedEditorAssemblies (0ms)
			InitializePlatformSupportModulesInManaged (19ms)
			BeforeProcessingInitializeOnLoad (268ms)
			ProcessInitializeOnLoadAttributes (855ms)
			ProcessInitializeOnLoadMethodAttributes (129ms)
			AfterProcessingInitializeOnLoad (3ms)
		AwakeInstancesAfterBackupRestoration (674ms)
Refreshing native plugins compatible for Editor in 2.19 ms, found 1 plugins.

Asset Pipeline Refresh (id=601082c042d3ab63d993d5cd8d1bc359): Total: 6.679 seconds - Initiated by RefreshV2(ForceSynchronousImport)
	(Values over 0.05ms)
	Summary:
		Imports: total=0 (actual=0, local cache=0, cache server=0)
		Asset DB Process Time: managed=0 ms, native=3644 ms
		Asset DB Callback time: managed=155 ms, native=5 ms
		Scripting: domain reloads=1, domain reload time=1824 ms, compile time=1049 ms, other=0 ms
		Project Asset Count: scripts=1829, non-scripts=2725
		Asset File Changes: new=0, changed=1, moved=0, deleted=0
		Scan Filter Count: 1
	InvokePackagesCallback: 0.541ms
	ApplyChangesToAssetFolders: 0.671ms
	Scan: 844.021ms
	Collect global state as custom dependencies: 4.610ms
	OnSourceAssetsModified: 0.833ms
	CategorizeScriptCompilationAssets: 0.052ms
	ProcessAssetsWithTransientArtifactChanges: 6.787ms
	CategorizeAssets: 99.043ms
	CompileScripts: 1049.241ms
	ImportOutOfDateAssets: 2644.362ms (2601.175ms without children)
		CollectScriptTypesHashes: 2.133ms
		ReloadNativeAssets: 1.467ms
		UnloadImportedAssets: 0.312ms
		EnsureUptoDateAssetsAreRegisteredWithGuidPM: 0.921ms
		ImportSchedulerStart: 40.436ms
	PostProcessAllAssets: 157.407ms
		XRBuildSystem.XRAssetImported 1.623ms
		PostProcessCallbackCreateDeferredMaterials 0.094ms
		MonoPostProcessAllAssets: 155.199ms
			AssetCallbacks.OnPostprocessAllAssets 99.269ms
			UniversalRenderPipelineGlobalSettingsPostprocessor.OnPostprocessAllAssets 10.022ms
			BuilderAssetPostprocessor.OnPostprocessAllAssets 8.443ms
			AssetChangedListener.OnPostprocessAllAssets 6.685ms
			AssetPostprocessor.OnPostprocessAllAssets 4.111ms
			SpeedTree9Postprocessor.OnPostprocessAllAssets 2.645ms
			ShaderGraphAssetPostProcessor.OnPostprocessAllAssets 2.483ms
			WindowAssetPostprocessingWatcher.OnPostprocessAllAssets 2.181ms
			RetainedModeAssetPostprocessor.OnPostprocessAllAssets 1.491ms
			EditModeScopePostprocessor.OnPostprocessAllAssets 0.982ms
			MaterialPostprocessor.OnPostprocessAllAssets 0.772ms
			RenderPipelineGlobalSettingsPostprocessor.OnPostprocessAllAssets 0.627ms
			ShaderReflectionAssetPostProcessor.OnPostprocessAllAssets 0.538ms
			TMPro_TexturePostProcessor.OnPostprocessAllAssets 0.507ms
			PostProcessor.OnPostprocessAllAssets 0.505ms
			TextAssetPostProcessor.OnPostprocessAllAssets 0.431ms
			ArtifactBrowserPostProcessor.OnPostprocessAllAssets 0.427ms
			InputActionAssetPostprocessor.OnPostprocessAllAssets 0.376ms
			AudioMixerPostprocessor.OnPostprocessAllAssets 0.310ms
			InputActionJsonNameModifierAssetProcessor.OnPostprocessAllAssets 0.258ms
			ReferencedClipsPostProcessor.OnPostprocessAllAssets 0.256ms
			ProjectSettingsPostprocessor.OnPostprocessAllAssets 0.253ms
			SampleDependencyImporterPostProcessor.OnPostprocessAllAssets 0.247ms
			AssetEvents.OnPostprocessAllAssets 0.243ms
			StyleCatalogPostProcessor.OnPostprocessAllAssets 0.213ms
			SpeedTreePostProcessor.OnPostprocessAllAssets 0.205ms
			EnvironmentAssetPostprocessor.OnPostprocessAllAssets 0.204ms
			TerrainToolbarOverlayPostProcessor.OnPostprocessAllAssets 0.197ms
			AssetDatabaseCallbacks.OnPostprocessAllAssets 0.141ms
			ConfigAssetsTracker.OnPostprocessAllAssets 0.123ms
			ScenarioDriftAssetsTracker.OnPostprocessAllAssets 0.102ms
			SyncVS.PostprocessSyncProject 0.096ms
			AudioContainerPostProcessor.OnPostprocessAllAssets 0.068ms
	PostAssetChangesProfiler: 2.892ms
	GatherAllCurrentPrimaryImportResultRevisions: 0.326ms
	UnloadStreamsBegin: 0.058ms
	PersistCurrentRevisions: 0.166ms
	GenerateScriptTypeHashes: 9.428ms
	GenerateScriptTypeSerializationHashes: 16.136ms
	Untracked: 1863.782ms

[Licensing::Client] Successfully resolved entitlement details
Importing 'GUID: 3dd11dcd12272e54f8a19d8224e35f53 - Path: Assets/XR/Settings/OpenXRPackageSettings.asset' with importer (NativeFormatImporter)
Imported 'GUID: 3dd11dcd12272e54f8a19d8224e35f53' -> (Import Result ID: '124e102bf15640c77b88c0853e2b63fc') in 0.007 seconds [static dependencies only]. Details - ImportResultOutputID=a2fce30c4ac17f62c0f27da484977667 DependenciesID=70b6fc02e979cfe63a26b0a61c722e63 StaticDependenciesID=b8d5f0d117249b820dad5460aa048331 
Refreshing native plugins compatible for Editor in 4.72 ms, found 1 plugins.
Asset Pipeline Refresh (id=e2564c47a3e5886f3a9c82fa31603cf7): Total: 0.134 seconds - Initiated by StopAssetImportingV2(NoUpdateAssetOptions)
Importing 'GUID: 3dd11dcd12272e54f8a19d8224e35f53 - Path: Assets/XR/Settings/OpenXRPackageSettings.asset' with importer (NativeFormatImporter)
Imported 'GUID: 3dd11dcd12272e54f8a19d8224e35f53' -> (Import Result ID: '124e102bf15640c77b88c0853e2b63fc') in 0.002 seconds [static dependencies only]. Details - ImportResultOutputID=a2fce30c4ac17f62c0f27da484977667 DependenciesID=70b6fc02e979cfe63a26b0a61c722e63 StaticDependenciesID=b8d5f0d117249b820dad5460aa048331 
Refreshing native plugins compatible for Editor in 3.77 ms, found 1 plugins.
Asset Pipeline Refresh (id=1bd2e2dec88811b3b969c31b152df7d7): Total: 0.092 seconds - Initiated by StopAssetImportingV2(NoUpdateAssetOptions)
Importing 'GUID: 3dd11dcd12272e54f8a19d8224e35f53 - Path: Assets/XR/Settings/OpenXRPackageSettings.asset' with importer (NativeFormatImporter)
Imported 'GUID: 3dd11dcd12272e54f8a19d8224e35f53' -> (Import Result ID: '124e102bf15640c77b88c0853e2b63fc') in 0.002 seconds [static dependencies only]. Details - ImportResultOutputID=a2fce30c4ac17f62c0f27da484977667 DependenciesID=70b6fc02e979cfe63a26b0a61c722e63 StaticDependenciesID=b8d5f0d117249b820dad5460aa048331 
Refreshing native plugins compatible for Editor in 3.50 ms, found 1 plugins.
Asset Pipeline Refresh (id=57b32111040280fbdabddffea9439e20): Total: 0.097 seconds - Initiated by StopAssetImportingV2(NoUpdateAssetOptions)
Importing 'GUID: 3dd11dcd12272e54f8a19d8224e35f53 - Path: Assets/XR/Settings/OpenXRPackageSettings.asset' with importer (NativeFormatImporter)
Imported 'GUID: 3dd11dcd12272e54f8a19d8224e35f53' -> (Import Result ID: '124e102bf15640c77b88c0853e2b63fc') in 0.001 seconds [static dependencies only]. Details - ImportResultOutputID=a2fce30c4ac17f62c0f27da484977667 DependenciesID=70b6fc02e979cfe63a26b0a61c722e63 StaticDependenciesID=b8d5f0d117249b820dad5460aa048331 
Refreshing native plugins compatible for Editor in 4.94 ms, found 1 plugins.
Asset Pipeline Refresh (id=ab616eaf33ab8607498592cd5fcc7bb7): Total: 0.095 seconds - Initiated by StopAssetImportingV2(NoUpdateAssetOptions)
[Licensing::Client] Successfully resolved entitlement details
GLX Extensions: GLX_ARB_context_flush_control GLX_ARB_create_context GLX_ARB_create_context_no_error GLX_ARB_create_context_profile GLX_ARB_create_context_robustness GLX_ARB_fbconfig_float GLX_ARB_framebuffer_sRGB GLX_ARB_get_proc_address GLX_ARB_multisample GLX_EXT_buffer_age GLX_EXT_create_context_es2_profile GLX_EXT_create_context_es_profile GLX_EXT_fbconfig_packed_float GLX_EXT_framebuffer_sRGB GLX_EXT_no_config_context GLX_EXT_swap_control GLX_EXT_swap_control_tear GLX_EXT_texture_from_pixmap GLX_EXT_visual_info GLX_EXT_visual_rating GLX_MESA_copy_sub_buffer GLX_MESA_gl_interop GLX_MESA_query_renderer GLX_MESA_swap_control GLX_OML_sync_control GLX_SGIS_multisample GLX_SGIX_fbconfig GLX_SGIX_pbuffer GLX_SGIX_visual_select_group GLX_SGI_make_current_read GLX_SGI_video_sync 
Unloading 1 Unused Serialized files (Serialized files now loaded: 0)
Loaded scene 'Temp/__Backupscenes/0.backup'
	Deserialize:            2.031 ms
	Integration:            398.355 ms
	Integration of assets:  0.005 ms
	Thread Wait Time:       0.044 ms
	Total Operation Time:   400.435 ms
Unloading 458 unused Assets / (119.8 MB). Loaded Objects now: 8703.
Memory consumption went from 0.75 GB to 0.64 GB.
Total: 56.366676 ms (FindLiveObjects: 2.652014 ms CreateObjectMapping: 0.710393 ms MarkObjects: 40.537137 ms  DeleteObjects: 12.456227 ms)

Default GameObject Tag: Player already registered
[Licensing::Client] Successfully resolved entitlement details
[Licensing::Client] Successfully resolved entitlement details
Asset Pipeline Refresh (id=fca99f316927fe5778ab605c86bb2a5f): Total: 0.106 seconds - Initiated by RefreshV2(ForceSynchronousImport)
[Licensing::Client] Successfully resolved entitlement details
Asset Pipeline Refresh (id=ac0607f9f2e33e0e4b3b26a143ec8346): Total: 0.104 seconds - Initiated by RefreshV2(ForceSynchronousImport)
Asset Pipeline Refresh (id=83cae30ca9b713f85bdc2a8455295947): Total: 0.108 seconds - Initiated by RefreshV2(AllowForceSynchronousImport)
Asset Pipeline Refresh (id=fb5d36f77c9cb8d86af523c8920258ca): Total: 0.109 seconds - Initiated by RefreshV2(AllowForceSynchronousImport)
GLX Extensions: GLX_ARB_context_flush_control GLX_ARB_create_context GLX_ARB_create_context_no_error GLX_ARB_create_context_profile GLX_ARB_create_context_robustness GLX_ARB_fbconfig_float GLX_ARB_framebuffer_sRGB GLX_ARB_get_proc_address GLX_ARB_multisample GLX_EXT_buffer_age GLX_EXT_create_context_es2_profile GLX_EXT_create_context_es_profile GLX_EXT_fbconfig_packed_float GLX_EXT_framebuffer_sRGB GLX_EXT_no_config_context GLX_EXT_swap_control GLX_EXT_swap_control_tear GLX_EXT_texture_from_pixmap GLX_EXT_visual_info GLX_EXT_visual_rating GLX_MESA_copy_sub_buffer GLX_MESA_gl_interop GLX_MESA_query_renderer GLX_MESA_swap_control GLX_OML_sync_control GLX_SGIS_multisample GLX_SGIX_fbconfig GLX_SGIX_pbuffer GLX_SGIX_visual_select_group GLX_SGI_make_current_read GLX_SGI_video_sync 
GLX Extensions: GLX_ARB_context_flush_control GLX_ARB_create_context GLX_ARB_create_context_no_error GLX_ARB_create_context_profile GLX_ARB_create_context_robustness GLX_ARB_fbconfig_float GLX_ARB_framebuffer_sRGB GLX_ARB_get_proc_address GLX_ARB_multisample GLX_EXT_buffer_age GLX_EXT_create_context_es2_profile GLX_EXT_create_context_es_profile GLX_EXT_fbconfig_packed_float GLX_EXT_framebuffer_sRGB GLX_EXT_no_config_context GLX_EXT_swap_control GLX_EXT_swap_control_tear GLX_EXT_texture_from_pixmap GLX_EXT_visual_info GLX_EXT_visual_rating GLX_MESA_copy_sub_buffer GLX_MESA_gl_interop GLX_MESA_query_renderer GLX_MESA_swap_control GLX_OML_sync_control GLX_SGIS_multisample GLX_SGIX_fbconfig GLX_SGIX_pbuffer GLX_SGIX_visual_select_group GLX_SGI_make_current_read GLX_SGI_video_sync 
GLX Extensions: GLX_ARB_context_flush_control GLX_ARB_create_context GLX_ARB_create_context_no_error GLX_ARB_create_context_profile GLX_ARB_create_context_robustness GLX_ARB_fbconfig_float GLX_ARB_framebuffer_sRGB GLX_ARB_get_proc_address GLX_ARB_multisample GLX_EXT_buffer_age GLX_EXT_create_context_es2_profile GLX_EXT_create_context_es_profile GLX_EXT_fbconfig_packed_float GLX_EXT_framebuffer_sRGB GLX_EXT_no_config_context GLX_EXT_swap_control GLX_EXT_swap_control_tear GLX_EXT_texture_from_pixmap GLX_EXT_visual_info GLX_EXT_visual_rating GLX_MESA_copy_sub_buffer GLX_MESA_gl_interop GLX_MESA_query_renderer GLX_MESA_swap_control GLX_OML_sync_control GLX_SGIS_multisample GLX_SGIX_fbconfig GLX_SGIX_pbuffer GLX_SGIX_visual_select_group GLX_SGI_make_current_read GLX_SGI_video_sync 
GLX Extensions: GLX_ARB_context_flush_control GLX_ARB_create_context GLX_ARB_create_context_no_error GLX_ARB_create_context_profile GLX_ARB_create_context_robustness GLX_ARB_fbconfig_float GLX_ARB_framebuffer_sRGB GLX_ARB_get_proc_address GLX_ARB_multisample GLX_EXT_buffer_age GLX_EXT_create_context_es2_profile GLX_EXT_create_context_es_profile GLX_EXT_fbconfig_packed_float GLX_EXT_framebuffer_sRGB GLX_EXT_no_config_context GLX_EXT_swap_control GLX_EXT_swap_control_tear GLX_EXT_texture_from_pixmap GLX_EXT_visual_info GLX_EXT_visual_rating GLX_MESA_copy_sub_buffer GLX_MESA_gl_interop GLX_MESA_query_renderer GLX_MESA_swap_control GLX_OML_sync_control GLX_SGIS_multisample GLX_SGIX_fbconfig GLX_SGIX_pbuffer GLX_SGIX_visual_select_group GLX_SGI_make_current_read GLX_SGI_video_sync 
Asset Pipeline Refresh (id=02ea003fa9f60d60483282497e8288cc): Total: 0.122 seconds - Initiated by RefreshV2(AllowForceSynchronousImport)
Asset Pipeline Refresh (id=6304ab2a7ecb0ca20a9948e6a69cc81b): Total: 0.153 seconds - Initiated by RefreshV2(AllowForceSynchronousImport)
Reloading assemblies for play mode.
Reloading assemblies after forced synchronous recompile.
Begin MonoManager ReloadAssembly
Refreshing native plugins compatible for Editor in 3.06 ms, found 1 plugins.
Native extension for LinuxStandalone target not found
Native extension for Android target not found
ScheduleIndexationOnStartup MainProcess:True IndexOnStartup:True
[MODES] ModeService[none].Initialize
[MODES] ModeService[none].LoadModes
[Licensing::Client] Successfully resolved entitlement details
Mono: successfully reloaded assembly
- Finished resetting the current domain, in  2.036 seconds
Domain Reload Profiling: 2838ms
	BeginReloadAssembly (577ms)
		DisableScriptedObjects (65ms)
		CreateAndSetChildDomain (312ms)
	RebuildCommonClasses (10ms)
	RebuildNativeTypeToScriptingClass (10ms)
	initialDomainReloadingComplete (40ms)
	LoadAllAssembliesAndSetupDomain (164ms)
		LoadAssemblies (80ms)
		AnalyzeDomain (35ms)
			TypeCache.Refresh (8ms)
			ResolveRequiredComponents (23ms)
	FinalizeReload (2037ms)
		SetupLoadedEditorAssemblies (0ms)
			InitializePlatformSupportModulesInManaged (22ms)
			BeforeProcessingInitializeOnLoad (74ms)
			ProcessInitializeOnLoadAttributes (566ms)
			ProcessInitializeOnLoadMethodAttributes (108ms)
			AfterProcessingInitializeOnLoad (4ms)
		AwakeInstancesAfterBackupRestoration (614ms)

Asset Pipeline Refresh (id=bb63853cd71f12859bca156c2bbe4c33): Total: 3.102 seconds - Initiated by StopAssetImportingV2(ForceSynchronousImport | ForceDomainReload)
	(Values over 0.05ms)
	Summary:
		Imports: total=0 (actual=0, local cache=0, cache server=0)
		Asset DB Process Time: managed=0 ms, native=2209 ms
		Asset DB Callback time: managed=32 ms, native=0 ms
		Scripting: domain reloads=1, domain reload time=858 ms, compile time=1 ms, other=0 ms
		Project Asset Count: scripts=1829, non-scripts=2725
		Asset File Changes: new=0, changed=0, moved=0, deleted=0
		Scan Filter Count: 0
	InvokePackagesCallback: 0.463ms
	ApplyChangesToAssetFolders: 0.565ms
	Collect global state as custom dependencies: 4.447ms
	ProcessAssetsWithTransientArtifactChanges: 0.344ms
	CategorizeAssets: 58.290ms
	CompileScripts: 1.042ms
	ImportOutOfDateAssets: 2099.056ms (2057.579ms without children)
		CollectScriptTypesHashes: 0.944ms
		ReloadNativeAssets: 1.333ms
		UnloadImportedAssets: 0.371ms
		EnsureUptoDateAssetsAreRegisteredWithGuidPM: 0.696ms
		ImportSchedulerStart: 39.029ms
	PostProcessAllAssets: 33.000ms
		MonoPostProcessAllAssets: 32.996ms
			UniversalRenderPipelineGlobalSettingsPostprocessor.OnPostprocessAllAssets 12.896ms
			WindowAssetPostprocessingWatcher.OnPostprocessAllAssets 3.029ms
			SpeedTree9Postprocessor.OnPostprocessAllAssets 2.500ms
			TMPro_TexturePostProcessor.OnPostprocessAllAssets 0.919ms
			RenderPipelineGlobalSettingsPostprocessor.OnPostprocessAllAssets 0.907ms
			ShaderGraphAssetPostProcessor.OnPostprocessAllAssets 0.824ms
			EditModeScopePostprocessor.OnPostprocessAllAssets 0.518ms
			ShaderReflectionAssetPostProcessor.OnPostprocessAllAssets 0.444ms
			ReferencedClipsPostProcessor.OnPostprocessAllAssets 0.415ms
			InputActionAssetPostprocessor.OnPostprocessAllAssets 0.391ms
			TextAssetPostProcessor.OnPostprocessAllAssets 0.332ms
			ProjectSettingsPostprocessor.OnPostprocessAllAssets 0.275ms
			AssetDatabaseCallbacks.OnPostprocessAllAssets 0.204ms
			TerrainToolbarOverlayPostProcessor.OnPostprocessAllAssets 0.183ms
			AssetPostprocessor.OnPostprocessAllAssets 0.108ms
			SyncVS.PostprocessSyncProject 0.104ms
			AssetChangedListener.OnPostprocessAllAssets 0.065ms
	GatherAllCurrentPrimaryImportResultRevisions: 0.176ms
	PersistCurrentRevisions: 0.208ms
	GenerateScriptTypeHashes: 4.938ms
	GenerateScriptTypeSerializationHashes: 8.147ms
	Untracked: 902.256ms

Warning: X server took longer than 200 milliseconds to respond to GtkWidgetFocusing
Loaded scene 'Temp/__Backupscenes/0.backup'
	Deserialize:            0.795 ms
	Integration:            366.679 ms
	Integration of assets:  0.001 ms
	Thread Wait Time:       0.012 ms
	Total Operation Time:   367.487 ms
ZombieSpawner: Auto-found 2 prefab(s).
UnityEngine.Debug:ExtractStackTraceNoAlloc (byte*,int,string)
UnityEngine.StackTraceUtility:ExtractStackTrace () (at /home/bokken/build/output/unity/unity/Runtime/Export/Scripting/StackTrace.cs:35)
UnityEngine.DebugLogHandler:Internal_Log (UnityEngine.LogType,UnityEngine.LogOption,string,UnityEngine.Object)
UnityEngine.DebugLogHandler:LogFormat (UnityEngine.LogType,UnityEngine.Object,string,object[])
UnityEngine.Logger:Log (UnityEngine.LogType,object)
UnityEngine.Debug:Log (object)
ZombieSpawner:Start () (at Assets/Scripts/Enemies/ZombieSpawner.cs:49)

(Filename: Assets/Scripts/Enemies/ZombieSpawner.cs Line: 49)

Asset Pipeline Refresh (id=fca519a3a8474dd34afdbf34d62abc15): Total: 0.195 seconds - Initiated by RefreshV2(NoUpdateAssetOptions)
[Licensing::Client] Successfully resolved entitlement details
Importing 'GUID: 3dd11dcd12272e54f8a19d8224e35f53 - Path: Assets/XR/Settings/OpenXRPackageSettings.asset' with importer (NativeFormatImporter)
Imported 'GUID: 3dd11dcd12272e54f8a19d8224e35f53' -> (Import Result ID: '124e102bf15640c77b88c0853e2b63fc') in 0.006 seconds [static dependencies only]. Details - ImportResultOutputID=a2fce30c4ac17f62c0f27da484977667 DependenciesID=70b6fc02e979cfe63a26b0a61c722e63 StaticDependenciesID=b8d5f0d117249b820dad5460aa048331 
Refreshing native plugins compatible for Editor in 3.37 ms, found 1 plugins.
Asset Pipeline Refresh (id=d52f8a811ce4f4e7cbd82227dc229796): Total: 0.158 seconds - Initiated by StopAssetImportingV2(NoUpdateAssetOptions)
Importing 'GUID: 3dd11dcd12272e54f8a19d8224e35f53 - Path: Assets/XR/Settings/OpenXRPackageSettings.asset' with importer (NativeFormatImporter)
Imported 'GUID: 3dd11dcd12272e54f8a19d8224e35f53' -> (Import Result ID: '124e102bf15640c77b88c0853e2b63fc') in 0.002 seconds [static dependencies only]. Details - ImportResultOutputID=a2fce30c4ac17f62c0f27da484977667 DependenciesID=70b6fc02e979cfe63a26b0a61c722e63 StaticDependenciesID=b8d5f0d117249b820dad5460aa048331 
Refreshing native plugins compatible for Editor in 3.29 ms, found 1 plugins.
Asset Pipeline Refresh (id=e5ed7808f418a726991e6e1bef95f508): Total: 0.117 seconds - Initiated by StopAssetImportingV2(NoUpdateAssetOptions)
Importing 'GUID: 3dd11dcd12272e54f8a19d8224e35f53 - Path: Assets/XR/Settings/OpenXRPackageSettings.asset' with importer (NativeFormatImporter)
Imported 'GUID: 3dd11dcd12272e54f8a19d8224e35f53' -> (Import Result ID: '124e102bf15640c77b88c0853e2b63fc') in 0.002 seconds [static dependencies only]. Details - ImportResultOutputID=a2fce30c4ac17f62c0f27da484977667 DependenciesID=70b6fc02e979cfe63a26b0a61c722e63 StaticDependenciesID=b8d5f0d117249b820dad5460aa048331 
Refreshing native plugins compatible for Editor in 2.60 ms, found 1 plugins.
Asset Pipeline Refresh (id=6f2b185c60b825cb09c81d6a1712fead): Total: 0.064 seconds - Initiated by StopAssetImportingV2(NoUpdateAssetOptions)
Importing 'GUID: 3dd11dcd12272e54f8a19d8224e35f53 - Path: Assets/XR/Settings/OpenXRPackageSettings.asset' with importer (NativeFormatImporter)
Imported 'GUID: 3dd11dcd12272e54f8a19d8224e35f53' -> (Import Result ID: '124e102bf15640c77b88c0853e2b63fc') in 0.001 seconds [static dependencies only]. Details - ImportResultOutputID=a2fce30c4ac17f62c0f27da484977667 DependenciesID=70b6fc02e979cfe63a26b0a61c722e63 StaticDependenciesID=b8d5f0d117249b820dad5460aa048331 
Refreshing native plugins compatible for Editor in 2.58 ms, found 1 plugins.
Asset Pipeline Refresh (id=882d3128149322d51973e5e4d25c8499): Total: 0.064 seconds - Initiated by StopAssetImportingV2(NoUpdateAssetOptions)
[Licensing::Client] Successfully resolved entitlement details
[Licensing::Client] Successfully resolved entitlement details
[Licensing::Client] Successfully resolved entitlement details
Spawned Zombie_B_Pacient_Clone at (0.00, 0.83, 158.00) on SpawnPoint_2
UnityEngine.Debug:ExtractStackTraceNoAlloc (byte*,int,string)
UnityEngine.StackTraceUtility:ExtractStackTrace () (at /home/bokken/build/output/unity/unity/Runtime/Export/Scripting/StackTrace.cs:35)
UnityEngine.DebugLogHandler:Internal_Log (UnityEngine.LogType,UnityEngine.LogOption,string,UnityEngine.Object)
UnityEngine.DebugLogHandler:LogFormat (UnityEngine.LogType,UnityEngine.Object,string,object[])
UnityEngine.Logger:Log (UnityEngine.LogType,object)
UnityEngine.Debug:Log (object)
ZombieSpawner:SpawnOne () (at Assets/Scripts/Enemies/ZombieSpawner.cs:96)
ZombieSpawner:Update () (at Assets/Scripts/Enemies/ZombieSpawner.cs:70)

(Filename: Assets/Scripts/Enemies/ZombieSpawner.cs Line: 96)

Spawned Zombie_A_SuitMan_Clone at (0.00, 0.83, 158.00) on SpawnPoint_2
UnityEngine.Debug:ExtractStackTraceNoAlloc (byte*,int,string)
UnityEngine.StackTraceUtility:ExtractStackTrace () (at /home/bokken/build/output/unity/unity/Runtime/Export/Scripting/StackTrace.cs:35)
UnityEngine.DebugLogHandler:Internal_Log (UnityEngine.LogType,UnityEngine.LogOption,string,UnityEngine.Object)
UnityEngine.DebugLogHandler:LogFormat (UnityEngine.LogType,UnityEngine.Object,string,object[])
UnityEngine.Logger:Log (UnityEngine.LogType,object)
UnityEngine.Debug:Log (object)
ZombieSpawner:SpawnOne () (at Assets/Scripts/Enemies/ZombieSpawner.cs:96)
ZombieSpawner:Update () (at Assets/Scripts/Enemies/ZombieSpawner.cs:70)

(Filename: Assets/Scripts/Enemies/ZombieSpawner.cs Line: 96)

Spawned Zombie_A_SuitMan_Clone at (-3.00, 0.83, 158.00) on SpawnPoint_1
UnityEngine.Debug:ExtractStackTraceNoAlloc (byte*,int,string)
UnityEngine.StackTraceUtility:ExtractStackTrace () (at /home/bokken/build/output/unity/unity/Runtime/Export/Scripting/StackTrace.cs:35)
UnityEngine.DebugLogHandler:Internal_Log (UnityEngine.LogType,UnityEngine.LogOption,string,UnityEngine.Object)
UnityEngine.DebugLogHandler:LogFormat (UnityEngine.LogType,UnityEngine.Object,string,object[])
UnityEngine.Logger:Log (UnityEngine.LogType,object)
UnityEngine.Debug:Log (object)
ZombieSpawner:SpawnOne () (at Assets/Scripts/Enemies/ZombieSpawner.cs:96)
ZombieSpawner:Update () (at Assets/Scripts/Enemies/ZombieSpawner.cs:70)

(Filename: Assets/Scripts/Enemies/ZombieSpawner.cs Line: 96)

Spawned Zombie_B_Pacient_Clone at (-3.00, 0.83, 158.00) on SpawnPoint_1
UnityEngine.Debug:ExtractStackTraceNoAlloc (byte*,int,string)
UnityEngine.StackTraceUtility:ExtractStackTrace () (at /home/bokken/build/output/unity/unity/Runtime/Export/Scripting/StackTrace.cs:35)
UnityEngine.DebugLogHandler:Internal_Log (UnityEngine.LogType,UnityEngine.LogOption,string,UnityEngine.Object)
UnityEngine.DebugLogHandler:LogFormat (UnityEngine.LogType,UnityEngine.Object,string,object[])
UnityEngine.Logger:Log (UnityEngine.LogType,object)
UnityEngine.Debug:Log (object)
ZombieSpawner:SpawnOne () (at Assets/Scripts/Enemies/ZombieSpawner.cs:96)
ZombieSpawner:Update () (at Assets/Scripts/Enemies/ZombieSpawner.cs:70)

(Filename: Assets/Scripts/Enemies/ZombieSpawner.cs Line: 96)

Spawned Zombie_B_Pacient_Clone at (0.00, 0.83, 158.00) on SpawnPoint_2
UnityEngine.Debug:ExtractStackTraceNoAlloc (byte*,int,string)
UnityEngine.StackTraceUtility:ExtractStackTrace () (at /home/bokken/build/output/unity/unity/Runtime/Export/Scripting/StackTrace.cs:35)
UnityEngine.DebugLogHandler:Internal_Log (UnityEngine.LogType,UnityEngine.LogOption,string,UnityEngine.Object)
UnityEngine.DebugLogHandler:LogFormat (UnityEngine.LogType,UnityEngine.Object,string,object[])
UnityEngine.Logger:Log (UnityEngine.LogType,object)
UnityEngine.Debug:Log (object)
ZombieSpawner:SpawnOne () (at Assets/Scripts/Enemies/ZombieSpawner.cs:96)
ZombieSpawner:Update () (at Assets/Scripts/Enemies/ZombieSpawner.cs:70)

(Filename: Assets/Scripts/Enemies/ZombieSpawner.cs Line: 96)

Asset Pipeline Refresh (id=b61fd5b0172a36043912df945b590cf7): Total: 0.111 seconds - Initiated by RefreshV2(NoUpdateAssetOptions)
Spawned Zombie_A_SuitMan_Clone at (0.00, 0.83, 158.00) on SpawnPoint_2
UnityEngine.Debug:ExtractStackTraceNoAlloc (byte*,int,string)
UnityEngine.StackTraceUtility:ExtractStackTrace () (at /home/bokken/build/output/unity/unity/Runtime/Export/Scripting/StackTrace.cs:35)
UnityEngine.DebugLogHandler:Internal_Log (UnityEngine.LogType,UnityEngine.LogOption,string,UnityEngine.Object)
UnityEngine.DebugLogHandler:LogFormat (UnityEngine.LogType,UnityEngine.Object,string,object[])
UnityEngine.Logger:Log (UnityEngine.LogType,object)
UnityEngine.Debug:Log (object)
ZombieSpawner:SpawnOne () (at Assets/Scripts/Enemies/ZombieSpawner.cs:96)
ZombieSpawner:Update () (at Assets/Scripts/Enemies/ZombieSpawner.cs:70)

(Filename: Assets/Scripts/Enemies/ZombieSpawner.cs Line: 96)

Spawned Zombie_A_SuitMan_Clone at (3.00, 0.83, 158.00) on SpawnPoint_3
UnityEngine.Debug:ExtractStackTraceNoAlloc (byte*,int,string)
UnityEngine.StackTraceUtility:ExtractStackTrace () (at /home/bokken/build/output/unity/unity/Runtime/Export/Scripting/StackTrace.cs:35)
UnityEngine.DebugLogHandler:Internal_Log (UnityEngine.LogType,UnityEngine.LogOption,string,UnityEngine.Object)
UnityEngine.DebugLogHandler:LogFormat (UnityEngine.LogType,UnityEngine.Object,string,object[])
UnityEngine.Logger:Log (UnityEngine.LogType,object)
UnityEngine.Debug:Log (object)
ZombieSpawner:SpawnOne () (at Assets/Scripts/Enemies/ZombieSpawner.cs:96)
ZombieSpawner:Update () (at Assets/Scripts/Enemies/ZombieSpawner.cs:70)

(Filename: Assets/Scripts/Enemies/ZombieSpawner.cs Line: 96)

Spawned Zombie_A_SuitMan_Clone at (0.00, 0.83, 158.00) on SpawnPoint_2
UnityEngine.Debug:ExtractStackTraceNoAlloc (byte*,int,string)
UnityEngine.StackTraceUtility:ExtractStackTrace () (at /home/bokken/build/output/unity/unity/Runtime/Export/Scripting/StackTrace.cs:35)
UnityEngine.DebugLogHandler:Internal_Log (UnityEngine.LogType,UnityEngine.LogOption,string,UnityEngine.Object)
UnityEngine.DebugLogHandler:LogFormat (UnityEngine.LogType,UnityEngine.Object,string,object[])
UnityEngine.Logger:Log (UnityEngine.LogType,object)
UnityEngine.Debug:Log (object)
ZombieSpawner:SpawnOne () (at Assets/Scripts/Enemies/ZombieSpawner.cs:96)
ZombieSpawner:Update () (at Assets/Scripts/Enemies/ZombieSpawner.cs:70)

(Filename: Assets/Scripts/Enemies/ZombieSpawner.cs Line: 96)

Spawned Zombie_B_Pacient_Clone at (0.00, 0.83, 158.00) on SpawnPoint_2
UnityEngine.Debug:ExtractStackTraceNoAlloc (byte*,int,string)
UnityEngine.StackTraceUtility:ExtractStackTrace () (at /home/bokken/build/output/unity/unity/Runtime/Export/Scripting/StackTrace.cs:35)
UnityEngine.DebugLogHandler:Internal_Log (UnityEngine.LogType,UnityEngine.LogOption,string,UnityEngine.Object)
UnityEngine.DebugLogHandler:LogFormat (UnityEngine.LogType,UnityEngine.Object,string,object[])
UnityEngine.Logger:Log (UnityEngine.LogType,object)
UnityEngine.Debug:Log (object)
ZombieSpawner:SpawnOne () (at Assets/Scripts/Enemies/ZombieSpawner.cs:96)
ZombieSpawner:Update () (at Assets/Scripts/Enemies/ZombieSpawner.cs:70)

(Filename: Assets/Scripts/Enemies/ZombieSpawner.cs Line: 96)

Asset Pipeline Refresh (id=d1b59f59cf6d362d5ba819f5f40733a3): Total: 0.095 seconds - Initiated by RefreshV2(NoUpdateAssetOptions)
Spawned Zombie_A_SuitMan_Clone at (0.00, 0.83, 158.00) on SpawnPoint_2
UnityEngine.Debug:ExtractStackTraceNoAlloc (byte*,int,string)
UnityEngine.StackTraceUtility:ExtractStackTrace () (at /home/bokken/build/output/unity/unity/Runtime/Export/Scripting/StackTrace.cs:35)
UnityEngine.DebugLogHandler:Internal_Log (UnityEngine.LogType,UnityEngine.LogOption,string,UnityEngine.Object)
UnityEngine.DebugLogHandler:LogFormat (UnityEngine.LogType,UnityEngine.Object,string,object[])
UnityEngine.Logger:Log (UnityEngine.LogType,object)
UnityEngine.Debug:Log (object)
ZombieSpawner:SpawnOne () (at Assets/Scripts/Enemies/ZombieSpawner.cs:96)
ZombieSpawner:Update () (at Assets/Scripts/Enemies/ZombieSpawner.cs:70)

(Filename: Assets/Scripts/Enemies/ZombieSpawner.cs Line: 96)

Asset Pipeline Refresh (id=6aeee31de64d430d7a948dd8211b0b4f): Total: 0.090 seconds - Initiated by RefreshV2(NoUpdateAssetOptions)
Spawned Zombie_B_Pacient_Clone at (-3.00, 0.83, 158.00) on SpawnPoint_1
UnityEngine.Debug:ExtractStackTraceNoAlloc (byte*,int,string)
UnityEngine.StackTraceUtility:ExtractStackTrace () (at /home/bokken/build/output/unity/unity/Runtime/Export/Scripting/StackTrace.cs:35)
UnityEngine.DebugLogHandler:Internal_Log (UnityEngine.LogType,UnityEngine.LogOption,string,UnityEngine.Object)
UnityEngine.DebugLogHandler:LogFormat (UnityEngine.LogType,UnityEngine.Object,string,object[])
UnityEngine.Logger:Log (UnityEngine.LogType,object)
UnityEngine.Debug:Log (object)
ZombieSpawner:SpawnOne () (at Assets/Scripts/Enemies/ZombieSpawner.cs:96)
ZombieSpawner:Update () (at Assets/Scripts/Enemies/ZombieSpawner.cs:70)

(Filename: Assets/Scripts/Enemies/ZombieSpawner.cs Line: 96)

Spawned Zombie_B_Pacient_Clone at (0.00, 0.83, 158.00) on SpawnPoint_2
UnityEngine.Debug:ExtractStackTraceNoAlloc (byte*,int,string)
UnityEngine.StackTraceUtility:ExtractStackTrace () (at /home/bokken/build/output/unity/unity/Runtime/Export/Scripting/StackTrace.cs:35)
UnityEngine.DebugLogHandler:Internal_Log (UnityEngine.LogType,UnityEngine.LogOption,string,UnityEngine.Object)
UnityEngine.DebugLogHandler:LogFormat (UnityEngine.LogType,UnityEngine.Object,string,object[])
UnityEngine.Logger:Log (UnityEngine.LogType,object)
UnityEngine.Debug:Log (object)
ZombieSpawner:SpawnOne () (at Assets/Scripts/Enemies/ZombieSpawner.cs:96)
ZombieSpawner:Update () (at Assets/Scripts/Enemies/ZombieSpawner.cs:70)

(Filename: Assets/Scripts/Enemies/ZombieSpawner.cs Line: 96)

Asset Pipeline Refresh (id=0462c91a56eef75e7bc1c5922d0ed2cd): Total: 0.098 seconds - Initiated by RefreshV2(NoUpdateAssetOptions)
Spawned Zombie_A_SuitMan_Clone at (3.00, 0.83, 158.00) on SpawnPoint_3
UnityEngine.Debug:ExtractStackTraceNoAlloc (byte*,int,string)
UnityEngine.StackTraceUtility:ExtractStackTrace () (at /home/bokken/build/output/unity/unity/Runtime/Export/Scripting/StackTrace.cs:35)
UnityEngine.DebugLogHandler:Internal_Log (UnityEngine.LogType,UnityEngine.LogOption,string,UnityEngine.Object)
UnityEngine.DebugLogHandler:LogFormat (UnityEngine.LogType,UnityEngine.Object,string,object[])
UnityEngine.Logger:Log (UnityEngine.LogType,object)
UnityEngine.Debug:Log (object)
ZombieSpawner:SpawnOne () (at Assets/Scripts/Enemies/ZombieSpawner.cs:96)
ZombieSpawner:Update () (at Assets/Scripts/Enemies/ZombieSpawner.cs:70)

(Filename: Assets/Scripts/Enemies/ZombieSpawner.cs Line: 96)

Spawned Zombie_B_Pacient_Clone at (3.00, 0.83, 158.00) on SpawnPoint_3
UnityEngine.Debug:ExtractStackTraceNoAlloc (byte*,int,string)
UnityEngine.StackTraceUtility:ExtractStackTrace () (at /home/bokken/build/output/unity/unity/Runtime/Export/Scripting/StackTrace.cs:35)
UnityEngine.DebugLogHandler:Internal_Log (UnityEngine.LogType,UnityEngine.LogOption,string,UnityEngine.Object)
UnityEngine.DebugLogHandler:LogFormat (UnityEngine.LogType,UnityEngine.Object,string,object[])
UnityEngine.Logger:Log (UnityEngine.LogType,object)
UnityEngine.Debug:Log (object)
ZombieSpawner:SpawnOne () (at Assets/Scripts/Enemies/ZombieSpawner.cs:96)
ZombieSpawner:Update () (at Assets/Scripts/Enemies/ZombieSpawner.cs:70)

(Filename: Assets/Scripts/Enemies/ZombieSpawner.cs Line: 96)

Spawned Zombie_A_SuitMan_Clone at (0.00, 0.83, 158.00) on SpawnPoint_2
UnityEngine.Debug:ExtractStackTraceNoAlloc (byte*,int,string)
UnityEngine.StackTraceUtility:ExtractStackTrace () (at /home/bokken/build/output/unity/unity/Runtime/Export/Scripting/StackTrace.cs:35)
UnityEngine.DebugLogHandler:Internal_Log (UnityEngine.LogType,UnityEngine.LogOption,string,UnityEngine.Object)
UnityEngine.DebugLogHandler:LogFormat (UnityEngine.LogType,UnityEngine.Object,string,object[])
UnityEngine.Logger:Log (UnityEngine.LogType,object)
UnityEngine.Debug:Log (object)
ZombieSpawner:SpawnOne () (at Assets/Scripts/Enemies/ZombieSpawner.cs:96)
ZombieSpawner:Update () (at Assets/Scripts/Enemies/ZombieSpawner.cs:70)

(Filename: Assets/Scripts/Enemies/ZombieSpawner.cs Line: 96)

Asset Pipeline Refresh (id=8db40eb745b3e4051a517b23fbfd5312): Total: 0.094 seconds - Initiated by RefreshV2(NoUpdateAssetOptions)
Spawned Zombie_A_SuitMan_Clone at (0.00, 0.83, 158.00) on SpawnPoint_2
UnityEngine.Debug:ExtractStackTraceNoAlloc (byte*,int,string)
UnityEngine.StackTraceUtility:ExtractStackTrace () (at /home/bokken/build/output/unity/unity/Runtime/Export/Scripting/StackTrace.cs:35)
UnityEngine.DebugLogHandler:Internal_Log (UnityEngine.LogType,UnityEngine.LogOption,string,UnityEngine.Object)
UnityEngine.DebugLogHandler:LogFormat (UnityEngine.LogType,UnityEngine.Object,string,object[])
UnityEngine.Logger:Log (UnityEngine.LogType,object)
UnityEngine.Debug:Log (object)
ZombieSpawner:SpawnOne () (at Assets/Scripts/Enemies/ZombieSpawner.cs:96)
ZombieSpawner:Update () (at Assets/Scripts/Enemies/ZombieSpawner.cs:70)

(Filename: Assets/Scripts/Enemies/ZombieSpawner.cs Line: 96)

Spawned Zombie_B_Pacient_Clone at (-3.00, 0.83, 158.00) on SpawnPoint_1
UnityEngine.Debug:ExtractStackTraceNoAlloc (byte*,int,string)
UnityEngine.StackTraceUtility:ExtractStackTrace () (at /home/bokken/build/output/unity/unity/Runtime/Export/Scripting/StackTrace.cs:35)
UnityEngine.DebugLogHandler:Internal_Log (UnityEngine.LogType,UnityEngine.LogOption,string,UnityEngine.Object)
UnityEngine.DebugLogHandler:LogFormat (UnityEngine.LogType,UnityEngine.Object,string,object[])
UnityEngine.Logger:Log (UnityEngine.LogType,object)
UnityEngine.Debug:Log (object)
ZombieSpawner:SpawnOne () (at Assets/Scripts/Enemies/ZombieSpawner.cs:96)
ZombieSpawner:Update () (at Assets/Scripts/Enemies/ZombieSpawner.cs:70)

(Filename: Assets/Scripts/Enemies/ZombieSpawner.cs Line: 96)

Spawned Zombie_B_Pacient_Clone at (3.00, 0.83, 158.00) on SpawnPoint_3
UnityEngine.Debug:ExtractStackTraceNoAlloc (byte*,int,string)
UnityEngine.StackTraceUtility:ExtractStackTrace () (at /home/bokken/build/output/unity/unity/Runtime/Export/Scripting/StackTrace.cs:35)
UnityEngine.DebugLogHandler:Internal_Log (UnityEngine.LogType,UnityEngine.LogOption,string,UnityEngine.Object)
UnityEngine.DebugLogHandler:LogFormat (UnityEngine.LogType,UnityEngine.Object,string,object[])
UnityEngine.Logger:Log (UnityEngine.LogType,object)
UnityEngine.Debug:Log (object)
ZombieSpawner:SpawnOne () (at Assets/Scripts/Enemies/ZombieSpawner.cs:96)
ZombieSpawner:Update () (at Assets/Scripts/Enemies/ZombieSpawner.cs:70)

(Filename: Assets/Scripts/Enemies/ZombieSpawner.cs Line: 96)

Asset Pipeline Refresh (id=408837f0a6452fa87bd62f81f4b5e5ce): Total: 0.091 seconds - Initiated by RefreshV2(NoUpdateAssetOptions)
Spawned Zombie_B_Pacient_Clone at (-3.00, 0.83, 158.00) on SpawnPoint_1
UnityEngine.Debug:ExtractStackTraceNoAlloc (byte*,int,string)
UnityEngine.StackTraceUtility:ExtractStackTrace () (at /home/bokken/build/output/unity/unity/Runtime/Export/Scripting/StackTrace.cs:35)
UnityEngine.DebugLogHandler:Internal_Log (UnityEngine.LogType,UnityEngine.LogOption,string,UnityEngine.Object)
UnityEngine.DebugLogHandler:LogFormat (UnityEngine.LogType,UnityEngine.Object,string,object[])
UnityEngine.Logger:Log (UnityEngine.LogType,object)
UnityEngine.Debug:Log (object)
ZombieSpawner:SpawnOne () (at Assets/Scripts/Enemies/ZombieSpawner.cs:96)
ZombieSpawner:Update () (at Assets/Scripts/Enemies/ZombieSpawner.cs:70)

(Filename: Assets/Scripts/Enemies/ZombieSpawner.cs Line: 96)

Spawned Zombie_A_SuitMan_Clone at (0.00, 0.83, 158.00) on SpawnPoint_2
UnityEngine.Debug:ExtractStackTraceNoAlloc (byte*,int,string)
UnityEngine.StackTraceUtility:ExtractStackTrace () (at /home/bokken/build/output/unity/unity/Runtime/Export/Scripting/StackTrace.cs:35)
UnityEngine.DebugLogHandler:Internal_Log (UnityEngine.LogType,UnityEngine.LogOption,string,UnityEngine.Object)
UnityEngine.DebugLogHandler:LogFormat (UnityEngine.LogType,UnityEngine.Object,string,object[])
UnityEngine.Logger:Log (UnityEngine.LogType,object)
UnityEngine.Debug:Log (object)
ZombieSpawner:SpawnOne () (at Assets/Scripts/Enemies/ZombieSpawner.cs:96)
ZombieSpawner:Update () (at Assets/Scripts/Enemies/ZombieSpawner.cs:70)

(Filename: Assets/Scripts/Enemies/ZombieSpawner.cs Line: 96)

GLX Extensions: GLX_ARB_context_flush_control GLX_ARB_create_context GLX_ARB_create_context_no_error GLX_ARB_create_context_profile GLX_ARB_create_context_robustness GLX_ARB_fbconfig_float GLX_ARB_framebuffer_sRGB GLX_ARB_get_proc_address GLX_ARB_multisample GLX_EXT_buffer_age GLX_EXT_create_context_es2_profile GLX_EXT_create_context_es_profile GLX_EXT_fbconfig_packed_float GLX_EXT_framebuffer_sRGB GLX_EXT_no_config_context GLX_EXT_swap_control GLX_EXT_swap_control_tear GLX_EXT_texture_from_pixmap GLX_EXT_visual_info GLX_EXT_visual_rating GLX_MESA_copy_sub_buffer GLX_MESA_gl_interop GLX_MESA_query_renderer GLX_MESA_swap_control GLX_OML_sync_control GLX_SGIS_multisample GLX_SGIX_fbconfig GLX_SGIX_pbuffer GLX_SGIX_visual_select_group GLX_SGI_make_current_read GLX_SGI_video_sync 
GLX Extensions: GLX_ARB_context_flush_control GLX_ARB_create_context GLX_ARB_create_context_no_error GLX_ARB_create_context_profile GLX_ARB_create_context_robustness GLX_ARB_fbconfig_float GLX_ARB_framebuffer_sRGB GLX_ARB_get_proc_address GLX_ARB_multisample GLX_EXT_buffer_age GLX_EXT_create_context_es2_profile GLX_EXT_create_context_es_profile GLX_EXT_fbconfig_packed_float GLX_EXT_framebuffer_sRGB GLX_EXT_no_config_context GLX_EXT_swap_control GLX_EXT_swap_control_tear GLX_EXT_texture_from_pixmap GLX_EXT_visual_info GLX_EXT_visual_rating GLX_MESA_copy_sub_buffer GLX_MESA_gl_interop GLX_MESA_query_renderer GLX_MESA_swap_control GLX_OML_sync_control GLX_SGIS_multisample GLX_SGIX_fbconfig GLX_SGIX_pbuffer GLX_SGIX_visual_select_group GLX_SGI_make_current_read GLX_SGI_video_sync 
Asset Pipeline Refresh (id=76fe7ab75a724f0adb02ea24c6c027b6): Total: 0.158 seconds - Initiated by RefreshV2(NoUpdateAssetOptions)
Asset Pipeline Refresh (id=18ce49997b371c1a09c89c947c7b6790): Total: 0.109 seconds - Initiated by RefreshV2(NoUpdateAssetOptions)
Asset Pipeline Refresh (id=a79bac6dfae70fa3491b3b6a78f48342): Total: 0.121 seconds - Initiated by RefreshV2(NoUpdateAssetOptions)
Asset Pipeline Refresh (id=40b2075bbb5cbfa91b1640f83e8641d6): Total: 0.110 seconds - Initiated by RefreshV2(NoUpdateAssetOptions)
Asset Pipeline Refresh (id=a9757846d0932eda2ab6eb7c76195fa8): Total: 0.110 seconds - Initiated by RefreshV2(NoUpdateAssetOptions)
Asset Pipeline Refresh (id=ec07baf2cd198157a996a579cbb42459): Total: 0.111 seconds - Initiated by RefreshV2(NoUpdateAssetOptions)
Asset Pipeline Refresh (id=aa59379aff9e18d179f69d868adafef5): Total: 0.100 seconds - Initiated by RefreshV2(NoUpdateAssetOptions)
GLX Extensions: GLX_ARB_context_flush_control GLX_ARB_create_context GLX_ARB_create_context_no_error GLX_ARB_create_context_profile GLX_ARB_create_context_robustness GLX_ARB_fbconfig_float GLX_ARB_framebuffer_sRGB GLX_ARB_get_proc_address GLX_ARB_multisample GLX_EXT_buffer_age GLX_EXT_create_context_es2_profile GLX_EXT_create_context_es_profile GLX_EXT_fbconfig_packed_float GLX_EXT_framebuffer_sRGB GLX_EXT_no_config_context GLX_EXT_swap_control GLX_EXT_swap_control_tear GLX_EXT_texture_from_pixmap GLX_EXT_visual_info GLX_EXT_visual_rating GLX_MESA_copy_sub_buffer GLX_MESA_gl_interop GLX_MESA_query_renderer GLX_MESA_swap_control GLX_OML_sync_control GLX_SGIS_multisample GLX_SGIX_fbconfig GLX_SGIX_pbuffer GLX_SGIX_visual_select_group GLX_SGI_make_current_read GLX_SGI_video_sync 
Asset Pipeline Refresh (id=9cbfed6b94681cd0697b2a63f9401ec2): Total: 0.079 seconds - Initiated by RefreshV2(ForceSynchronousImport)
Unloading 1 Unused Serialized files (Serialized files now loaded: 0)
Loaded scene 'Temp/__Backupscenes/0.backup'
	Deserialize:            1.964 ms
	Integration:            202.156 ms
	Integration of assets:  0.007 ms
	Thread Wait Time:       0.016 ms
	Total Operation Time:   204.143 ms
Unloading 458 unused Assets / (95.4 MB). Loaded Objects now: 8706.
Memory consumption went from 0.94 GB to 0.84 GB.
Total: 24.984036 ms (FindLiveObjects: 0.467148 ms CreateObjectMapping: 0.309283 ms MarkObjects: 19.158798 ms  DeleteObjects: 4.859869 ms)

Default GameObject Tag: Player already registered
[Licensing::Client] Successfully resolved entitlement details
MonoPathRemapper: Attempts to remap: 138394; Successful remaps: 35442
Serialized file version minimum: 23, current 23
[LAYOUT] About to save layout /home/asif/Projects/vrGame/vrgame/UserSettings/Layouts/default-6000.dwlt
[LAYOUT] About to save layout /home/asif/.config/unity3d/Preferences/Editor-5.x/Layouts/current/default-6000.dwlt
Killing ADB server in 0.080929 seconds.
Shutting down MSBuild server...
Shutting down VB/C# compiler server...
VB/C# compiler server shut down successfully.
MSBuild server shut down successfully.
[Physics::Module] Cleanup current backend.
[Physics::Module] Id: 0xf2b8ea05
Input System module state changed to: ShutdownInProgress.
Input Polling Thread exited.
Input System module state changed to: Shutdown.
[Licensing::IpcConnector] LicenseClient-asif-6000.5.10-notifications channel disconnected successfully.
[Licensing::IpcConnector] LicenseClient-asif-6000.5.10 channel disconnected successfully.
Lingering sessions upon destruction of worker manager
AcceleratorClientConnectionCallback - disconnected - :0
info: Microsoft.Hosting.Lifetime[0]
      Application is shutting down...
info: Unity.ILPP.Runner.PostProcessingAssemblyLoadContext[0]
      ALC ILPP context 1 is unloading
Cleanup mono
CodeReloadManager destroyed
debugger-agent: Unable to listen on 135

SDL leaked 2 allocations
Turn on UNITY_SDL_ALLOCATION_TRACKING for detailed information.
Checking for leaked weakptr:
  Found no leaked weakptrs.
[Package Manager] Server process was shutdown
##utp:{"type":"MemoryLeaks","version":2,"phase":"Immediate","time":1788197558579,"processId":149441,"allocatedMemory":48055027,"memoryLabels":[{"Default":335820},{"Permanent":16152},{"Thread":1051872},{"Manager":817625},{"VertexData":8},{"Geometry":408},{"Texture":24},{"Shader":857300},{"Material":3918},{"GfxDevice":36960},{"Animation":1016},{"FreeType":8},{"FontEngine":736},{"Physics":2146},{"Physics2D":16},{"Serialization":528},{"Input":60256},{"JobScheduler":256},{"TextLib":14759},{"Mono":80},{"MonoCode":192},{"ScriptingNativeRuntime":155088},{"BaseObject":1626184},{"Resource":1032},{"Renderer":3072},{"Transform":4717},{"File":72216},{"WebCam":80},{"Culling":32},{"Terrain":11346},{"Wind":24},{"String":67878},{"StaticString":4140},{"Utility":2673328},{"PoolAlloc":2152},{"AI":80},{"TypeTree":1097025},{"CodeReload":448},{"RuntimeInitializeOnLoadManager":64},{"Sprites":102},{"SpriteAtlas":120},{"GI":7408},{"Director":8280},{"CloudService":29944},{"WebRequest":13236},{"VR":48666},{"SceneManager":640},{"Video":64},{"LazyScriptCache":32},{"NativeArray":33055924},{"Camera":17},{"Secure":8049},{"SerializationCache":1576},{"APIUpdating":10320},{"VirtualTexturing":57552},{"StaticSafetyDebugInfo":278528},{"Analytics":760},{"Hierarchy":1424},{"UIElements":327024},{"CoreStats":13688},{"Identifiers":6768},{"Gui":268178},{"EditorUtility":180701},{"VersionControl":8},{"Undo":963},{"AssetDatabase":4754382},{"AssetImporter":40},{"EditorGi":328},{"UnityConnect":35346},{"Upm":1836},{"UpmDiagnostics":8},{"AssetCompliance":64},{"DrivenProperties":72},{"LocalIPC":216},{"ProfilerEditor":9746},{"CoreBusinessMetrics":2401},{"Windowing":480},{"Licensing":12726},{"AssetReference":32},{"IPCStream":32}]}
