[UnityConnectServicesConfig] Local config successfully read: "/usr/share/unity3d/config/services-config.json"
[UnityConnectServicesConfig] Service configuration:
    "servicesConfigBaseUrl": "",
    "disableServicesWindow": false,
    "disableUserLogin": false,
    "entitlementCacheTimeoutInSeconds": 60,
    "clientConnectTimeoutSec": 60,
    "clientHandshakeTimeoutSec": 30,
    "clientResolveEntitlementsTimeoutSec": 30,
    "clientUpdateLicenseTimeoutSec": 30,
    "licensingServiceBaseUrl": "",
    "enableProxyAutoconfig": "false"

Unity Editor version:    6000.5.10f1 (3bd4f66ad299)
Branch:                  6000.5/staging
Build type:              Release
Batch mode:              NO
System name:             Linux
Distro version:          #1 SMP PREEMPT_DYNAMIC Tue, 28 Jul 2026 13:49:51 +0000
Kernel version:          7.1.5-arch1-2
Architecture:            x86_64
Window Protocol:         Wayland (XWayland)
Available memory:        7605 MB
Date:                    2026-08-31T16:14:22Z
[Licensing::Module] Trying to connect to existing licensing client channel...
[Licensing::IpcConnector] Successfully connected to: "LicenseClient-asif" at "2026-08-31T16:14:22.039007Z"
[SignatureVerifier] Application signature verification not supported on this platform.
[Licensing::Client] Error: HandshakeResponse reported an error:
	ResponseCode: 505
	ResponseStatus: Unsupported protocol version '1.18.3'.
[Licensing::Module] Error: Failed to handshake to channel: "LicenseClient-asif"
[Licensing::IpcConnector] LicenseClient-asif channel disconnected successfully.
[Licensing::IpcConnector] Channel LicenseClient-asif-6000.5.10 doesn't exist
[Licensing::Module] Successfully launched the LicensingClient (PId: 136243)
[Licensing::IpcConnector] Successfully connected to: "LicenseClient-asif-6000.5.10" at "2026-08-31T16:14:22.297076Z"
[SignatureVerifier] Application signature verification not supported on this platform.
[Licensing::Client] Handshaking with LicensingClient:
  Version:                 1.18.3+d7ffd15
  Session Id:              0a4cbeead2ac4f0fbf3090b854545c74
  Correlation Id:          73582465f7a57850f768adcc42d6b364
  External correlation Id: 4449060889224665235
  Machine Id:              9nBtIvNttBpV0fpHM/K0qgbDBRw=
[Licensing::Module] Successfully connected to LicensingClient on channel: "LicenseClient-asif-6000.5.10" (connect: 0.25s, validation: 0.05s, handshake: 0.00s)
[Licensing::IpcConnector] Successfully connected to: "LicenseClient-asif-6000.5.10-notifications" at "2026-08-31T16:14:22.347192Z"
[Licensing::Module] Connected to LicensingClient (PId: 136243, launch time: 0.00, total connection time: 0.30s)
[Licensing::Client] Successfully updated the access token
[Licensing::Module] Successfully updated the access token gAyGXlaYFK...
[Licensing::Client] Successfully resolved entitlement details
[Licensing::Module] License group:
  Id: 13469960136267-UnityPersXXXX
  Product: Unity Personal
  Type: Assigned
  Expiration: Unlimited
[Licensing::Client] Successfully updated license, isAsync: True, time: 0.01
[Licensing::Client] Successfully resolved entitlement details
[Licensing::Module] Licensing Background thread has ended after 0.35s
Selected window backend: (null) 
Desktop is 1920 x 1080 @ 60 Hz
Initialize udev device monitor.

COMMAND LINE ARGUMENTS:
/home/asif/Unity/Hub/Editor/6000.5.10f1/Editor/unityhub-unity-editor-6000.5.10f1
-projectpath
/home/asif/Projects/vrGame/vrgame
-acceptSoftwareTermsForThisRunOnly
-useHub
-hubIPC
-cloudEnvironment
production
-licensingIpc
LicenseClient-asif
-hubSessionId
b2f84a08-c398-45be-9993-a2a8a7c72177
-accessToken
gAyGXlaYFKF2k5tLoG3oqXBS4ZdVSqmpdQwsCj4_oac00cf
Successfully changed project path to: /home/asif/Projects/vrGame/vrgame
/home/asif/Projects/vrGame/vrgame
[UnityMemory] Configuration Parameters - Can be set up in boot.config
    "memorysetup-temp-allocator-size-gi-baking-worker=262144"
    "memorysetup-temp-allocator-size-gi-baking-worker=262144"
    "memorysetup-temp-allocator-size-gi-baking-worker=262144"
    "memorysetup-temp-allocator-size-gi-baking-worker=262144"
    "memorysetup-temp-allocator-size-gi-baking-worker=262144"
    "memorysetup-temp-allocator-size-nav-mesh-worker=65536"
    "memorysetup-temp-allocator-size-audio-worker=65536"
    "memorysetup-temp-allocator-size-cloud-worker=32768"
    "memorysetup-allocator-temp-initial-block-size-main=262144"
    "memorysetup-allocator-temp-initial-block-size-worker=262144"
    "memorysetup-temp-allocator-size-preload-manager=33554432"
    "memorysetup-remapper-allocator-initial-capacity=32768"
    "memorysetup-temp-allocator-size-gfx=262144"
    "memorysetup-temp-allocator-size-background-worker=32768"
    "memorysetup-temp-allocator-size-job-worker=262144"
    "memorysetup-bucket-allocator-granularity=16"
    "memorysetup-bucket-allocator-bucket-count=8"
    "memorysetup-bucket-allocator-block-size=33554432"
    "memorysetup-bucket-allocator-block-count=8"
    "memorysetup-main-allocator-block-size=16777216"
    "memorysetup-thread-allocator-block-size=16777216"
    "memorysetup-main-allocator-mimalloc-enabled=0"
    "memorysetup-gfx-main-allocator-block-size=16777216"
    "memorysetup-gfx-thread-allocator-block-size=16777216"
    "memorysetup-cache-allocator-block-size=4194304"
    "memorysetup-typetree-allocator-block-size=2097152"
    "memorysetup-profiler-bucket-allocator-granularity=16"
    "memorysetup-profiler-bucket-allocator-bucket-count=8"
    "memorysetup-profiler-bucket-allocator-block-size=33554432"
    "memorysetup-profiler-bucket-allocator-block-count=8"
    "memorysetup-profiler-allocator-block-size=16777216"
    "memorysetup-profiler-editor-allocator-block-size=1048576"
    "memorysetup-temp-allocator-size-main=16777216"
    "memorysetup-job-temp-allocator-block-size=2097152"
    "memorysetup-job-temp-allocator-block-size-background=1048576"
    "memorysetup-job-temp-allocator-reduction-small-platforms=262144"
Player connection [139893167480000]  Target information:

Player connection [139893167480000]  * "[IP] 192.168.1.11 [Port] 55504 [Flags] 2 [Guid] 2623183206 [EditorId] 2623183206 [Version] 1048832 [Id] LinuxEditor(16,192.168.1.11) [Debug] 1 [PackageName] LinuxEditor [ProjectName] Editor" 

Player connection [139893167480000]  * "[IP] 192.168.122.1 [Port] 55504 [Flags] 2 [Guid] 2623183206 [EditorId] 2623183206 [Version] 1048832 [Id] LinuxEditor(16,192.168.1.11) [Debug] 1 [PackageName] LinuxEditor [ProjectName] Editor" 

Player connection [139893167480000]  * "[IP] 172.17.0.1 [Port] 55504 [Flags] 2 [Guid] 2623183206 [EditorId] 2623183206 [Version] 1048832 [Id] LinuxEditor(16,192.168.1.11) [Debug] 1 [PackageName] LinuxEditor [ProjectName] Editor" 

Player connection [139893167480000]  * "[IP] 172.18.0.1 [Port] 55504 [Flags] 2 [Guid] 2623183206 [EditorId] 2623183206 [Version] 1048832 [Id] LinuxEditor(16,192.168.1.11) [Debug] 1 [PackageName] LinuxEditor [ProjectName] Editor" 

Player connection [139893167480000] Host joined multi-casting on [225.0.0.222:54997]...
Player connection [139893167480000] Host joined alternative multi-casting on [225.0.0.222:34997]...
Input System module state changed to: Initialized.
[Physics::Module] Initialized fallback backend.
[Physics::Module] Id: 0xdecafbad
[Package Manager] Connected to IPC stream "Upm-136228" after 0.3 seconds.
[Licensing::Client] Successfully resolved entitlement details
Library Redirect Path: Library/
[Physics::Module] Selected backend.
[Physics::Module] Name: PhysX
[Physics::Module] Id: 0xf2b8ea05
[Physics::Module] SDK Version: 4.1.2
[Physics::Module] Integration Version: 1.0.0
[Physics::Module] Threading Mode: Multi-Threaded
Artifact Garbage Collection - Removed 17 unused hashed content files
Initialize engine version: 6000.5.10f1 (3bd4f66ad299)
[Subsystems] Discovering subsystems at path /home/asif/Unity/Hub/Editor/6000.5.10f1/Editor/Data/Resources/UnitySubsystems
[Subsystems] Discovering subsystems at path /home/asif/Projects/vrGame/vrgame/Assets
kGfxThreadingModeSplitJobs is not supported on OpenGL Core. Reverting to kGfxThreadingModeDirect instead.
GfxDevice: creating device client; kGfxThreadingModeDirect
GLX Extensions: GLX_ARB_context_flush_control GLX_ARB_create_context GLX_ARB_create_context_no_error GLX_ARB_create_context_profile GLX_ARB_create_context_robustness GLX_ARB_fbconfig_float GLX_ARB_framebuffer_sRGB GLX_ARB_get_proc_address GLX_ARB_multisample GLX_EXT_buffer_age GLX_EXT_create_context_es2_profile GLX_EXT_create_context_es_profile GLX_EXT_fbconfig_packed_float GLX_EXT_framebuffer_sRGB GLX_EXT_no_config_context GLX_EXT_swap_control GLX_EXT_swap_control_tear GLX_EXT_texture_from_pixmap GLX_EXT_visual_info GLX_EXT_visual_rating GLX_MESA_copy_sub_buffer GLX_MESA_gl_interop GLX_MESA_query_renderer GLX_MESA_swap_control GLX_OML_sync_control GLX_SGIS_multisample GLX_SGIX_fbconfig GLX_SGIX_pbuffer GLX_SGIX_visual_select_group GLX_SGI_make_current_read GLX_SGI_video_sync 
Renderer: Mesa Intel(R) Graphics (ADL GT2)
Vendor:   Intel
Version:  4.6 (Core Profile) Mesa 26.1.5-arch1.1
GLES:     0
 GL_3DFX_texture_compression_FXT1 GL_AMD_conservative_depth GL_AMD_depth_clamp_separate GL_AMD_draw_buffers_blend GL_AMD_gpu_shader_int64 GL_AMD_multi_draw_indirect GL_AMD_performance_monitor GL_AMD_pinned_memory GL_AMD_query_buffer_object GL_AMD_seamless_cubemap_per_texture GL_AMD_shader_stencil_export GL_AMD_shader_trinary_minmax GL_AMD_texture_texture4 GL_AMD_vertex_shader_layer GL_AMD_vertex_shader_viewport_index GL_ANGLE_texture_compression_dxt3 GL_ANGLE_texture_compression_dxt5 GL_ARB_ES2_compatibility GL_ARB_ES3_1_compatibility GL_ARB_ES3_2_compatibility GL_ARB_ES3_compatibility GL_ARB_arrays_of_arrays GL_ARB_base_instance GL_ARB_blend_func_extended GL_ARB_buffer_storage GL_ARB_clear_buffer_object GL_ARB_clear_texture GL_ARB_clip_control GL_ARB_compressed_texture_pixel_storage GL_ARB_compute_shader GL_ARB_compute_variable_group_size GL_ARB_conditional_render_inverted GL_ARB_conservative_depth GL_ARB_copy_buffer GL_ARB_copy_image GL_ARB_cull_distance GL_ARB_debug_output GL_ARB_depth_buffer_float GL_ARB
_depth_clamp GL_ARB_derivative_control GL_ARB_direct_state_access GL_ARB_draw_buffers GL_ARB_draw_buffers_blend GL_ARB_draw_elements_base_vertex GL_ARB_draw_indirect GL_ARB_draw_instanced GL_ARB_enhanced_layouts GL_ARB_explicit_attrib_location GL_ARB_explicit_uniform_location GL_ARB_fragment_coord_conventions GL_ARB_fragment_layer_viewport GL_ARB_fragment_shader GL_ARB_fragment_shader_interlock GL_ARB_framebuffer_no_attachments GL_ARB_framebuffer_object GL_ARB_framebuffer_sRGB GL_ARB_get_program_binary GL_ARB_get_texture_sub_image GL_ARB_gl_spirv GL_ARB_gpu_shader5 GL_ARB_gpu_shader_fp64 GL_ARB_gpu_shader_int64 GL_ARB_half_float_pixel GL_ARB_half_float_vertex GL_ARB_indirect_parameters GL_ARB_instanced_arrays GL_ARB_internalformat_query GL_ARB_internalformat_query2 GL_ARB_invalidate_subdata GL_ARB_map_buffer_alignment GL_ARB_map_buffer_range GL_ARB_multi_bind GL_ARB_multi_draw_indirect GL_ARB_occlusion_query2 GL_ARB_parallel_shader_compile GL_ARB_pipeline_statistics_query GL_ARB_pixel_buffer_object GL_ARB_po
int_sprite GL_ARB_polygon_offset_clamp GL_ARB_post_depth_coverage GL_ARB_program_interface_query GL_ARB_provoking_vertex GL_ARB_query_buffer_object GL_ARB_robust_buffer_access_behavior GL_ARB_robustness GL_ARB_sample_shading GL_ARB_sampler_objects GL_ARB_seamless_cube_map GL_ARB_seamless_cubemap_per_texture GL_ARB_separate_shader_objects GL_ARB_shader_atomic_counter_ops GL_ARB_shader_atomic_counters GL_ARB_shader_ballot GL_ARB_shader_bit_encoding GL_ARB_shader_clock GL_ARB_shader_draw_parameters GL_ARB_shader_group_vote GL_ARB_shader_image_load_store GL_ARB_shader_image_size GL_ARB_shader_objects GL_ARB_shader_precision GL_ARB_shader_stencil_export GL_ARB_shader_storage_buffer_object GL_ARB_shader_subroutine GL_ARB_shader_texture_image_samples GL_ARB_shader_texture_lod GL_ARB_shader_viewport_layer_array GL_ARB_shading_language_420pack GL_ARB_shading_language_include GL_ARB_shading_language_packing GL_ARB_spirv_extensions GL_ARB_stencil_texturing GL_ARB_sync GL_ARB_tessellation_shader GL_ARB_texture_barrier G
L_ARB_texture_border_clamp GL_ARB_texture_buffer_object GL_ARB_texture_buffer_object_rgb32 GL_ARB_texture_buffer_range GL_ARB_texture_compression_bptc GL_ARB_texture_compression_rgtc GL_ARB_texture_cube_map_array GL_ARB_texture_filter_anisotropic GL_ARB_texture_filter_minmax GL_ARB_texture_float GL_ARB_texture_gather GL_ARB_texture_mirror_clamp_to_edge GL_ARB_texture_multisample GL_ARB_texture_non_power_of_two GL_ARB_texture_query_levels GL_ARB_texture_query_lod GL_ARB_texture_rectangle GL_ARB_texture_rg GL_ARB_texture_rgb10_a2ui GL_ARB_texture_stencil8 GL_ARB_texture_storage GL_ARB_texture_storage_multisample GL_ARB_texture_swizzle GL_ARB_texture_view GL_ARB_timer_query GL_ARB_transform_feedback2 GL_ARB_transform_feedback3 GL_ARB_transform_feedback_instanced GL_ARB_transform_feedback_overflow_query GL_ARB_uniform_buffer_object GL_ARB_vertex_array_bgra GL_ARB_vertex_array_object GL_ARB_vertex_attrib_64bit GL_ARB_vertex_attrib_binding GL_ARB_vertex_buffer_object GL_ARB_vertex_shader GL_ARB_vertex_type_10f_11f
_11f_rev GL_ARB_vertex_type_2_10_10_10_rev GL_ARB_viewport_array GL_ATI_blend_equation_separate GL_ATI_texture_float GL_EXT_EGL_image_storage GL_EXT_EGL_image_storage_compression GL_EXT_EGL_sync GL_EXT_abgr GL_EXT_blend_equation_separate GL_EXT_debug_label GL_EXT_demote_to_helper_invocation GL_EXT_depth_bounds_test GL_EXT_draw_buffers2 GL_EXT_draw_instanced GL_EXT_framebuffer_blit GL_EXT_framebuffer_multisample GL_EXT_framebuffer_multisample_blit_scaled GL_EXT_framebuffer_object GL_EXT_framebuffer_sRGB GL_EXT_memory_object GL_EXT_memory_object_fd GL_EXT_packed_depth_stencil GL_EXT_packed_float GL_EXT_pixel_buffer_object GL_EXT_polygon_offset_clamp GL_EXT_provoking_vertex GL_EXT_semaphore GL_EXT_semaphore_fd GL_EXT_shader_clock GL_EXT_shader_framebuffer_fetch GL_EXT_shader_framebuffer_fetch_non_coherent GL_EXT_shader_integer_mix GL_EXT_shader_samples_identical GL_EXT_texture_array GL_EXT_texture_compression_dxt1 GL_EXT_texture_compression_rgtc GL_EXT_texture_compression_s3tc GL_EXT_texture_filter_anisotropic 
GL_EXT_texture_integer GL_EXT_texture_sRGB GL_EXT_texture_sRGB_R8 GL_EXT_texture_sRGB_decode GL_EXT_texture_shadow_lod GL_EXT_texture_shared_exponent GL_EXT_texture_snorm GL_EXT_texture_storage GL_EXT_texture_swizzle GL_EXT_timer_query GL_EXT_transform_feedback GL_EXT_vertex_array_bgra GL_EXT_vertex_attrib_64bit GL_IBM_multimode_draw_arrays GL_INTEL_blackhole_render GL_INTEL_conservative_rasterization GL_INTEL_performance_query GL_INTEL_shader_atomic_float_minmax GL_INTEL_shader_integer_functions2 GL_KHR_blend_equation_advanced GL_KHR_blend_equation_advanced_coherent GL_KHR_context_flush_control GL_KHR_debug GL_KHR_no_error GL_KHR_parallel_shader_compile GL_KHR_robust_buffer_access_behavior GL_KHR_robustness GL_KHR_shader_subgroup GL_KHR_texture_compression_astc_ldr GL_KHR_texture_compression_astc_sliced_3d GL_MESA_framebuffer_flip_y GL_MESA_pack_invert GL_MESA_shader_integer_functions GL_MESA_texture_const_bandwidth GL_MESA_texture_signed_rgba GL_NV_alpha_to_coverage_dither_control GL_NV_compute_shader_deri
vatives GL_NV_conditional_render GL_NV_copy_image GL_NV_depth_clamp GL_NV_fragment_shader_interlock GL_NV_packed_depth_stencil GL_NV_texture_barrier GL_OES_EGL_image GL_S3_s3tc
OPENGL LOG: Creating OpenGL 4.6 graphics device ; Context level  <OpenGL 4.5> ; Context handle 1999154208
Initialize mono
Mono path[0] = '/home/asif/Unity/Hub/Editor/6000.5.10f1/Editor/Data/Managed'
Mono path[1] = '/home/asif/Unity/Hub/Editor/6000.5.10f1/Editor/Data/BCLExtensions/runtime/netstandard2.1'
Mono path[2] = '/home/asif/Unity/Hub/Editor/6000.5.10f1/Editor/Data/MonoBleedingEdge/lib/mono/unityjit-linux'
Mono config path = '/home/asif/Unity/Hub/Editor/6000.5.10f1/Editor/Data/MonoBleedingEdge/etc'
Using monoOptions --debugger-agent=transport=dt_socket,embedding=1,server=y,suspend=n,address=127.0.0.1:56228
CodeReloadManager initialized
ImportWorker Server TCP listen port: 0
AcceleratorClientConnectionCallback - disconnected - :0
Begin MonoManager ReloadAssembly
Registering precompiled unity dll's ...
[Licensing::Client] Successfully resolved entitlement details
Register platform support module: /home/asif/Unity/Hub/Editor/6000.5.10f1/Editor/Data/PlaybackEngines/AndroidPlayer/UnityEditor.Android.Extensions.dll
Register platform support module: /home/asif/Unity/Hub/Editor/6000.5.10f1/Editor/Data/PlaybackEngines/LinuxStandaloneSupport/UnityEditor.LinuxStandalone.Extensions.dll
Registered in 0.004173 seconds.
Native extension for LinuxStandalone target not found
Package Manager log level set to [2]
Native extension for Android target not found
[Licensing::Client] Successfully resolved entitlement details
ScheduleIndexationOnStartup MainProcess:False IndexOnStartup:True
Mono: successfully reloaded assembly
- Finished resetting the current domain, in  7.567 seconds
Domain Reload Profiling: 8088ms
	BeginReloadAssembly (148ms)
		CreateAndSetChildDomain (22ms)
	RebuildCommonClasses (5ms)
	RebuildNativeTypeToScriptingClass (15ms)
	initialDomainReloadingComplete (57ms)
	LoadAllAssembliesAndSetupDomain (293ms)
		LoadAssemblies (128ms)
		AnalyzeDomain (208ms)
			TypeCache.Refresh (207ms)
				TypeCache.ScanAssembly (194ms)
	FinalizeReload (7569ms)
		SetupLoadedEditorAssemblies (0ms)
			InitializePlatformSupportModulesInManaged (76ms)
			BeforeProcessingInitializeOnLoad (69ms)
			ProcessInitializeOnLoadAttributes (94ms)
			ProcessInitializeOnLoadMethodAttributes (7248ms)
[Licensing::Client] Successfully resolved entitlement details
Application.AssetDatabase Initial Refresh Start
[Package Manager] Restoring resolved packages state from cache
[Licensing::Client] Successfully resolved entitlement details
[Package Manager] Registered 73 packages:
  Packages from [https://packages.unity.com]:
    com.unity.inputsystem@1.20.0 (location: /home/asif/Projects/vrGame/vrgame/Library/PackageCache/com.unity.inputsystem@7a4e1a2a8194)
    com.unity.learn.iet-framework@6.0.6 (location: /home/asif/Projects/vrGame/vrgame/Library/PackageCache/com.unity.learn.iet-framework@20adddfea631)
    com.unity.sdk.linux-x86_64@1.1.0 (location: /home/asif/Projects/vrGame/vrgame/Library/PackageCache/com.unity.sdk.linux-x86_64@6d12be270055)
    com.unity.toolchain.linux-x86_64-linux@1.1.0 (location: /home/asif/Projects/vrGame/vrgame/Library/PackageCache/com.unity.toolchain.linux-x86_64-linux@d0308bf9d559)
    com.unity.xr.androidxr-openxr@1.3.2 (location: /home/asif/Projects/vrGame/vrgame/Library/PackageCache/com.unity.xr.androidxr-openxr@140012db8576)
    com.unity.xr.arcore@6.5.0 (location: /home/asif/Projects/vrGame/vrgame/Library/PackageCache/com.unity.xr.arcore@faa8081af93f)
    com.unity.xr.arfoundation@6.5.0 (location: /home/asif/Projects/vrGame/vrgame/Library/PackageCache/com.unity.xr.arfoundation@13d2457b468b)
    com.unity.xr.compositionlayers@2.5.0 (location: /home/asif/Projects/vrGame/vrgame/Library/PackageCache/com.unity.xr.compositionlayers@2843cb312e13)
    com.unity.xr.core-utils@2.6.0 (location: /home/asif/Projects/vrGame/vrgame/Library/PackageCache/com.unity.xr.core-utils@a8b900321199)
    com.unity.xr.hands@1.8.1 (location: /home/asif/Projects/vrGame/vrgame/Library/PackageCache/com.unity.xr.hands@0908de89928b)
    com.unity.xr.interaction.toolkit@3.5.1 (location: /home/asif/Projects/vrGame/vrgame/Library/PackageCache/com.unity.xr.interaction.toolkit@63ca3b7ce776)
    com.unity.xr.management@4.6.1 (location: /home/asif/Projects/vrGame/vrgame/Library/PackageCache/com.unity.xr.management@df145a5bc89e)
    com.unity.xr.meta-openxr@2.5.1 (location: /home/asif/Projects/vrGame/vrgame/Library/PackageCache/com.unity.xr.meta-openxr@6d169a09f2c7)
    com.unity.xr.openxr@1.17.1 (location: /home/asif/Projects/vrGame/vrgame/Library/PackageCache/com.unity.xr.openxr@58837b2992e0)
    com.unity.xr.legacyinputhelpers@3.0.1 (location: /home/asif/Projects/vrGame/vrgame/Library/PackageCache/com.unity.xr.legacyinputhelpers@3f62d634f63b)
    com.unity.editorcoroutines@1.1.0 (location: /home/asif/Projects/vrGame/vrgame/Library/PackageCache/com.unity.editorcoroutines@87a15ed012c2)
    com.unity.sysroot.base@1.1.0 (location: /home/asif/Projects/vrGame/vrgame/Library/PackageCache/com.unity.sysroot.base@3559fe1aa613)
    com.unity.settings-manager@2.1.1 (location: /home/asif/Projects/vrGame/vrgame/Library/PackageCache/com.unity.settings-manager@0b8638c5ce86)
    com.unity.ide.visualstudio@2.0.26 (location: /home/asif/Projects/vrGame/vrgame/Library/PackageCache/com.unity.ide.visualstudio@a99d56dec63f)
    com.unity.ide.rider@3.0.40 (location: /home/asif/Projects/vrGame/vrgame/Library/PackageCache/com.unity.ide.rider@e4950c6d131b)
    com.unity.performance.profile-analyzer@1.4.0 (location: /home/asif/Projects/vrGame/vrgame/Library/PackageCache/com.unity.performance.profile-analyzer@2bb26871883c)
    com.unity.testtools.codecoverage@1.3.0 (location: /home/asif/Projects/vrGame/vrgame/Library/PackageCache/com.unity.testtools.codecoverage@19a841221620)
    com.unity.searcher@4.9.5 (location: /home/asif/Projects/vrGame/vrgame/Library/PackageCache/com.unity.searcher@a463122f2c00)
    com.unity.burst@1.8.30 (location: /home/asif/Projects/vrGame/vrgame/Library/PackageCache/com.unity.burst@2f3d916873ea)
    com.unity.nuget.mono-cecil@1.11.6 (location: /home/asif/Projects/vrGame/vrgame/Library/PackageCache/com.unity.nuget.mono-cecil@ecb9724e46ff)
    com.unity.test-framework.performance@3.5.0 (location: /home/asif/Projects/vrGame/vrgame/Library/PackageCache/com.unity.test-framework.performance@8b56083ec0f0)
  Built-in packages:
    com.unity.feature.development@1.0.2 (location: /home/asif/Projects/vrGame/vrgame/Library/PackageCache/com.unity.feature.development@767aadbc6eb7)
    com.unity.multiplayer.center@1.0.1 (location: /home/asif/Projects/vrGame/vrgame/Library/PackageCache/com.unity.multiplayer.center@095ed72d0927)
    com.unity.render-pipelines.universal@17.5.0 (location: /home/asif/Projects/vrGame/vrgame/Library/PackageCache/com.unity.render-pipelines.universal@ed85b9da889e)
    com.unity.modules.accessibility@1.0.0 (location: /home/asif/Projects/vrGame/vrgame/Library/PackageCache/com.unity.modules.accessibility)
    com.unity.modules.adaptiveperformance@1.0.0 (location: /home/asif/Projects/vrGame/vrgame/Library/PackageCache/com.unity.modules.adaptiveperformance)
    com.unity.modules.ai@1.0.0 (location: /home/asif/Projects/vrGame/vrgame/Library/PackageCache/com.unity.modules.ai)
    com.unity.modules.androidjni@1.0.0 (location: /home/asif/Projects/vrGame/vrgame/Library/PackageCache/com.unity.modules.androidjni)
    com.unity.modules.animation@1.0.0 (location: /home/asif/Projects/vrGame/vrgame/Library/PackageCache/com.unity.modules.animation)
    com.unity.modules.assetbundle@1.0.0 (location: /home/asif/Projects/vrGame/vrgame/Library/PackageCache/com.unity.modules.assetbundle)
    com.unity.modules.audio@1.0.0 (location: /home/asif/Projects/vrGame/vrgame/Library/PackageCache/com.unity.modules.audio)
    com.unity.modules.cloth@1.0.0 (location: /home/asif/Projects/vrGame/vrgame/Library/PackageCache/com.unity.modules.cloth)
    com.unity.modules.director@1.0.0 (location: /home/asif/Projects/vrGame/vrgame/Library/PackageCache/com.unity.modules.director)
    com.unity.modules.imageconversion@1.0.0 (location: /home/asif/Projects/vrGame/vrgame/Library/PackageCache/com.unity.modules.imageconversion)
    com.unity.modules.imgui@1.0.0 (location: /home/asif/Projects/vrGame/vrgame/Library/PackageCache/com.unity.modules.imgui)
    com.unity.modules.jsonserialize@1.0.0 (location: /home/asif/Projects/vrGame/vrgame/Library/PackageCache/com.unity.modules.jsonserialize)
    com.unity.modules.particlesystem@1.0.0 (location: /home/asif/Projects/vrGame/vrgame/Library/PackageCache/com.unity.modules.particlesystem)
    com.unity.modules.physics@1.0.0 (location: /home/asif/Projects/vrGame/vrgame/Library/PackageCache/com.unity.modules.physics)
    com.unity.modules.physics2d@1.0.0 (location: /home/asif/Projects/vrGame/vrgame/Library/PackageCache/com.unity.modules.physics2d)
    com.unity.modules.physicscore2d@1.0.0 (location: /home/asif/Projects/vrGame/vrgame/Library/PackageCache/com.unity.modules.physicscore2d)
    com.unity.modules.screencapture@1.0.0 (location: /home/asif/Projects/vrGame/vrgame/Library/PackageCache/com.unity.modules.screencapture)
    com.unity.modules.terrain@1.0.0 (location: /home/asif/Projects/vrGame/vrgame/Library/PackageCache/com.unity.modules.terrain)
    com.unity.modules.terrainphysics@1.0.0 (location: /home/asif/Projects/vrGame/vrgame/Library/PackageCache/com.unity.modules.terrainphysics)
    com.unity.modules.tilemap@1.0.0 (location: /home/asif/Projects/vrGame/vrgame/Library/PackageCache/com.unity.modules.tilemap)
    com.unity.modules.ui@1.0.0 (location: /home/asif/Projects/vrGame/vrgame/Library/PackageCache/com.unity.modules.ui)
    com.unity.modules.uielements@1.0.0 (location: /home/asif/Projects/vrGame/vrgame/Library/PackageCache/com.unity.modules.uielements)
    com.unity.modules.umbra@1.0.0 (location: /home/asif/Projects/vrGame/vrgame/Library/PackageCache/com.unity.modules.umbra)
    com.unity.modules.unityanalytics@1.0.0 (location: /home/asif/Projects/vrGame/vrgame/Library/PackageCache/com.unity.modules.unityanalytics)
    com.unity.modules.unitywebrequest@1.0.0 (location: /home/asif/Projects/vrGame/vrgame/Library/PackageCache/com.unity.modules.unitywebrequest)
    com.unity.modules.unitywebrequestassetbundle@1.0.0 (location: /home/asif/Projects/vrGame/vrgame/Library/PackageCache/com.unity.modules.unitywebrequestassetbundle)
    com.unity.modules.unitywebrequestaudio@1.0.0 (location: /home/asif/Projects/vrGame/vrgame/Library/PackageCache/com.unity.modules.unitywebrequestaudio)
    com.unity.modules.unitywebrequesttexture@1.0.0 (location: /home/asif/Projects/vrGame/vrgame/Library/PackageCache/com.unity.modules.unitywebrequesttexture)
    com.unity.modules.unitywebrequestwww@1.0.0 (location: /home/asif/Projects/vrGame/vrgame/Library/PackageCache/com.unity.modules.unitywebrequestwww)
    com.unity.modules.vectorgraphics@1.0.0 (location: /home/asif/Projects/vrGame/vrgame/Library/PackageCache/com.unity.modules.vectorgraphics)
    com.unity.modules.vehicles@1.0.0 (location: /home/asif/Projects/vrGame/vrgame/Library/PackageCache/com.unity.modules.vehicles)
    com.unity.modules.video@1.0.0 (location: /home/asif/Projects/vrGame/vrgame/Library/PackageCache/com.unity.modules.video)
    com.unity.modules.wind@1.0.0 (location: /home/asif/Projects/vrGame/vrgame/Library/PackageCache/com.unity.modules.wind)
    com.unity.modules.xr@1.0.0 (location: /home/asif/Projects/vrGame/vrgame/Library/PackageCache/com.unity.modules.xr)
    com.unity.modules.subsystems@1.0.0 (location: /home/asif/Projects/vrGame/vrgame/Library/PackageCache/com.unity.modules.subsystems)
    com.unity.modules.hierarchycore@1.0.0 (location: /home/asif/Projects/vrGame/vrgame/Library/PackageCache/com.unity.modules.hierarchycore)
    com.unity.ugui@2.5.0 (location: /home/asif/Projects/vrGame/vrgame/Library/PackageCache/com.unity.ugui@241bd5dd93e7)
    com.unity.mathematics@1.4.0 (location: /home/asif/Projects/vrGame/vrgame/Library/PackageCache/com.unity.mathematics@bdc7f308708c)
    com.unity.render-pipelines.core@17.5.0 (location: /home/asif/Projects/vrGame/vrgame/Library/PackageCache/com.unity.render-pipelines.core@f54051cecb82)
    com.unity.shadergraph@17.5.0 (location: /home/asif/Projects/vrGame/vrgame/Library/PackageCache/com.unity.shadergraph@d5dbee5c0619)
    com.unity.render-pipelines.universal-config@17.5.0 (location: /home/asif/Projects/vrGame/vrgame/Library/PackageCache/com.unity.render-pipelines.universal-config@47de94ac0cce)
    com.unity.test-framework@1.7.0 (location: /home/asif/Projects/vrGame/vrgame/Library/PackageCache/com.unity.test-framework@773a3a4953ad)
    com.unity.collections@6.5.0 (location: /home/asif/Projects/vrGame/vrgame/Library/PackageCache/com.unity.collections@c461d9198d5e)
    com.unity.ext.nunit@2.1.0 (location: /home/asif/Projects/vrGame/vrgame/Library/PackageCache/com.unity.ext.nunit@9054f8d1d690)
[Subsystems] Looking for new subsystems at path /home/asif/Projects/vrGame/vrgame/Library/PackageCache/com.unity.xr.arfoundation@13d2457b468b
[Subsystems] Novel subsystem found at Library/PackageCache/com.unity.xr.arfoundation@13d2457b468b/Runtime/UnitySubsystemsManifest.json
[Subsystems] Discovering subsystems at path /home/asif/Unity/Hub/Editor/6000.5.10f1/Editor/Data/Resources/UnitySubsystems
[Subsystems] Discovering subsystems at path /home/asif/Projects/vrGame/vrgame/Assets
[Subsystems] Discovering subsystems at path /home/asif/Projects/vrGame/vrgame/Library/PackageCache/com.unity.xr.arfoundation@13d2457b468b
[Subsystems] No descriptors matched for  examples in Library/PackageCache/com.unity.xr.arfoundation@13d2457b468b/Runtime/UnitySubsystemsManifest.json.
[Subsystems] 1 'inputs' descriptors matched in Library/PackageCache/com.unity.xr.arfoundation@13d2457b468b/Runtime/UnitySubsystemsManifest.json
[Subsystems] No descriptors matched for  displays in Library/PackageCache/com.unity.xr.arfoundation@13d2457b468b/Runtime/UnitySubsystemsManifest.json.
[Subsystems] 1 'meshings' descriptors matched in Library/PackageCache/com.unity.xr.arfoundation@13d2457b468b/Runtime/UnitySubsystemsManifest.json
[Subsystems] Discovering subsystems at path /home/asif/Projects/vrGame/vrgame/Library/PackageCache/com.unity.xr.meta-openxr@6d169a09f2c7
[Subsystems] No descriptors matched for  examples in Library/PackageCache/com.unity.xr.meta-openxr@6d169a09f2c7/Runtime/UnitySubsystemsManifest.json.
[Subsystems] No descriptors matched for  inputs in Library/PackageCache/com.unity.xr.meta-openxr@6d169a09f2c7/Runtime/UnitySubsystemsManifest.json.
[Subsystems] No descriptors matched for  displays in Library/PackageCache/com.unity.xr.meta-openxr@6d169a09f2c7/Runtime/UnitySubsystemsManifest.json.
[Subsystems] 1 'meshings' descriptors matched in Library/PackageCache/com.unity.xr.meta-openxr@6d169a09f2c7/Runtime/UnitySubsystemsManifest.json
[Subsystems] Discovering subsystems at path /home/asif/Projects/vrGame/vrgame/Library/PackageCache/com.unity.xr.openxr@58837b2992e0
[Subsystems] No descriptors matched for  examples in Library/PackageCache/com.unity.xr.openxr@58837b2992e0/Runtime/UnitySubsystemsManifest.json.
[Subsystems] 1 'inputs' descriptors matched in Library/PackageCache/com.unity.xr.openxr@58837b2992e0/Runtime/UnitySubsystemsManifest.json
[Subsystems] 1 'displays' descriptors matched in Library/PackageCache/com.unity.xr.openxr@58837b2992e0/Runtime/UnitySubsystemsManifest.json
[Subsystems] No descriptors matched for  meshings in Library/PackageCache/com.unity.xr.openxr@58837b2992e0/Runtime/UnitySubsystemsManifest.json.
[Package Manager] Done registering packages in 0.01 seconds
info: Microsoft.Hosting.Lifetime[14]
      Now listening on: http://unix:/tmp/ilpp.sock-d88c009287a7ec183557988b2996debd
info: Microsoft.Hosting.Lifetime[0]
      Application started. Press Ctrl+C to shut down.
info: Microsoft.Hosting.Lifetime[0]
      Hosting environment: Production
info: Microsoft.Hosting.Lifetime[0]
      Content root path: /home/asif/Projects/vrGame/vrgame
info: Microsoft.AspNetCore.Hosting.Diagnostics[1]
      Request starting HTTP/2 POST http://ilpp/UnityILPP.PostProcessing/Ping - application/grpc -
info: Microsoft.AspNetCore.Routing.EndpointMiddleware[0]
      Executing endpoint 'gRPC - /UnityILPP.PostProcessing/Ping'
info: Microsoft.AspNetCore.Routing.EndpointMiddleware[1]
      Executed endpoint 'gRPC - /UnityILPP.PostProcessing/Ping'
info: Microsoft.AspNetCore.Hosting.Diagnostics[2]
      Request finished HTTP/2 POST http://ilpp/UnityILPP.PostProcessing/Ping - 200 - application/grpc 30.8404ms
Starting: /home/asif/Unity/Hub/Editor/6000.5.10f1/Editor/Data/Tools/BuildPipeline/bee_backend --ipc --defer-dag-verification --dagfile="Library/Bee/2400b0aE.dag" --continue-on-failure --profile="Library/Bee/backend1.traceevents" ScriptAssemblies
WorkingDir: /home/asif/Projects/vrGame/vrgame
info: Microsoft.AspNetCore.Hosting.Diagnostics[1]
      Request starting HTTP/2 POST http://ilpp/UnityILPP.PostProcessing/ConfigurePostProcessors - application/grpc -
info: Microsoft.AspNetCore.Routing.EndpointMiddleware[0]
      Executing endpoint 'gRPC - /UnityILPP.PostProcessing/ConfigurePostProcessors'
warn: Unity.ILPP.Runner.PostProcessingAssemblyLoadContext[0]
      Assembly system.runtime.interopservices.windowsruntime has duplicate hint path. Ignoring "/home/asif/Unity/Hub/Editor/6000.5.10f1/Editor/Data/UnityReferenceAssemblies/unity-4.8-api/Facades/System.Runtime.InteropServices.WindowsRuntime.dll" in favor of "/home/asif/Unity/Hub/Editor/6000.5.10f1/Editor/Data/NetStandard/Extensions/2.0.0/System.Runtime.InteropServices.WindowsRuntime.dll"
warn: Unity.ILPP.Runner.PostProcessingAssemblyLoadContext[0]
      Assembly system.componentmodel.composition has duplicate hint path. Ignoring "/home/asif/Unity/Hub/Editor/6000.5.10f1/Editor/Data/UnityReferenceAssemblies/unity-4.8-api/System.ComponentModel.Composition.dll" in favor of "/home/asif/Unity/Hub/Editor/6000.5.10f1/Editor/Data/NetStandard/compat/2.1.0/shims/netfx/System.ComponentModel.Composition.dll"
info: Unity.ILPP.Runner.PostProcessingAssemblyLoadContext[0]
      Resolved Unity.Burst.Cecil, Version=0.11.6.0, Culture=neutral, PublicKeyToken=50cebf1cceb9d05e with Library/PackageCache/com.unity.burst@2f3d916873ea/Unity.Burst.CodeGen/Unity.Burst.Cecil.dll
info: Unity.ILPP.Runner.PostProcessingAssemblyLoadContext[0]
      Resolved Mono.Cecil, Version=0.11.5.0, Culture=neutral, PublicKeyToken=50cebf1cceb9d05e with Library/PackageCache/com.unity.nuget.mono-cecil@ecb9724e46ff/Mono.Cecil.dll
info: Microsoft.AspNetCore.Routing.EndpointMiddleware[1]
      Executed endpoint 'gRPC - /UnityILPP.PostProcessing/ConfigurePostProcessors'
info: Microsoft.AspNetCore.Hosting.Diagnostics[2]
      Request finished HTTP/2 POST http://ilpp/UnityILPP.PostProcessing/ConfigurePostProcessors - 200 - application/grpc 38.0608ms
ExitCode: 0 Duration: 0s298ms
[1010/1356  0s] ILPP-Configuration Library/ilpp-configuration.nevergeneratedoutput
*** Tundra build success (0.27 seconds), 1 items updated, 1356 evaluated
AssetDatabase: script compilation time: 0.851387s
Total cache size 67411408
Total cache size after purge 67411408, took 00:00:00.1061933
Begin MonoManager ReloadAssembly
Refreshing native plugins compatible for Editor in 11.18 ms, found 1 plugins.
Native extension for LinuxStandalone target not found
Native extension for Android target not found
ScheduleIndexationOnStartup MainProcess:True IndexOnStartup:True
Mono: successfully reloaded assembly
- Finished resetting the current domain, in  3.516 seconds
Domain Reload Profiling: 4303ms
	BeginReloadAssembly (180ms)
		DisableScriptedObjects (15ms)
		CreateAndSetChildDomain (45ms)
	RebuildCommonClasses (10ms)
	RebuildNativeTypeToScriptingClass (8ms)
	initialDomainReloadingComplete (38ms)
	LoadAllAssembliesAndSetupDomain (549ms)
		LoadAssemblies (342ms)
		AnalyzeDomain (188ms)
			TypeCache.Refresh (128ms)
				TypeCache.ScanAssembly (115ms)
			BuildScriptInfoCaches (52ms)
			ResolveRequiredComponents (6ms)
	FinalizeReload (3518ms)
		SetupLoadedEditorAssemblies (0ms)
			InitializePlatformSupportModulesInManaged (17ms)
			BeforeProcessingInitializeOnLoad (79ms)
			ProcessInitializeOnLoadAttributes (2759ms)
			ProcessInitializeOnLoadMethodAttributes (127ms)
			AfterProcessingInitializeOnLoad (4ms)
		AwakeInstancesAfterBackupRestoration (24ms)
Starting new worker id: 0 with log in /home/asif/Projects/vrGame/vrgame/Logs/AssetImportWorkerHW0.log
[UnityConnectServicesConfig] Local config successfully read: "/usr/share/unity3d/config/services-config.json"
[UnityConnectServicesConfig] Service configuration:
    "servicesConfigBaseUrl": "",
    "disableServicesWindow": false,
    "disableUserLogin": false,
    "entitlementCacheTimeoutInSeconds": 60,
    "clientConnectTimeoutSec": 60,
    "clientHandshakeTimeoutSec": 30,
    "clientResolveEntitlementsTimeoutSec": 30,
    "clientUpdateLicenseTimeoutSec": 30,
    "licensingServiceBaseUrl": "",
    "enableProxyAutoconfig": "false"


Asset Pipeline Refresh (id=8d6b183a633899774829b9d0ab833c7e): Total: 6.640 seconds - Initiated by InitialRefreshV2(ForceSynchronousImport)
	(Values over 0.05ms)
	Summary:
		Imports: total=0 (actual=0, local cache=0, cache server=0)
		Asset DB Process Time: managed=0 ms, native=4853 ms
		Asset DB Callback time: managed=59 ms, native=11 ms
		Scripting: domain reloads=1, domain reload time=809 ms, compile time=854 ms, other=51 ms
		Project Asset Count: scripts=1829, non-scripts=2725
		Asset File Changes: new=0, changed=0, moved=0, deleted=0
		Scan Filter Count: 1
	InvokePackagesCallback: 12.268ms
	ApplyChangesToAssetFolders: 0.501ms
	Scan: 708.413ms
	Collect global state as custom dependencies: 17.565ms
	CategorizeScriptCompilationAssets: 45.076ms
	ProcessAssetsWithTransientArtifactChanges: 59.517ms
	CategorizeAssets: 128.249ms
	CompileScripts: 853.514ms
	ImportOutOfDateAssets: 3723.060ms (3568.568ms without children)
		ReloadNativeAssets: 0.064ms
		UnloadImportedAssets: 1.012ms
		EnsureUptoDateAssetsAreRegisteredWithGuidPM: 0.912ms
		ImportSchedulerStart: 152.482ms
	PostProcessAllAssets: 59.832ms
		MonoPostProcessAllAssets: 59.687ms
			UniversalRenderPipelineGlobalSettingsPostprocessor.OnPostprocessAllAssets 22.778ms
			WindowAssetPostprocessingWatcher.OnPostprocessAllAssets 4.842ms
			SpeedTree9Postprocessor.OnPostprocessAllAssets 3.394ms
			ProjectSettingsPostprocessor.OnPostprocessAllAssets 1.353ms
			RenderPipelineGlobalSettingsPostprocessor.OnPostprocessAllAssets 1.128ms
			EditModeScopePostprocessor.OnPostprocessAllAssets 1.124ms
			ReferencedClipsPostProcessor.OnPostprocessAllAssets 0.766ms
			InputActionAssetPostprocessor.OnPostprocessAllAssets 0.647ms
			TerrainToolbarOverlayPostProcessor.OnPostprocessAllAssets 0.565ms
			ShaderReflectionAssetPostProcessor.OnPostprocessAllAssets 0.501ms
			SyncVS.PostprocessSyncProject 0.432ms
			AssetDatabaseCallbacks.OnPostprocessAllAssets 0.338ms
	UnloadStreamsBegin: 3.732ms
	PersistCurrentRevisions: 0.185ms
	GenerateScriptTypeHashes: 12.813ms
	GenerateScriptTypeSerializationHashes: 21.055ms
	Untracked: 1025.140ms

Application.AssetDatabase Initial Refresh End
Shader Hidden/ChartRasterizerHardware is not supported: GPU does not support conservative rasterization
Launched and connected shader compiler UnityShaderCompiler after 0.05 seconds
Shader Hidden/ChartRasterizerHardware is not supported: GPU does not support conservative rasterization
Scanning for USB devices : 1.598ms
Initializing Unity extensions:
UpdateMenuTitleForLanguage: 10
[MODES] ModeService[none].Initialize
[MODES] ModeService[none].LoadModes
[MODES] Loading mode Default (0) for mode-current-id-vrgame
Worker ready: AssetImportWorkerHW0 0
Unloading 34 Unused Serialized files (Serialized files now loaded: 0)
Loaded scene 'Assets/Scenes/HallwayScene.unity'
	Deserialize:            11.379 ms
	Integration:            248.325 ms
	Integration of assets:  0.057 ms
	Thread Wait Time:       -0.014 ms
	Total Operation Time:   259.747 ms
Unloading 6318 unused Assets / (10.1 MB). Loaded Objects now: 7478.
Memory consumption went from 236.4 MB to 226.3 MB.
Total: 38.563008 ms (FindLiveObjects: 1.442164 ms CreateObjectMapping: 0.723988 ms MarkObjects: 26.859810 ms  DeleteObjects: 9.534975 ms)

[LAYOUT] About to load UserSettings/Layouts/default-6000.dwlt, keepMainWindow=False
GLX Extensions: GLX_ARB_context_flush_control GLX_ARB_create_context GLX_ARB_create_context_no_error GLX_ARB_create_context_profile GLX_ARB_create_context_robustness GLX_ARB_fbconfig_float GLX_ARB_framebuffer_sRGB GLX_ARB_get_proc_address GLX_ARB_multisample GLX_EXT_buffer_age GLX_EXT_create_context_es2_profile GLX_EXT_create_context_es_profile GLX_EXT_fbconfig_packed_float GLX_EXT_framebuffer_sRGB GLX_EXT_no_config_context GLX_EXT_swap_control GLX_EXT_swap_control_tear GLX_EXT_texture_from_pixmap GLX_EXT_visual_info GLX_EXT_visual_rating GLX_MESA_copy_sub_buffer GLX_MESA_gl_interop GLX_MESA_query_renderer GLX_MESA_swap_control GLX_OML_sync_control GLX_SGIS_multisample GLX_SGIX_fbconfig GLX_SGIX_pbuffer GLX_SGIX_visual_select_group GLX_SGI_make_current_read GLX_SGI_video_sync 
GLX Extensions: GLX_ARB_context_flush_control GLX_ARB_create_context GLX_ARB_create_context_no_error GLX_ARB_create_context_profile GLX_ARB_create_context_robustness GLX_ARB_fbconfig_float GLX_ARB_framebuffer_sRGB GLX_ARB_get_proc_address GLX_ARB_multisample GLX_EXT_buffer_age GLX_EXT_create_context_es2_profile GLX_EXT_create_context_es_profile GLX_EXT_fbconfig_packed_float GLX_EXT_framebuffer_sRGB GLX_EXT_no_config_context GLX_EXT_swap_control GLX_EXT_swap_control_tear GLX_EXT_texture_from_pixmap GLX_EXT_visual_info GLX_EXT_visual_rating GLX_MESA_copy_sub_buffer GLX_MESA_gl_interop GLX_MESA_query_renderer GLX_MESA_swap_control GLX_OML_sync_control GLX_SGIS_multisample GLX_SGIX_fbconfig GLX_SGIX_pbuffer GLX_SGIX_visual_select_group GLX_SGI_make_current_read GLX_SGI_video_sync 
GLX Extensions: GLX_ARB_context_flush_control GLX_ARB_create_context GLX_ARB_create_context_no_error GLX_ARB_create_context_profile GLX_ARB_create_context_robustness GLX_ARB_fbconfig_float GLX_ARB_framebuffer_sRGB GLX_ARB_get_proc_address GLX_ARB_multisample GLX_EXT_buffer_age GLX_EXT_create_context_es2_profile GLX_EXT_create_context_es_profile GLX_EXT_fbconfig_packed_float GLX_EXT_framebuffer_sRGB GLX_EXT_no_config_context GLX_EXT_swap_control GLX_EXT_swap_control_tear GLX_EXT_texture_from_pixmap GLX_EXT_visual_info GLX_EXT_visual_rating GLX_MESA_copy_sub_buffer GLX_MESA_gl_interop GLX_MESA_query_renderer GLX_MESA_swap_control GLX_OML_sync_control GLX_SGIS_multisample GLX_SGIX_fbconfig GLX_SGIX_pbuffer GLX_SGIX_visual_select_group GLX_SGI_make_current_read GLX_SGI_video_sync 
GLX Extensions: GLX_ARB_context_flush_control GLX_ARB_create_context GLX_ARB_create_context_no_error GLX_ARB_create_context_profile GLX_ARB_create_context_robustness GLX_ARB_fbconfig_float GLX_ARB_framebuffer_sRGB GLX_ARB_get_proc_address GLX_ARB_multisample GLX_EXT_buffer_age GLX_EXT_create_context_es2_profile GLX_EXT_create_context_es_profile GLX_EXT_fbconfig_packed_float GLX_EXT_framebuffer_sRGB GLX_EXT_no_config_context GLX_EXT_swap_control GLX_EXT_swap_control_tear GLX_EXT_texture_from_pixmap GLX_EXT_visual_info GLX_EXT_visual_rating GLX_MESA_copy_sub_buffer GLX_MESA_gl_interop GLX_MESA_query_renderer GLX_MESA_swap_control GLX_OML_sync_control GLX_SGIS_multisample GLX_SGIX_fbconfig GLX_SGIX_pbuffer GLX_SGIX_visual_select_group GLX_SGI_make_current_read GLX_SGI_video_sync 
GLX Extensions: GLX_ARB_context_flush_control GLX_ARB_create_context GLX_ARB_create_context_no_error GLX_ARB_create_context_profile GLX_ARB_create_context_robustness GLX_ARB_fbconfig_float GLX_ARB_framebuffer_sRGB GLX_ARB_get_proc_address GLX_ARB_multisample GLX_EXT_buffer_age GLX_EXT_create_context_es2_profile GLX_EXT_create_context_es_profile GLX_EXT_fbconfig_packed_float GLX_EXT_framebuffer_sRGB GLX_EXT_no_config_context GLX_EXT_swap_control GLX_EXT_swap_control_tear GLX_EXT_texture_from_pixmap GLX_EXT_visual_info GLX_EXT_visual_rating GLX_MESA_copy_sub_buffer GLX_MESA_gl_interop GLX_MESA_query_renderer GLX_MESA_swap_control GLX_OML_sync_control GLX_SGIS_multisample GLX_SGIX_fbconfig GLX_SGIX_pbuffer GLX_SGIX_visual_select_group GLX_SGI_make_current_read GLX_SGI_video_sync 
GLX Extensions: GLX_ARB_context_flush_control GLX_ARB_create_context GLX_ARB_create_context_no_error GLX_ARB_create_context_profile GLX_ARB_create_context_robustness GLX_ARB_fbconfig_float GLX_ARB_framebuffer_sRGB GLX_ARB_get_proc_address GLX_ARB_multisample GLX_EXT_buffer_age GLX_EXT_create_context_es2_profile GLX_EXT_create_context_es_profile GLX_EXT_fbconfig_packed_float GLX_EXT_framebuffer_sRGB GLX_EXT_no_config_context GLX_EXT_swap_control GLX_EXT_swap_control_tear GLX_EXT_texture_from_pixmap GLX_EXT_visual_info GLX_EXT_visual_rating GLX_MESA_copy_sub_buffer GLX_MESA_gl_interop GLX_MESA_query_renderer GLX_MESA_swap_control GLX_OML_sync_control GLX_SGIS_multisample GLX_SGIX_fbconfig GLX_SGIX_pbuffer GLX_SGIX_visual_select_group GLX_SGI_make_current_read GLX_SGI_video_sync 
GLX Extensions: GLX_ARB_context_flush_control GLX_ARB_create_context GLX_ARB_create_context_no_error GLX_ARB_create_context_profile GLX_ARB_create_context_robustness GLX_ARB_fbconfig_float GLX_ARB_framebuffer_sRGB GLX_ARB_get_proc_address GLX_ARB_multisample GLX_EXT_buffer_age GLX_EXT_create_context_es2_profile GLX_EXT_create_context_es_profile GLX_EXT_fbconfig_packed_float GLX_EXT_framebuffer_sRGB GLX_EXT_no_config_context GLX_EXT_swap_control GLX_EXT_swap_control_tear GLX_EXT_texture_from_pixmap GLX_EXT_visual_info GLX_EXT_visual_rating GLX_MESA_copy_sub_buffer GLX_MESA_gl_interop GLX_MESA_query_renderer GLX_MESA_swap_control GLX_OML_sync_control GLX_SGIS_multisample GLX_SGIX_fbconfig GLX_SGIX_pbuffer GLX_SGIX_visual_select_group GLX_SGI_make_current_read GLX_SGI_video_sync 
[LAYOUT] About to save layout /home/asif/Projects/vrGame/vrgame/UserSettings/Layouts/default-6000.dwlt
[LAYOUT] About to save layout /home/asif/.config/unity3d/Preferences/Editor-5.x/Layouts/current/default-6000.dwlt
[MODES] ModeService[default].InitializeCurrentMode
[MODES] ModeService[default].RaiseModeChanged(default, default)
Disable old input system
[Project] Loading completed in 20.404 seconds
	Project init time: 				17.112 seconds
		Template init time: 		0.000 seconds
		Package Manager init time: 		0.296 seconds
		Asset Database init time: 		0.275 seconds
		Global illumination init time: 	0.003 seconds
		Assemblies load time: 			8.159 seconds
		Unity extensions init time: 	0.030 seconds
		Asset Database refresh time: 	6.649 seconds
	Scene opening time: 			2.446 seconds
##utp:{"type":"ProjectInfo","version":2,"phase":"Immediate","time":1788192882436,"processId":136228,"projectLoad":20.404212183,"projectInit":17.111986619,"templateInit":0.0,"packageManagerInit":0.295545855,"assetDatabaseInit":0.27495248,"globalIlluminationInit":0.002894145,"assembliesLoad":8.158761379,"unityExtensionsInit":0.02984946,"assetDatabaseRefresh":6.648886259,"sceneOpening":2.446258476}
##utp:{"type":"EditorInfo","version":2,"phase":"Immediate","time":1788192882436,"processId":136228,"editorVersion":"6000.5.10f1 (3bd4f66ad299)","branch":"6000.5/staging","buildType":"Release","platform":"Linux"}
Importing 'GUID: 3dd11dcd12272e54f8a19d8224e35f53 - Path: Assets/XR/Settings/OpenXRPackageSettings.asset' with importer (NativeFormatImporter)
Imported 'GUID: 3dd11dcd12272e54f8a19d8224e35f53' -> (Import Result ID: 'bddd1828c79737549e9979ba9cd72e74') in 0.013 seconds [static dependencies only]. Details - ImportResultOutputID=a2fce30c4ac17f62c0f27da484977667 DependenciesID=2dec8154d0eefeec372faf2a0f78ca13 StaticDependenciesID=e9e1b931c1e59c110e8bbfee07afcfcb 

Asset Pipeline Refresh (id=9d0f84c40fa2e49df981dade15b6a036): Total: 0.447 seconds - Initiated by RefreshV2(ForceSynchronousImport)
	(Values over 0.05ms)
	Summary:
		Imports: total=1 (actual=1, local cache=0, cache server=0)
		Asset DB Process Time: managed=1 ms, native=272 ms
		Asset DB Callback time: managed=167 ms, native=5 ms
		Scripting: domain reloads=0, domain reload time=0 ms, compile time=0 ms, other=0 ms
		Project Asset Count: scripts=1829, non-scripts=2725
		Asset File Changes: new=0, changed=1, moved=0, deleted=0
		Scan Filter Count: 1
	InvokePackagesCallback: 0.170ms
	ApplyChangesToAssetFolders: 0.196ms
	Scan: 175.408ms
	Collect global state as custom dependencies: 0.230ms
	OnSourceAssetsModified: 0.746ms
	ProcessAssetsWithTransientArtifactChanges: 0.333ms
	CategorizeAssets: 31.868ms
	ImportOutOfDateAssets: 52.883ms (9.418ms without children)
		ImportManagerImport: 13.699ms (0.933ms without children)
		UnloadImportedAssets: 0.091ms
		EnsureUptoDateAssetsAreRegisteredWithGuidPM: 0.432ms
		InitializingProgressBar: 0.446ms
		ImportSchedulerStart: 28.756ms
	PostProcessAllAssets: 170.416ms
		XRBuildSystem.XRAssetImported 2.870ms
		MonoPostProcessAllAssets: 167.045ms
			AssetPostprocessor.OnPostprocessAllAssets 127.883ms
			AssetCallbacks.OnPostprocessAllAssets 18.700ms
			BuilderAssetPostprocessor.OnPostprocessAllAssets 5.525ms
			AssetChangedListener.OnPostprocessAllAssets 4.481ms
			ShaderGraphAssetPostProcessor.OnPostprocessAllAssets 3.190ms
			RetainedModeAssetPostprocessor.OnPostprocessAllAssets 0.886ms
			MaterialPostprocessor.OnPostprocessAllAssets 0.743ms
			TextAssetPostProcessor.OnPostprocessAllAssets 0.526ms
			ArtifactBrowserPostProcessor.OnPostprocessAllAssets 0.363ms
			EnvironmentAssetPostprocessor.OnPostprocessAllAssets 0.355ms
			TMPro_TexturePostProcessor.OnPostprocessAllAssets 0.263ms
			AudioMixerPostprocessor.OnPostprocessAllAssets 0.262ms
			PostProcessor.OnPostprocessAllAssets 0.260ms
			SampleDependencyImporterPostProcessor.OnPostprocessAllAssets 0.248ms
			InputActionJsonNameModifierAssetProcessor.OnPostprocessAllAssets 0.236ms
			StyleCatalogPostProcessor.OnPostprocessAllAssets 0.209ms
			AssetEvents.OnPostprocessAllAssets 0.167ms
			SpeedTreePostProcessor.OnPostprocessAllAssets 0.163ms
			ConfigAssetsTracker.OnPostprocessAllAssets 0.124ms
			ScenarioDriftAssetsTracker.OnPostprocessAllAssets 0.108ms
			InputActionAssetPostprocessor.OnPostprocessAllAssets 0.096ms
			AudioContainerPostProcessor.OnPostprocessAllAssets 0.079ms
	PostAssetChangesProfiler: 2.234ms
	GatherAllCurrentPrimaryImportResultRevisions: 0.390ms
	UnloadStreamsBegin: 1.642ms
	PersistCurrentRevisions: 0.250ms
	Untracked: 9.281ms

[Licensing::Client] Successfully resolved entitlement details
Importing 'GUID: 3dd11dcd12272e54f8a19d8224e35f53 - Path: Assets/XR/Settings/OpenXRPackageSettings.asset' with importer (NativeFormatImporter)
Imported 'GUID: 3dd11dcd12272e54f8a19d8224e35f53' -> (Import Result ID: 'bddd1828c79737549e9979ba9cd72e74') in 0.002 seconds [static dependencies only]. Details - ImportResultOutputID=a2fce30c4ac17f62c0f27da484977667 DependenciesID=2dec8154d0eefeec372faf2a0f78ca13 StaticDependenciesID=e9e1b931c1e59c110e8bbfee07afcfcb 
Refreshing native plugins compatible for Editor in 2.31 ms, found 1 plugins.
Asset Pipeline Refresh (id=791827d2ba042e5b1a68cbb942aa6346): Total: 0.072 seconds - Initiated by StopAssetImportingV2(NoUpdateAssetOptions)
Importing 'GUID: 3dd11dcd12272e54f8a19d8224e35f53 - Path: Assets/XR/Settings/OpenXRPackageSettings.asset' with importer (NativeFormatImporter)
Imported 'GUID: 3dd11dcd12272e54f8a19d8224e35f53' -> (Import Result ID: '124e102bf15640c77b88c0853e2b63fc') in 0.001 seconds [static dependencies only]. Details - ImportResultOutputID=a2fce30c4ac17f62c0f27da484977667 DependenciesID=70b6fc02e979cfe63a26b0a61c722e63 StaticDependenciesID=b8d5f0d117249b820dad5460aa048331 
Refreshing native plugins compatible for Editor in 2.20 ms, found 1 plugins.
Asset Pipeline Refresh (id=c099d9db1d60f4efebb941e5227589a9): Total: 0.075 seconds - Initiated by StopAssetImportingV2(NoUpdateAssetOptions)
Importing 'GUID: 3dd11dcd12272e54f8a19d8224e35f53 - Path: Assets/XR/Settings/OpenXRPackageSettings.asset' with importer (NativeFormatImporter)
Imported 'GUID: 3dd11dcd12272e54f8a19d8224e35f53' -> (Import Result ID: '124e102bf15640c77b88c0853e2b63fc') in 0.001 seconds [static dependencies only]. Details - ImportResultOutputID=a2fce30c4ac17f62c0f27da484977667 DependenciesID=70b6fc02e979cfe63a26b0a61c722e63 StaticDependenciesID=b8d5f0d117249b820dad5460aa048331 
Asset Pipeline Refresh (id=2fe47316e1da56a4c83f00ad309d1f85): Total: 0.059 seconds - Initiated by StopAssetImportingV2(NoUpdateAssetOptions)
Importing 'GUID: 3dd11dcd12272e54f8a19d8224e35f53 - Path: Assets/XR/Settings/OpenXRPackageSettings.asset' with importer (NativeFormatImporter)
Imported 'GUID: 3dd11dcd12272e54f8a19d8224e35f53' -> (Import Result ID: '124e102bf15640c77b88c0853e2b63fc') in 0.002 seconds [static dependencies only]. Details - ImportResultOutputID=a2fce30c4ac17f62c0f27da484977667 DependenciesID=70b6fc02e979cfe63a26b0a61c722e63 StaticDependenciesID=b8d5f0d117249b820dad5460aa048331 
Asset Pipeline Refresh (id=dc7ae586396ee330797fe54500b4ce8f): Total: 0.055 seconds - Initiated by StopAssetImportingV2(NoUpdateAssetOptions)
GLX Extensions: GLX_ARB_context_flush_control GLX_ARB_create_context GLX_ARB_create_context_no_error GLX_ARB_create_context_profile GLX_ARB_create_context_robustness GLX_ARB_fbconfig_float GLX_ARB_framebuffer_sRGB GLX_ARB_get_proc_address GLX_ARB_multisample GLX_EXT_buffer_age GLX_EXT_create_context_es2_profile GLX_EXT_create_context_es_profile GLX_EXT_fbconfig_packed_float GLX_EXT_framebuffer_sRGB GLX_EXT_no_config_context GLX_EXT_swap_control GLX_EXT_swap_control_tear GLX_EXT_texture_from_pixmap GLX_EXT_visual_info GLX_EXT_visual_rating GLX_MESA_copy_sub_buffer GLX_MESA_gl_interop GLX_MESA_query_renderer GLX_MESA_swap_control GLX_OML_sync_control GLX_SGIS_multisample GLX_SGIX_fbconfig GLX_SGIX_pbuffer GLX_SGIX_visual_select_group GLX_SGI_make_current_read GLX_SGI_video_sync 
[Licensing::Client] Successfully resolved entitlement details
[Licensing::Client] Successfully resolved entitlement details
[Licensing::Client] Successfully resolved entitlement details
[Licensing::Client] Successfully resolved entitlement details
Start Indexing on Editor startup
[Indexing] Starting Initial Indexing for Assets
Request Asset Garbage Collect because used heap size increased from 226.6 MB to 0.72 GB, exceeding the threshold of 256.0 MB.
Unloading 21 Unused Serialized files (Serialized files now loaded: 0)
Reloading assemblies due to reload request.
Reloading assemblies after forced synchronous recompile.
Begin MonoManager ReloadAssembly
Unloading 105 unused Assets / (16.1 MB). Loaded Objects now: 8604.
Memory consumption went from 0.71 GB to 0.69 GB.
Total: 38.714196 ms (FindLiveObjects: 1.238423 ms CreateObjectMapping: 0.228659 ms MarkObjects: 31.025867 ms  DeleteObjects: 6.216855 ms)

Android Extension - Scanning For ADB Devices 3134 ms
Native extension for LinuxStandalone target not found
Native extension for Android target not found
[MODES] ModeService[none].Initialize
[MODES] ModeService[none].LoadModes
ScheduleIndexationOnStartup MainProcess:True IndexOnStartup:True
Mono: successfully reloaded assembly
- Finished resetting the current domain, in  2.093 seconds
Domain Reload Profiling: 3024ms
	BeginReloadAssembly (702ms)
		DisableScriptedObjects (133ms)
		CreateAndSetChildDomain (333ms)
	RebuildCommonClasses (8ms)
	RebuildNativeTypeToScriptingClass (8ms)
	initialDomainReloadingComplete (34ms)
	LoadAllAssembliesAndSetupDomain (177ms)
		LoadAssemblies (118ms)
		AnalyzeDomain (32ms)
			TypeCache.Refresh (7ms)
			ResolveRequiredComponents (21ms)
	FinalizeReload (2094ms)
		SetupLoadedEditorAssemblies (0ms)
			InitializePlatformSupportModulesInManaged (17ms)
			BeforeProcessingInitializeOnLoad (270ms)
			ProcessInitializeOnLoadAttributes (657ms)
			ProcessInitializeOnLoadMethodAttributes (108ms)
		AwakeInstancesAfterBackupRestoration (511ms)
No restricted APIs configured; Validation skipped.
Checking 13 assemblies for restricted APIs found 0 usage(s) in 12 ms

Asset Pipeline Refresh (id=41c5a9ca2b76eaf4dabefcd703eb374e): Total: 4.562 seconds - Initiated by StopAssetImportingV2(ForceSynchronousImport | ForceDomainReload)
	(Values over 0.05ms)
	Summary:
		Imports: total=0 (actual=0, local cache=0, cache server=0)
		Asset DB Process Time: managed=0 ms, native=2549 ms
		Asset DB Callback time: managed=642 ms, native=383 ms
		Scripting: domain reloads=1, domain reload time=985 ms, compile time=2 ms, other=0 ms
		Project Asset Count: scripts=1829, non-scripts=2725
		Asset File Changes: new=0, changed=0, moved=0, deleted=0
		Scan Filter Count: 0
	InvokePackagesCallback: 0.511ms
	ApplyChangesToAssetFolders: 0.780ms
	Collect global state as custom dependencies: 2.846ms
	ProcessAssetsWithTransientArtifactChanges: 137.164ms
	CategorizeAssets: 105.752ms
	CompileScripts: 1.505ms
	ImportOutOfDateAssets: 2213.750ms (2132.597ms without children)
		CollectScriptTypesHashes: 2.840ms
		ReloadNativeAssets: 2.558ms
		UnloadImportedAssets: 1.678ms
		EnsureUptoDateAssetsAreRegisteredWithGuidPM: 1.044ms
		ImportSchedulerStart: 75.805ms
	PostProcessAllAssets: 1019.677ms
		AssemblyValidation.PostprocessAllAssets 79.702ms
		PostProcessCallbackCreateDeferredMaterials 42.187ms
		PostprocessAssetsUpdateCachedIcon 36.696ms
		ShaderAssetModifiedCallback 21.690ms
		ComputeShaderImportPostprocess 20.958ms
		SpeedTreeImporter.PostprocessAllAssets 19.166ms
		RaytracingShaderImportPostprocess 16.693ms
		LocalizationDatabase.AssetDatabasePostprocessCallback 9.524ms
		BlockShaderImporter.PostprocessAllAssets 7.948ms
		XRBuildSystem.XRAssetImported 2.665ms
		MonoPostProcessAllAssets: 639.575ms
			ShaderGraphAssetPostProcessor.OnPostprocessAllAssets 151.716ms
			AssetPostprocessor.OnPostprocessAllAssets 102.580ms
			AssetCallbacks.OnPostprocessAllAssets 84.179ms
			AssetChangedListener.OnPostprocessAllAssets 47.693ms
			PostProcessor.OnPostprocessAllAssets 28.567ms
			MaterialPostprocessor.OnPostprocessAllAssets 23.293ms
			InputActionJsonNameModifierAssetProcessor.OnPostprocessAllAssets 22.776ms
			InputActionAssetPostprocessor.OnPostprocessAllAssets 22.725ms
			TextAssetPostProcessor.OnPostprocessAllAssets 18.767ms
			UniversalRenderPipelineGlobalSettingsPostprocessor.OnPostprocessAllAssets 15.763ms
			BuilderAssetPostprocessor.OnPostprocessAllAssets 13.228ms
			WindowAssetPostprocessingWatcher.OnPostprocessAllAssets 7.349ms
			RenderPipelineGlobalSettingsPostprocessor.OnPostprocessAllAssets 5.174ms
			SpeedTree9Postprocessor.OnPostprocessAllAssets 3.626ms
			ArtifactBrowserPostProcessor.OnPostprocessAllAssets 2.469ms
			RetainedModeAssetPostprocessor.OnPostprocessAllAssets 2.085ms
			TMPro_TexturePostProcessor.OnPostprocessAllAssets 1.779ms
			EditModeScopePostprocessor.OnPostprocessAllAssets 1.407ms
			AudioMixerPostprocessor.OnPostprocessAllAssets 0.950ms
			StyleCatalogPostProcessor.OnPostprocessAllAssets 0.925ms
			AssetDatabaseCallbacks.OnPostprocessAllAssets 0.715ms
			ShaderReflectionAssetPostProcessor.OnPostprocessAllAssets 0.526ms
			SpeedTreePostProcessor.OnPostprocessAllAssets 0.426ms
			SampleDependencyImporterPostProcessor.OnPostprocessAllAssets 0.426ms
			ReferencedClipsPostProcessor.OnPostprocessAllAssets 0.418ms
			ProjectSettingsPostprocessor.OnPostprocessAllAssets 0.396ms
			ConfigAssetsTracker.OnPostprocessAllAssets 0.373ms
			ScenarioDriftAssetsTracker.OnPostprocessAllAssets 0.359ms
			AssetEvents.OnPostprocessAllAssets 0.347ms
			AudioContainerPostProcessor.OnPostprocessAllAssets 0.334ms
			EnvironmentAssetPostprocessor.OnPostprocessAllAssets 0.174ms
			TerrainToolbarOverlayPostProcessor.OnPostprocessAllAssets 0.160ms
			SyncVS.PostprocessSyncProject 0.146ms
	PostAssetChangesProfiler: 5.721ms
	GatherAllCurrentPrimaryImportResultRevisions: 0.181ms
	PersistCurrentRevisions: 0.267ms
	GenerateScriptTypeHashes: 12.447ms
	GenerateScriptTypeSerializationHashes: 20.026ms
	Untracked: 1068.598ms

[UnityConnectServicesConfig] Service configuration:
    "servicesConfigBaseUrl": "",
    "disableServicesWindow": false,
    "disableUserLogin": false,
    "entitlementCacheTimeoutInSeconds": 60,
    "clientConnectTimeoutSec": 60,
    "clientHandshakeTimeoutSec": 30,
    "clientResolveEntitlementsTimeoutSec": 30,
    "clientUpdateLicenseTimeoutSec": 30,
    "licensingServiceBaseUrl": "",
    "enableProxyAutoconfig": "false"

Created GICache directory at /home/asif/.cache/unity3d/GiCache. Took: 0.003s, timestamps: [20.867 - 20.869]
Asset Pipeline Refresh (id=00b4977d29f1e392c86e968cde05c3c5): Total: 0.144 seconds - Initiated by RefreshV2(ForceSynchronousImport)
Importing 'GUID: 3dd11dcd12272e54f8a19d8224e35f53 - Path: Assets/XR/Settings/OpenXRPackageSettings.asset' with importer (NativeFormatImporter)
Imported 'GUID: 3dd11dcd12272e54f8a19d8224e35f53' -> (Import Result ID: '124e102bf15640c77b88c0853e2b63fc') in 0.005 seconds [static dependencies only]. Details - ImportResultOutputID=a2fce30c4ac17f62c0f27da484977667 DependenciesID=70b6fc02e979cfe63a26b0a61c722e63 StaticDependenciesID=b8d5f0d117249b820dad5460aa048331 
Asset Pipeline Refresh (id=e76d32db84a4482bc873196393ea1fc1): Total: 0.125 seconds - Initiated by StopAssetImportingV2(NoUpdateAssetOptions)
Importing 'GUID: 3dd11dcd12272e54f8a19d8224e35f53 - Path: Assets/XR/Settings/OpenXRPackageSettings.asset' with importer (NativeFormatImporter)
Imported 'GUID: 3dd11dcd12272e54f8a19d8224e35f53' -> (Import Result ID: '124e102bf15640c77b88c0853e2b63fc') in 0.002 seconds [static dependencies only]. Details - ImportResultOutputID=a2fce30c4ac17f62c0f27da484977667 DependenciesID=70b6fc02e979cfe63a26b0a61c722e63 StaticDependenciesID=b8d5f0d117249b820dad5460aa048331 
Refreshing native plugins compatible for Editor in 3.83 ms, found 1 plugins.
Asset Pipeline Refresh (id=9f5ea90b906df39d5b50cc40c82c4ac6): Total: 0.092 seconds - Initiated by StopAssetImportingV2(NoUpdateAssetOptions)
Importing 'GUID: 3dd11dcd12272e54f8a19d8224e35f53 - Path: Assets/XR/Settings/OpenXRPackageSettings.asset' with importer (NativeFormatImporter)
Imported 'GUID: 3dd11dcd12272e54f8a19d8224e35f53' -> (Import Result ID: '124e102bf15640c77b88c0853e2b63fc') in 0.002 seconds [static dependencies only]. Details - ImportResultOutputID=a2fce30c4ac17f62c0f27da484977667 DependenciesID=70b6fc02e979cfe63a26b0a61c722e63 StaticDependenciesID=b8d5f0d117249b820dad5460aa048331 
Refreshing native plugins compatible for Editor in 3.10 ms, found 1 plugins.
Asset Pipeline Refresh (id=688149d5d0fdb031998c859700f5521e): Total: 0.070 seconds - Initiated by StopAssetImportingV2(NoUpdateAssetOptions)
Importing 'GUID: 3dd11dcd12272e54f8a19d8224e35f53 - Path: Assets/XR/Settings/OpenXRPackageSettings.asset' with importer (NativeFormatImporter)
Imported 'GUID: 3dd11dcd12272e54f8a19d8224e35f53' -> (Import Result ID: '124e102bf15640c77b88c0853e2b63fc') in 0.002 seconds [static dependencies only]. Details - ImportResultOutputID=a2fce30c4ac17f62c0f27da484977667 DependenciesID=70b6fc02e979cfe63a26b0a61c722e63 StaticDependenciesID=b8d5f0d117249b820dad5460aa048331 
Refreshing native plugins compatible for Editor in 3.04 ms, found 1 plugins.
Asset Pipeline Refresh (id=a8bd9c197e8b2c087ba5f2897ed605e9): Total: 0.079 seconds - Initiated by StopAssetImportingV2(NoUpdateAssetOptions)
[Licensing::Client] Successfully resolved entitlement details
[Licensing::Client] Successfully resolved entitlement details
[Licensing::Client] Successfully resolved entitlement details
[Licensing::Client] Successfully resolved entitlement details
Asset Pipeline Refresh (id=b511b03c79e41dbab8fba90f9444b8bc): Total: 0.082 seconds - Initiated by RefreshV2(ForceSynchronousImport)
[Licensing::Client] Successfully resolved entitlement details
[Licensing::Client] Successfully resolved entitlement details
[Licensing::Client] Successfully resolved entitlement details
[Licensing::Client] Successfully updated the access token
[Licensing::Module] Successfully updated access token: "gAyGXlaY"... (expires: 2026-08-31T16:56:53Z)
[Licensing::Client] Successfully resolved entitlement details
[Licensing::Client] Successfully resolved entitlement details
UPID Received '6a8ec91a-ea38-4532-8363-f6eb6d25c856'.
Starting new worker id: 1 with log in /home/asif/Projects/vrGame/vrgame/Logs/AssetImportWorkerHW1.log
[UnityConnectServicesConfig] Local config successfully read: "/usr/share/unity3d/config/services-config.json"
[UnityConnectServicesConfig] Service configuration:
    "servicesConfigBaseUrl": "",
    "disableServicesWindow": false,
    "disableUserLogin": false,
    "entitlementCacheTimeoutInSeconds": 60,
    "clientConnectTimeoutSec": 60,
    "clientHandshakeTimeoutSec": 30,
    "clientResolveEntitlementsTimeoutSec": 30,
    "clientUpdateLicenseTimeoutSec": 30,
    "licensingServiceBaseUrl": "",
    "enableProxyAutoconfig": "false"

[Worker0] Imported GUID: 4dd08149a73761d46945acc455781ac0 - Path: Assets/3D Characters Zombie Hospital Lowpoly Pack - Lite/Models/Characters_Zombie_Pacient_04.fbx - Importer: PreviewImporter -> (ImportResultId: 'd46976ffec2a2eeec7bc2174d7e70228') in 1.317517449 seconds
[Worker0] Imported GUID: 143577ee581a76840b647ef564d03f53 - Path: Assets/3D Characters Zombie Hospital Lowpoly Pack - Lite/Models - Importer: PreviewImporter -> (ImportResultId: '559bca22a99d3a0b86afad3303c9e120') in 0.01832309 seconds
Request Asset Garbage Collect because used heap size increased from 0.69 GB to 0.95 GB, exceeding the threshold of 256.0 MB.
Unloading 11 Unused Serialized files (Serialized files now loaded: 0)
Unloading 5311 unused Assets / (4.3 MB). Loaded Objects now: 8902.
Memory consumption went from 0.95 GB to 0.94 GB.
Total: 39.347129 ms (FindLiveObjects: 1.041730 ms CreateObjectMapping: 0.808810 ms MarkObjects: 31.466508 ms  DeleteObjects: 6.028349 ms)

Worker ready: AssetImportWorkerHW1 1
[Worker0] Imported GUID: b6d8050cecbe75e4c8b3445d5ccd33ff - Path: Assets/DefaultVolumeProfile.asset - Importer: PreviewImporter -> (ImportResultId: '51c54619683341d13d52fc3c0d7d4511') in 0.012253889 seconds
[Worker0] Imported GUID: df885d32a8193fe1d850772513d222ad - Path: Assets/Models - Importer: PreviewImporter -> (ImportResultId: 'e0d9813a9750638ca8c7d162383575a3') in 0.016631577 seconds
[Worker0] Imported GUID: 8e4cf35540072c7dc9c537d3625b3f6f - Path: Assets/Models/Characters - Importer: PreviewImporter -> (ImportResultId: '3cbeffabe1c547e2900f58c37955f1e5') in 0.017516728 seconds
[Worker0] Imported GUID: 497304d586e26c990b212fe3d8ac3c55 - Path: Assets/Models/Characters/Zombies - Importer: PreviewImporter -> (ImportResultId: '149a4ad1cacfa78488e5f9eeb3997760') in 0.014403057 seconds
[Worker1] Imported GUID: 63ba3690c117e71a19295bf0886a9644 - Path: Assets/Models/Characters/Zombies/Zombie_A - Importer: PreviewImporter -> (ImportResultId: 'a7f2901c7086e4de1674ac6d89cbf6ae') in 0.026332134 seconds
[Worker0] Imported GUID: 90489ba99d480335989284b5c4110010 - Path: Assets/Models/Characters/Zombies/Zombie_A/Characters_Zombie_SuitMan_1.fbx - Importer: PreviewImporter -> (ImportResultId: 'ca5ddb31cdc3c03f496bb7a3f4cbd288') in 0.271762799 seconds
[Worker1] Imported GUID: 82f87405da2e3e20abfd761a8f07338a - Path: Assets/Models/Characters/Zombies/Zombie_B - Importer: PreviewImporter -> (ImportResultId: '1f8e95fc86710eb7d31364d88e9435d5') in 0.015512449 seconds
[Worker0] Imported GUID: 9a44fc755c41e008ca7661a939f8d9b9 - Path: Assets/Models/Characters/Zombies/Zombie_B/Characters_Zombie_Pacient_04.fbx - Importer: PreviewImporter -> (ImportResultId: '6d35657e4fe8dd0d9ea72b2a2d3a5eec') in 0.054686837 seconds
TrimDiskCacheJob: Current cache size 0mb
GLX Extensions: GLX_ARB_context_flush_control GLX_ARB_create_context GLX_ARB_create_context_no_error GLX_ARB_create_context_profile GLX_ARB_create_context_robustness GLX_ARB_fbconfig_float GLX_ARB_framebuffer_sRGB GLX_ARB_get_proc_address GLX_ARB_multisample GLX_EXT_buffer_age GLX_EXT_create_context_es2_profile GLX_EXT_create_context_es_profile GLX_EXT_fbconfig_packed_float GLX_EXT_framebuffer_sRGB GLX_EXT_no_config_context GLX_EXT_swap_control GLX_EXT_swap_control_tear GLX_EXT_texture_from_pixmap GLX_EXT_visual_info GLX_EXT_visual_rating GLX_MESA_copy_sub_buffer GLX_MESA_gl_interop GLX_MESA_query_renderer GLX_MESA_swap_control GLX_OML_sync_control GLX_SGIS_multisample GLX_SGIX_fbconfig GLX_SGIX_pbuffer GLX_SGIX_visual_select_group GLX_SGI_make_current_read GLX_SGI_video_sync 
Asset Pipeline Refresh (id=4536f7f3d54156d24b33bb3d4be5961f): Total: 0.242 seconds - Initiated by RefreshV2(AllowForceSynchronousImport)
Asset Pipeline Refresh (id=6077f83fa00db3591b9655cbc3fc4b51): Total: 0.097 seconds - Initiated by RefreshV2(AllowForceSynchronousImport)
Asset Pipeline Refresh (id=d708da2bd5753f8b0ab16dac6a4681cf): Total: 0.109 seconds - Initiated by RefreshV2(AllowForceSynchronousImport)
[Licensing::Client] Successfully resolved entitlement details
GLX Extensions: GLX_ARB_context_flush_control GLX_ARB_create_context GLX_ARB_create_context_no_error GLX_ARB_create_context_profile GLX_ARB_create_context_robustness GLX_ARB_fbconfig_float GLX_ARB_framebuffer_sRGB GLX_ARB_get_proc_address GLX_ARB_multisample GLX_EXT_buffer_age GLX_EXT_create_context_es2_profile GLX_EXT_create_context_es_profile GLX_EXT_fbconfig_packed_float GLX_EXT_framebuffer_sRGB GLX_EXT_no_config_context GLX_EXT_swap_control GLX_EXT_swap_control_tear GLX_EXT_texture_from_pixmap GLX_EXT_visual_info GLX_EXT_visual_rating GLX_MESA_copy_sub_buffer GLX_MESA_gl_interop GLX_MESA_query_renderer GLX_MESA_swap_control GLX_OML_sync_control GLX_SGIS_multisample GLX_SGIX_fbconfig GLX_SGIX_pbuffer GLX_SGIX_visual_select_group GLX_SGI_make_current_read GLX_SGI_video_sync 
GLX Extensions: GLX_ARB_context_flush_control GLX_ARB_create_context GLX_ARB_create_context_no_error GLX_ARB_create_context_profile GLX_ARB_create_context_robustness GLX_ARB_fbconfig_float GLX_ARB_framebuffer_sRGB GLX_ARB_get_proc_address GLX_ARB_multisample GLX_EXT_buffer_age GLX_EXT_create_context_es2_profile GLX_EXT_create_context_es_profile GLX_EXT_fbconfig_packed_float GLX_EXT_framebuffer_sRGB GLX_EXT_no_config_context GLX_EXT_swap_control GLX_EXT_swap_control_tear GLX_EXT_texture_from_pixmap GLX_EXT_visual_info GLX_EXT_visual_rating GLX_MESA_copy_sub_buffer GLX_MESA_gl_interop GLX_MESA_query_renderer GLX_MESA_swap_control GLX_OML_sync_control GLX_SGIS_multisample GLX_SGIX_fbconfig GLX_SGIX_pbuffer GLX_SGIX_visual_select_group GLX_SGI_make_current_read GLX_SGI_video_sync 
[Licensing::Client] Successfully resolved entitlement details
[Licensing::Client] Successfully resolved entitlement details
[Licensing::Client] Successfully resolved entitlement details
[Licensing::Client] Successfully resolved entitlement details
[Licensing::Client] Successfully resolved entitlement details
[Licensing::Client] Successfully resolved entitlement details
[Licensing::Client] Successfully resolved entitlement details
[Licensing::Client] Successfully resolved entitlement details
[Licensing::Client] Successfully resolved entitlement details
[Licensing::Client] Successfully resolved entitlement details
[Licensing::Client] Successfully resolved entitlement details
Asset Pipeline Refresh (id=cba3ba81c746b64489b6800e6cd409b0): Total: 0.132 seconds - Initiated by RefreshV2(AllowForceSynchronousImport)
Asset Pipeline Refresh (id=ccbd4aa423493aed59703e65d045a0be): Total: 0.138 seconds - Initiated by RefreshV2(AllowForceSynchronousImport)
[ScriptCompilation] Requested script compilation because: AssetDatabase observed changes in script compilation related files
[Licensing::Client] Successfully resolved entitlement details
info: Microsoft.AspNetCore.Hosting.Diagnostics[1]
      Request starting HTTP/2 POST http://ilpp/UnityILPP.PostProcessing/Ping - application/grpc -
info: Microsoft.AspNetCore.Routing.EndpointMiddleware[0]
      Executing endpoint 'gRPC - /UnityILPP.PostProcessing/Ping'
info: Microsoft.AspNetCore.Routing.EndpointMiddleware[1]
      Executed endpoint 'gRPC - /UnityILPP.PostProcessing/Ping'
info: Microsoft.AspNetCore.Hosting.Diagnostics[2]
      Request finished HTTP/2 POST http://ilpp/UnityILPP.PostProcessing/Ping - 200 - application/grpc 14.3274ms
Starting: /home/asif/Unity/Hub/Editor/6000.5.10f1/Editor/Data/Tools/BuildPipeline/bee_backend --ipc --defer-dag-verification --dagfile="Library/Bee/2400b0aE.dag" --continue-on-failure --profile="Library/Bee/backend1.traceevents" ScriptAssemblies
WorkingDir: /home/asif/Projects/vrGame/vrgame
info: Microsoft.AspNetCore.Hosting.Diagnostics[1]
      Request starting HTTP/2 POST http://ilpp/UnityILPP.PostProcessing/ConfigurePostProcessors - application/grpc -
info: Microsoft.AspNetCore.Routing.EndpointMiddleware[0]
      Executing endpoint 'gRPC - /UnityILPP.PostProcessing/ConfigurePostProcessors'
info: Unity.ILPP.Runner.PostProcessingAssemblyLoadContext[0]
      Current configuration matches the requested one, skipping
info: Microsoft.AspNetCore.Routing.EndpointMiddleware[1]
      Executed endpoint 'gRPC - /UnityILPP.PostProcessing/ConfigurePostProcessors'
info: Microsoft.AspNetCore.Hosting.Diagnostics[2]
      Request finished HTTP/2 POST http://ilpp/UnityILPP.PostProcessing/ConfigurePostProcessors - 200 - application/grpc 4.1464ms
ExitCode: 3 Duration: 3s367ms
[1008/1356  0s] ILPP-Configuration Library/ilpp-configuration.nevergeneratedoutput
[1348/1356  2s] Csc Library/Bee/artifacts/2400b0aE.dag/Assembly-CSharp.dll (+2 others)
##### CommandLine
"/home/asif/Unity/Hub/Editor/6000.5.10f1/Editor/Data/DotNetSdk/dotnet" exec "/home/asif/Unity/Hub/Editor/6000.5.10f1/Editor/Data/DotNetSdk/sdk/8.0.318/Roslyn/bincore/csc.dll" /nostdlib /noconfig /shared "@Library/Bee/artifacts/2400b0aE.dag/Assembly-CSharp.rsp" "@Library/Bee/artifacts/2400b0aE.dag/Assembly-CSharp.rsp2"
##### Contents of Library/Bee/artifacts/2400b0aE.dag/Assembly-CSharp.rsp
-target:library
-out:"Library/Bee/artifacts/2400b0aE.dag/Assembly-CSharp.dll"
-refout:"Library/Bee/artifacts/2400b0aE.dag/Assembly-CSharp.ref.dll"
-define:UNITY_6000_5_10
-define:UNITY_6000_5
-define:UNITY_6000
-define:UNITY_5_3_OR_NEWER
-define:UNITY_5_4_OR_NEWER
-define:UNITY_5_5_OR_NEWER
-define:UNITY_5_6_OR_NEWER
-define:UNITY_2017_1_OR_NEWER
-define:UNITY_2017_2_OR_NEWER
-define:UNITY_2017_3_OR_NEWER
-define:UNITY_2017_4_OR_NEWER
-define:UNITY_2018_1_OR_NEWER
-define:UNITY_2018_2_OR_NEWER
-define:UNITY_2018_3_OR_NEWER
-define:UNITY_2018_4_OR_NEWER
-define:UNITY_2019_1_OR_NEWER
-define:UNITY_2019_2_OR_NEWER
-define:UNITY_2019_3_OR_NEWER
-define:UNITY_2019_4_OR_NEWER
-define:UNITY_2020_1_OR_NEWER
-define:UNITY_2020_2_OR_NEWER
-define:UNITY_2020_3_OR_NEWER
-define:UNITY_2021_1_OR_NEWER
-define:UNITY_2021_2_OR_NEWER
-define:UNITY_2021_3_OR_NEWER
-define:UNITY_2022_1_OR_NEWER
-define:UNITY_2022_2_OR_NEWER
-define:UNITY_2022_3_OR_NEWER
-define:UNITY_2023_1_OR_NEWER
-define:UNITY_2023_2_OR_NEWER
-define:UNITY_2023_3_OR_NEWER
-define:UNITY_6000_0_OR_NEWER
-define:UNITY_6000_1_OR_NEWER
-define:UNITY_6000_2_OR_NEWER
-define:UNITY_6000_3_OR_NEWER
-define:UNITY_6000_4_OR_NEWER
-define:UNITY_6000_5_OR_NEWER
-define:PLATFORM_ARCH_64
-define:UNITY_64
-define:UNITY_INCLUDE_TESTS
-define:UNITY_ENABLE_CLOUD_SERVICES_ENGINE_DIAGNOSTICS_MANAGED
-define:ENABLE_AUDIO
-define:ENABLE_AUDIO_SCRIPTABLE_PIPELINE
-define:ENABLE_CACHING
-define:ENABLE_CLOTH
-define:ENABLE_MICROPHONE
-define:ENABLE_MULTIPLE_DISPLAYS
-define:ENABLE_PHYSICS
-define:ENABLE_TEXTURE_STREAMING
-define:ENABLE_VIRTUALTEXTURING
-define:ENABLE_LZMA
-define:ENABLE_UNITYEVENTS
-define:ENABLE_VR
-define:ENABLE_WEBCAM
-define:ENABLE_UNITYWEBREQUEST
-define:ENABLE_WWW
-define:ENABLE_CLOUD_SERVICES
-define:ENABLE_CLOUD_SERVICES_ADS
-define:ENABLE_CLOUD_SERVICES_USE_WEBREQUEST
-define:ENABLE_UNITY_CONSENT
-define:ENABLE_UNITY_CLOUD_IDENTIFIERS
-define:ENABLE_CLOUD_SERVICES_CRASH_REPORTING
-define:ENABLE_CLOUD_SERVICES_PURCHASING
-define:ENABLE_CLOUD_SERVICES_ANALYTICS
-define:ENABLE_CLOUD_SERVICES_BUILD
-define:ENABLE_EDITOR_GAME_SERVICES
-define:ENABLE_UNITY_GAME_SERVICES_ANALYTICS_SUPPORT
-define:ENABLE_CLOUD_LICENSE
-define:ENABLE_EDITOR_HUB_LICENSE
-define:ENABLE_WEBSOCKET_CLIENT
-define:ENABLE_GENERATE_NATIVE_PLUGINS_FOR_ASSEMBLIES_API
-define:ENABLE_DIRECTOR_AUDIO
-define:ENABLE_DIRECTOR_TEXTURE
-define:ENABLE_MANAGED_JOBS
-define:ENABLE_MANAGED_TRANSFORM_JOBS
-define:ENABLE_MANAGED_ANIMATION_JOBS
-define:ENABLE_MANAGED_AUDIO_JOBS
-define:ENABLE_MANAGED_UNITYTLS
-define:INCLUDE_DYNAMIC_GI
-define:ENABLE_SCRIPTING_GC_WBARRIERS
-define:PLATFORM_SUPPORTS_MONO
-define:RENDER_SOFTWARE_CURSOR
-define:ENABLE_MARSHALLING_TESTS
-define:ENABLE_VIDEO
-define:ENABLE_NAVIGATION_OFFMESHLINK_TO_NAVMESHLINK
-define:ENABLE_ACCELERATOR_CLIENT_DEBUGGING
-define:TEXTCORE_1_0_OR_NEWER
-define:EDITOR_ONLY_NAVMESH_BUILDER_DEPRECATED
-define:PLATFORM_STANDALONE_LINUX
-define:PLATFORM_STANDALONE
-define:UNITY_STANDALONE_LINUX
-define:UNITY_STANDALONE
-define:UNITY_STANDALONE_LINUX_API
-define:ENABLE_RUNTIME_GI
-define:ENABLE_MOVIES
-define:ENABLE_NETWORK
-define:ENABLE_CRUNCH_TEXTURE_COMPRESSION
-define:ENABLE_CLUSTER_SYNC
-define:ENABLE_CLUSTERINPUT
-define:ENABLE_SPATIALTRACKING
-define:ENABLE_MODULAR_UNITYENGINE_ASSEMBLIES
-define:PLATFORM_SUPPORTS_SPLIT_GRAPHICS_JOBS
-define:PLATFORM_USES_EXPLICIT_MEMORY_MANAGER_INITIALIZER
-define:PLATFORM_SUPPORTS_DISPLAYINFO_API
-define:ENABLE_MONO
-define:NET_STANDARD_2_0
-define:NET_STANDARD
-define:NET_STANDARD_2_1
-define:NETSTANDARD
-define:NETSTANDARD2_1
-define:ENABLE_PROFILER
-define:DEBUG
-define:TRACE
-define:UNITY_ASSERTIONS
-define:UNITY_EDITOR
-define:UNITY_EDITOR_64
-define:UNITY_EDITOR_LINUX
-define:ENABLE_UNITY_COLLECTIONS_CHECKS
-define:ENABLE_BURST_AOT
-define:UNITY_TEAM_LICENSE
-define:ENABLE_CUSTOM_RENDER_TEXTURE
-define:ENABLE_DIRECTOR
-define:ENABLE_LOCALIZATION
-define:ENABLE_SPRITES
-define:ENABLE_TERRAIN
-define:ENABLE_TILEMAP
-define:ENABLE_TIMELINE
-define:ENABLE_INPUT_SYSTEM
-define:TEXTCORE_FONT_ENGINE_1_5_OR_NEWER
-define:TEXTCORE_TEXT_ENGINE_1_5_OR_NEWER
-define:TEXTCORE_FONT_ENGINE_1_6_OR_NEWER
-define:USE_INPUT_SYSTEM_POSE_CONTROL
-define:UNITY_POST_PROCESSING_STACK_V2
-define:USE_STICK_CONTROL_THUMBSTICKS
-define:CSHARP_7_OR_LATER
-define:CSHARP_7_3_OR_NEWER
-r:"/home/asif/Unity/Hub/Editor/6000.5.10f1/Editor/Data/BCLExtensions/TargetingPacks/netstandard2.1/ref/Microsoft.Bcl.AsyncInterfaces.dll"
-r:"/home/asif/Unity/Hub/Editor/6000.5.10f1/Editor/Data/BCLExtensions/TargetingPacks/netstandard2.1/ref/Microsoft.Extensions.DependencyInjection.Abstractions.dll"
-r:"/home/asif/Unity/Hub/Editor/6000.5.10f1/Editor/Data/BCLExtensions/TargetingPacks/netstandard2.1/ref/Microsoft.Extensions.Logging.Abstractions.dll"
-r:"/home/asif/Unity/Hub/Editor/6000.5.10f1/Editor/Data/BCLExtensions/TargetingPacks/netstandard2.1/ref/System.Collections.Immutable.dll"
-r:"/home/asif/Unity/Hub/Editor/6000.5.10f1/Editor/Data/BCLExtensions/TargetingPacks/netstandard2.1/ref/System.Diagnostics.DiagnosticSource.dll"
-r:"/home/asif/Unity/Hub/Editor/6000.5.10f1/Editor/Data/BCLExtensions/TargetingPacks/netstandard2.1/ref/System.IO.Hashing.dll"
-r:"/home/asif/Unity/Hub/Editor/6000.5.10f1/Editor/Data/BCLExtensions/TargetingPacks/netstandard2.1/ref/System.Reflection.Metadata.dll"
-r:"/home/asif/Unity/Hub/Editor/6000.5.10f1/Editor/Data/BCLExtensions/TargetingPacks/netstandard2.1/ref/System.Runtime.CompilerServices.Unsafe.dll"
-r:"/home/asif/Unity/Hub/Editor/6000.5.10f1/Editor/Data/BCLExtensions/TargetingPacks/netstandard2.1/ref/System.Text.Encodings.Web.dll"
-r:"/home/asif/Unity/Hub/Editor/6000.5.10f1/Editor/Data/BCLExtensions/TargetingPacks/netstandard2.1/ref/System.Text.Json.dll"
-r:"/home/asif/Unity/Hub/Editor/6000.5.10f1/Editor/Data/Managed/UnityEngine/Unity.Scripting.dll"
-r:"/home/asif/Unity/Hub/Editor/6000.5.10f1/Editor/Data/Managed/UnityEngine/UnityEditor.AIModule.dll"
-r:"/home/asif/Unity/Hub/Editor/6000.5.10f1/Editor/Data/Managed/UnityEngine/UnityEditor.AccessibilityModule.dll"
-r:"/home/asif/Unity/Hub/Editor/6000.5.10f1/Editor/Data/Managed/UnityEngine/UnityEditor.AdaptivePerformanceModule.dll"
-r:"/home/asif/Unity/Hub/Editor/6000.5.10f1/Editor/Data/Managed/UnityEngine/UnityEditor.AssetComplianceModule.dll"
-r:"/home/asif/Unity/Hub/Editor/6000.5.10f1/Editor/Data/Managed/UnityEngine/UnityEditor.BuildProfileModule.dll"
-r:"/home/asif/Unity/Hub/Editor/6000.5.10f1/Editor/Data/Managed/UnityEngine/UnityEditor.ClothModule.dll"
-r:"/home/asif/Unity/Hub/Editor/6000.5.10f1/Editor/Data/Managed/UnityEngine/UnityEditor.ContentLoadModule.dll"
-r:"/home/asif/Unity/Hub/Editor/6000.5.10f1/Editor/Data/Managed/UnityEngine/UnityEditor.CoreBusinessMetricsModule.dll"
-r:"/home/asif/Unity/Hub/Editor/6000.5.10f1/Editor/Data/Managed/UnityEngine/UnityEditor.CoreModule.dll"
-r:"/home/asif/Unity/Hub/Editor/6000.5.10f1/Editor/Data/Managed/UnityEngine/UnityEditor.DeviceSimulatorModule.dll"
-r:"/home/asif/Unity/Hub/Editor/6000.5.10f1/Editor/Data/Managed/UnityEngine/UnityEditor.DiagnosticsModule.dll"
-r:"/home/asif/Unity/Hub/Editor/6000.5.10f1/Editor/Data/Managed/UnityEngine/UnityEditor.EditorToolbarModule.dll"
-r:"/home/asif/Unity/Hub/Editor/6000.5.10f1/Editor/Data/Managed/UnityEngine/UnityEditor.EmbreeModule.dll"
-r:"/home/asif/Unity/Hub/Editor/6000.5.10f1/Editor/Data/Managed/UnityEngine/UnityEditor.GIModule.dll"
-r:"/home/asif/Unity/Hub/Editor/6000.5.10f1/Editor/Data/Managed/UnityEngine/UnityEditor.GenericRemoteModule.dll"
-r:"/home/asif/Unity/Hub/Editor/6000.5.10f1/Editor/Data/Managed/UnityEngine/UnityEditor.GraphToolkitModule.dll"
-r:"/home/asif/Unity/Hub/Editor/6000.5.10f1/Editor/Data/Managed/UnityEngine/UnityEditor.GraphViewModule.dll"
-r:"/home/asif/Unity/Hub/Editor/6000.5.10f1/Editor/Data/Managed/UnityEngine/UnityEditor.GraphicsStateCollectionSerializerModule.dll"
-r:"/home/asif/Unity/Hub/Editor/6000.5.10f1/Editor/Data/Managed/UnityEngine/UnityEditor.GridAndSnapModule.dll"
-r:"/home/asif/Unity/Hub/Editor/6000.5.10f1/Editor/Data/Managed/UnityEngine/UnityEditor.GridModule.dll"
-r:"/home/asif/Unity/Hub/Editor/6000.5.10f1/Editor/Data/Managed/UnityEngine/UnityEditor.HierarchyModule.dll"
-r:"/home/asif/Unity/Hub/Editor/6000.5.10f1/Editor/Data/Managed/UnityEngine/UnityEditor.LightingModule.dll"
-r:"/home/asif/Unity/Hub/Editor/6000.5.10f1/Editor/Data/Managed/UnityEngine/UnityEditor.MathematicsModule.dll"
-r:"/home/asif/Unity/Hub/Editor/6000.5.10f1/Editor/Data/Managed/UnityEngine/UnityEditor.MediaModule.dll"
-r:"/home/asif/Unity/Hub/Editor/6000.5.10f1/Editor/Data/Managed/UnityEngine/UnityEditor.MultiplayerModule.dll"
-r:"/home/asif/Unity/Hub/Editor/6000.5.10f1/Editor/Data/Managed/UnityEngine/UnityEditor.Physics2DModule.dll"
-r:"/home/asif/Unity/Hub/Editor/6000.5.10f1/Editor/Data/Managed/UnityEngine/UnityEditor.PhysicsCore2DModule.dll"
-r:"/home/asif/Unity/Hub/Editor/6000.5.10f1/Editor/Data/Managed/UnityEngine/UnityEditor.PhysicsModule.dll"
-r:"/home/asif/Unity/Hub/Editor/6000.5.10f1/Editor/Data/Managed/UnityEngine/UnityEditor.PlayModeModule.dll"
-r:"/home/asif/Unity/Hub/Editor/6000.5.10f1/Editor/Data/Managed/UnityEngine/UnityEditor.PresetsUIModule.dll"
-r:"/home/asif/Unity/Hub/Editor/6000.5.10f1/Editor/Data/Managed/UnityEngine/UnityEditor.ProjectAuditorModule.dll"
-r:"/home/asif/Unity/Hub/Editor/6000.5.10f1/Editor/Data/Managed/UnityEngine/UnityEditor.PropertiesModule.dll"
-r:"/home/asif/Unity/Hub/Editor/6000.5.10f1/Editor/Data/Managed/UnityEngine/UnityEditor.QuickInstallModule.dll"
-r:"/home/asif/Unity/Hub/Editor/6000.5.10f1/Editor/Data/Managed/UnityEngine/UnityEditor.QuickSearchModule.dll"
-r:"/home/asif/Unity/Hub/Editor/6000.5.10f1/Editor/Data/Managed/UnityEngine/UnityEditor.SafeModeModule.dll"
-r:"/home/asif/Unity/Hub/Editor/6000.5.10f1/Editor/Data/Managed/UnityEngine/UnityEditor.SceneTemplateModule.dll"
-r:"/home/asif/Unity/Hub/Editor/6000.5.10f1/Editor/Data/Managed/UnityEngine/UnityEditor.SceneViewModule.dll"
-r:"/home/asif/Unity/Hub/Editor/6000.5.10f1/Editor/Data/Managed/UnityEngine/UnityEditor.ShaderBuildSettingsModule.dll"
-r:"/home/asif/Unity/Hub/Editor/6000.5.10f1/Editor/Data/Managed/UnityEngine/UnityEditor.ShaderCompilationModule.dll"
-r:"/home/asif/Unity/Hub/Editor/6000.5.10f1/Editor/Data/Managed/UnityEngine/UnityEditor.ShaderFoundryModule.dll"
-r:"/home/asif/Unity/Hub/Editor/6000.5.10f1/Editor/Data/Managed/UnityEngine/UnityEditor.SketchUpModule.dll"
-r:"/home/asif/Unity/Hub/Editor/6000.5.10f1/Editor/Data/Managed/UnityEngine/UnityEditor.SpriteMaskModule.dll"
-r:"/home/asif/Unity/Hub/Editor/6000.5.10f1/Editor/Data/Managed/UnityEngine/UnityEditor.SpriteShapeModule.dll"
-r:"/home/asif/Unity/Hub/Editor/6000.5.10f1/Editor/Data/Managed/UnityEngine/UnityEditor.SubstanceModule.dll"
-r:"/home/asif/Unity/Hub/Editor/6000.5.10f1/Editor/Data/Managed/UnityEngine/UnityEditor.TerrainModule.dll"
-r:"/home/asif/Unity/Hub/Editor/6000.5.10f1/Editor/Data/Managed/UnityEngine/UnityEditor.TextCoreFontEngineModule.dll"
-r:"/home/asif/Unity/Hub/Editor/6000.5.10f1/Editor/Data/Managed/UnityEngine/UnityEditor.TextCoreTextEngineModule.dll"
-r:"/home/asif/Unity/Hub/Editor/6000.5.10f1/Editor/Data/Managed/UnityEngine/UnityEditor.TextRenderingModule.dll"
-r:"/home/asif/Unity/Hub/Editor/6000.5.10f1/Editor/Data/Managed/UnityEngine/UnityEditor.TilemapModule.dll"
-r:"/home/asif/Unity/Hub/Editor/6000.5.10f1/Editor/Data/Managed/UnityEngine/UnityEditor.TreeModule.dll"
-r:"/home/asif/Unity/Hub/Editor/6000.5.10f1/Editor/Data/Managed/UnityEngine/UnityEditor.U2DModule.dll"
-r:"/home/asif/Unity/Hub/Editor/6000.5.10f1/Editor/Data/Managed/UnityEngine/UnityEditor.UIAutomationModule.dll"
-r:"/home/asif/Unity/Hub/Editor/6000.5.10f1/Editor/Data/Managed/UnityEngine/UnityEditor.UIBuilderModule.dll"
-r:"/home/asif/Unity/Hub/Editor/6000.5.10f1/Editor/Data/Managed/UnityEngine/UnityEditor.UIElementsModule.dll"
-r:"/home/asif/Unity/Hub/Editor/6000.5.10f1/Editor/Data/Managed/UnityEngine/UnityEditor.UIElementsSamplesModule.dll"
-r:"/home/asif/Unity/Hub/Editor/6000.5.10f1/Editor/Data/Managed/UnityEngine/UnityEditor.UIToolkitAuthoringModule.dll"
-r:"/home/asif/Unity/Hub/Editor/6000.5.10f1/Editor/Data/Managed/UnityEngine/UnityEditor.UmbraModule.dll"
-r:"/home/asif/Unity/Hub/Editor/6000.5.10f1/Editor/Data/Managed/UnityEngine/UnityEditor.UnityConnectModule.dll"
-r:"/home/asif/Unity/Hub/Editor/6000.5.10f1/Editor/Data/Managed/UnityEngine/UnityEditor.VFXModule.dll"
-r:"/home/asif/Unity/Hub/Editor/6000.5.10f1/Editor/Data/Managed/UnityEngine/UnityEditor.VectorGraphicsModule.dll"
-r:"/home/asif/Unity/Hub/Editor/6000.5.10f1/Editor/Data/Managed/UnityEngine/UnityEditor.VideoModule.dll"
-r:"/home/asif/Unity/Hub/Editor/6000.5.10f1/Editor/Data/Managed/UnityEngine/UnityEditor.XRModule.dll"
-r:"/home/asif/Unity/Hub/Editor/6000.5.10f1/Editor/Data/Managed/UnityEngine/UnityEditor.dll"
-r:"/home/asif/Unity/Hub/Editor/6000.5.10f1/Editor/Data/Managed/UnityEngine/UnityEngine.AIModule.dll"
-r:"/home/asif/Unity/Hub/Editor/6000.5.10f1/Editor/Data/Managed/UnityEngine/UnityEngine.AccessibilityModule.dll"
-r:"/home/asif/Unity/Hub/Editor/6000.5.10f1/Editor/Data/Managed/UnityEngine/UnityEngine.AdaptivePerformanceModule.dll"
-r:"/home/asif/Unity/Hub/Editor/6000.5.10f1/Editor/Data/Managed/UnityEngine/UnityEngine.AndroidJNIModule.dll"
-r:"/home/asif/Unity/Hub/Editor/6000.5.10f1/Editor/Data/Managed/UnityEngine/UnityEngine.AnimationModule.dll"
-r:"/home/asif/Unity/Hub/Editor/6000.5.10f1/Editor/Data/Managed/UnityEngine/UnityEngine.AssetBundleModule.dll"
-r:"/home/asif/Unity/Hub/Editor/6000.5.10f1/Editor/Data/Managed/UnityEngine/UnityEngine.AudioModule.dll"
-r:"/home/asif/Unity/Hub/Editor/6000.5.10f1/Editor/Data/Managed/UnityEngine/UnityEngine.ClothModule.dll"
-r:"/home/asif/Unity/Hub/Editor/6000.5.10f1/Editor/Data/Managed/UnityEngine/UnityEngine.ClusterInputModule.dll"
-r:"/home/asif/Unity/Hub/Editor/6000.5.10f1/Editor/Data/Managed/UnityEngine/UnityEngine.ClusterRendererModule.dll"
-r:"/home/asif/Unity/Hub/Editor/6000.5.10f1/Editor/Data/Managed/UnityEngine/UnityEngine.ContentLoadModule.dll"
-r:"/home/asif/Unity/Hub/Editor/6000.5.10f1/Editor/Data/Managed/UnityEngine/UnityEngine.CoreModule.dll"
-r:"/home/asif/Unity/Hub/Editor/6000.5.10f1/Editor/Data/Managed/UnityEngine/UnityEngine.CrashReportingModule.dll"
-r:"/home/asif/Unity/Hub/Editor/6000.5.10f1/Editor/Data/Managed/UnityEngine/UnityEngine.DSPGraphModule.dll"
-r:"/home/asif/Unity/Hub/Editor/6000.5.10f1/Editor/Data/Managed/UnityEngine/UnityEngine.DirectorModule.dll"
-r:"/home/asif/Unity/Hub/Editor/6000.5.10f1/Editor/Data/Managed/UnityEngine/UnityEngine.GIModule.dll"
-r:"/home/asif/Unity/Hub/Editor/6000.5.10f1/Editor/Data/Managed/UnityEngine/UnityEngine.GameCenterModule.dll"
-r:"/home/asif/Unity/Hub/Editor/6000.5.10f1/Editor/Data/Managed/UnityEngine/UnityEngine.GraphicsStateCollectionSerializerModule.dll"
-r:"/home/asif/Unity/Hub/Editor/6000.5.10f1/Editor/Data/Managed/UnityEngine/UnityEngine.GridModule.dll"
-r:"/home/asif/Unity/Hub/Editor/6000.5.10f1/Editor/Data/Managed/UnityEngine/UnityEngine.HierarchyCoreModule.dll"
-r:"/home/asif/Unity/Hub/Editor/6000.5.10f1/Editor/Data/Managed/UnityEngine/UnityEngine.HotReloadModule.dll"
-r:"/home/asif/Unity/Hub/Editor/6000.5.10f1/Editor/Data/Managed/UnityEngine/UnityEngine.IMGUIModule.dll"
-r:"/home/asif/Unity/Hub/Editor/6000.5.10f1/Editor/Data/Managed/UnityEngine/UnityEngine.IdentifiersModule.dll"
-r:"/home/asif/Unity/Hub/Editor/6000.5.10f1/Editor/Data/Managed/UnityEngine/UnityEngine.ImageConversionModule.dll"
-r:"/home/asif/Unity/Hub/Editor/6000.5.10f1/Editor/Data/Managed/UnityEngine/UnityEngine.InputForUIModule.dll"
-r:"/home/asif/Unity/Hub/Editor/6000.5.10f1/Editor/Data/Managed/UnityEngine/UnityEngine.InputLegacyModule.dll"
-r:"/home/asif/Unity/Hub/Editor/6000.5.10f1/Editor/Data/Managed/UnityEngine/UnityEngine.InputModule.dll"
-r:"/home/asif/Unity/Hub/Editor/6000.5.10f1/Editor/Data/Managed/UnityEngine/UnityEngine.JSONSerializeModule.dll"
-r:"/home/asif/Unity/Hub/Editor/6000.5.10f1/Editor/Data/Managed/UnityEngine/UnityEngine.LocalizationModule.dll"
-r:"/home/asif/Unity/Hub/Editor/6000.5.10f1/Editor/Data/Managed/UnityEngine/UnityEngine.MarshallingModule.dll"
-r:"/home/asif/Unity/Hub/Editor/6000.5.10f1/Editor/Data/Managed/UnityEngine/UnityEngine.MathematicsModule.dll"
-r:"/home/asif/Unity/Hub/Editor/6000.5.10f1/Editor/Data/Managed/UnityEngine/UnityEngine.MultiplayerModule.dll"
-r:"/home/asif/Unity/Hub/Editor/6000.5.10f1/Editor/Data/Managed/UnityEngine/UnityEngine.ParticleSystemModule.dll"
-r:"/home/asif/Unity/Hub/Editor/6000.5.10f1/Editor/Data/Managed/UnityEngine/UnityEngine.PerformanceReportingModule.dll"
-r:"/home/asif/Unity/Hub/Editor/6000.5.10f1/Editor/Data/Managed/UnityEngine/UnityEngine.Physics2DModule.dll"
-r:"/home/asif/Unity/Hub/Editor/6000.5.10f1/Editor/Data/Managed/UnityEngine/UnityEngine.PhysicsBackendPhysXModule.dll"
-r:"/home/asif/Unity/Hub/Editor/6000.5.10f1/Editor/Data/Managed/UnityEngine/UnityEngine.PhysicsCore2DModule.dll"
-r:"/home/asif/Unity/Hub/Editor/6000.5.10f1/Editor/Data/Managed/UnityEngine/UnityEngine.PhysicsModule.dll"
-r:"/home/asif/Unity/Hub/Editor/6000.5.10f1/Editor/Data/Managed/UnityEngine/UnityEngine.PropertiesModule.dll"
-r:"/home/asif/Unity/Hub/Editor/6000.5.10f1/Editor/Data/Managed/UnityEngine/UnityEngine.RenderAs2DModule.dll"
-r:"/home/asif/Unity/Hub/Editor/6000.5.10f1/Editor/Data/Managed/UnityEngine/UnityEngine.RuntimeInitializeOnLoadManagerInitializerModule.dll"
-r:"/home/asif/Unity/Hub/Editor/6000.5.10f1/Editor/Data/Managed/UnityEngine/UnityEngine.ScreenCaptureModule.dll"
-r:"/home/asif/Unity/Hub/Editor/6000.5.10f1/Editor/Data/Managed/UnityEngine/UnityEngine.ScriptingModule.dll"
-r:"/home/asif/Unity/Hub/Editor/6000.5.10f1/Editor/Data/Managed/UnityEngine/UnityEngine.ShaderVariantAnalyticsModule.dll"
-r:"/home/asif/Unity/Hub/Editor/6000.5.10f1/Editor/Data/Managed/UnityEngine/UnityEngine.SharedInternalsModule.dll"
-r:"/home/asif/Unity/Hub/Editor/6000.5.10f1/Editor/Data/Managed/UnityEngine/UnityEngine.SpriteMaskModule.dll"
-r:"/home/asif/Unity/Hub/Editor/6000.5.10f1/Editor/Data/Managed/UnityEngine/UnityEngine.SpriteShapeModule.dll"
-r:"/home/asif/Unity/Hub/Editor/6000.5.10f1/Editor/Data/Managed/UnityEngine/UnityEngine.StreamingModule.dll"
-r:"/home/asif/Unity/Hub/Editor/6000.5.10f1/Editor/Data/Managed/UnityEngine/UnityEngine.SubstanceModule.dll"
-r:"/home/asif/Unity/Hub/Editor/6000.5.10f1/Editor/Data/Managed/UnityEngine/UnityEngine.SubsystemsModule.dll"
-r:"/home/asif/Unity/Hub/Editor/6000.5.10f1/Editor/Data/Managed/UnityEngine/UnityEngine.TLSModule.dll"
-r:"/home/asif/Unity/Hub/Editor/6000.5.10f1/Editor/Data/Managed/UnityEngine/UnityEngine.TerrainModule.dll"
-r:"/home/asif/Unity/Hub/Editor/6000.5.10f1/Editor/Data/Managed/UnityEngine/UnityEngine.TerrainPhysicsModule.dll"
-r:"/home/asif/Unity/Hub/Editor/6000.5.10f1/Editor/Data/Managed/UnityEngine/UnityEngine.TextCoreFontEngineModule.dll"
-r:"/home/asif/Unity/Hub/Editor/6000.5.10f1/Editor/Data/Managed/UnityEngine/UnityEngine.TextCoreTextEngineModule.dll"
-r:"/home/asif/Unity/Hub/Editor/6000.5.10f1/Editor/Data/Managed/UnityEngine/UnityEngine.TextRenderingModule.dll"
-r:"/home/asif/Unity/Hub/Editor/6000.5.10f1/Editor/Data/Managed/UnityEngine/UnityEngine.TilemapModule.dll"
-r:"/home/asif/Unity/Hub/Editor/6000.5.10f1/Editor/Data/Managed/UnityEngine/UnityEngine.U2DRuntimeModule.dll"
-r:"/home/asif/Unity/Hub/Editor/6000.5.10f1/Editor/Data/Managed/UnityEngine/UnityEngine.UIElementsModule.dll"
-r:"/home/asif/Unity/Hub/Editor/6000.5.10f1/Editor/Data/Managed/UnityEngine/UnityEngine.UIModule.dll"
-r:"/home/asif/Unity/Hub/Editor/6000.5.10f1/Editor/Data/Managed/UnityEngine/UnityEngine.UmbraModule.dll"
-r:"/home/asif/Unity/Hub/Editor/6000.5.10f1/Editor/Data/Managed/UnityEngine/UnityEngine.UnityAnalyticsCommonModule.dll"
-r:"/home/asif/Unity/Hub/Editor/6000.5.10f1/Editor/Data/Managed/UnityEngine/UnityEngine.UnityAnalyticsModule.dll"
-r:"/home/asif/Unity/Hub/Editor/6000.5.10f1/Editor/Data/Managed/UnityEngine/UnityEngine.UnityConnectModule.dll"
-r:"/home/asif/Unity/Hub/Editor/6000.5.10f1/Editor/Data/Managed/UnityEngine/UnityEngine.UnityConsentModule.dll"
-r:"/home/asif/Unity/Hub/Editor/6000.5.10f1/Editor/Data/Managed/UnityEngine/UnityEngine.UnityCurlModule.dll"
-r:"/home/asif/Unity/Hub/Editor/6000.5.10f1/Editor/Data/Managed/UnityEngine/UnityEngine.UnityWebRequestAssetBundleModule.dll"
-r:"/home/asif/Unity/Hub/Editor/6000.5.10f1/Editor/Data/Managed/UnityEngine/UnityEngine.UnityWebRequestAudioModule.dll"
-r:"/home/asif/Unity/Hub/Editor/6000.5.10f1/Editor/Data/Managed/UnityEngine/UnityEngine.UnityWebRequestModule.dll"
-r:"/home/asif/Unity/Hub/Editor/6000.5.10f1/Editor/Data/Managed/UnityEngine/UnityEngine.UnityWebRequestTextureModule.dll"
-r:"/home/asif/Unity/Hub/Editor/6000.5.10f1/Editor/Data/Managed/UnityEngine/UnityEngine.UnityWebRequestWWWModule.dll"
-r:"/home/asif/Unity/Hub/Editor/6000.5.10f1/Editor/Data/Managed/UnityEngine/UnityEngine.VFXModule.dll"
-r:"/home/asif/Unity/Hub/Editor/6000.5.10f1/Editor/Data/Managed/UnityEngine/UnityEngine.VectorGraphicsModule.dll"
-r:"/home/asif/Unity/Hub/Editor/6000.5.10f1/Editor/Data/Managed/UnityEngine/UnityEngine.VehiclesModule.dll"
-r:"/home/asif/Unity/Hub/Editor/6000.5.10f1/Editor/Data/Managed/UnityEngine/UnityEngine.VideoModule.dll"
-r:"/home/asif/Unity/Hub/Editor/6000.5.10f1/Editor/Data/Managed/UnityEngine/UnityEngine.VirtualTexturingModule.dll"
-r:"/home/asif/Unity/Hub/Editor/6000.5.10f1/Editor/Data/Managed/UnityEngine/UnityEngine.WindModule.dll"
-r:"/home/asif/Unity/Hub/Editor/6000.5.10f1/Editor/Data/Managed/UnityEngine/UnityEngine.XRModule.dll"
-r:"/home/asif/Unity/Hub/Editor/6000.5.10f1/Editor/Data/Managed/UnityEngine/UnityEngine.dll"
-r:"/home/asif/Unity/Hub/Editor/6000.5.10f1/Editor/Data/NetStandard/Extensions/2.0.0/System.Runtime.InteropServices.WindowsRuntime.dll"
-r:"/home/asif/Unity/Hub/Editor/6000.5.10f1/Editor/Data/NetStandard/compat/2.1.0/shims/netfx/System.ComponentModel.Composition.dll"
-r:"/home/asif/Unity/Hub/Editor/6000.5.10f1/Editor/Data/NetStandard/compat/2.1.0/shims/netfx/System.Core.dll"
-r:"/home/asif/Unity/Hub/Editor/6000.5.10f1/Editor/Data/NetStandard/compat/2.1.0/shims/netfx/System.Data.dll"
-r:"/home/asif/Unity/Hub/Editor/6000.5.10f1/Editor/Data/NetStandard/compat/2.1.0/shims/netfx/System.Drawing.dll"
-r:"/home/asif/Unity/Hub/Editor/6000.5.10f1/Editor/Data/NetStandard/compat/2.1.0/shims/netfx/System.IO.Compression.FileSystem.dll"
-r:"/home/asif/Unity/Hub/Editor/6000.5.10f1/Editor/Data/NetStandard/compat/2.1.0/shims/netfx/System.Net.dll"
-r:"/home/asif/Unity/Hub/Editor/6000.5.10f1/Editor/Data/NetStandard/compat/2.1.0/shims/netfx/System.Numerics.dll"
-r:"/home/asif/Unity/Hub/Editor/6000.5.10f1/Editor/Data/NetStandard/compat/2.1.0/shims/netfx/System.Runtime.Serialization.dll"
-r:"/home/asif/Unity/Hub/Editor/6000.5.10f1/Editor/Data/NetStandard/compat/2.1.0/shims/netfx/System.ServiceModel.Web.dll"
-r:"/home/asif/Unity/Hub/Editor/6000.5.10f1/Editor/Data/NetStandard/compat/2.1.0/shims/netfx/System.Transactions.dll"
-r:"/home/asif/Unity/Hub/Editor/6000.5.10f1/Editor/Data/NetStandard/compat/2.1.0/shims/netfx/System.Web.dll"
-r:"/home/asif/Unity/Hub/Editor/6000.5.10f1/Editor/Data/NetStandard/compat/2.1.0/shims/netfx/System.Windows.dll"
-r:"/home/asif/Unity/Hub/Editor/6000.5.10f1/Editor/Data/NetStandard/compat/2.1.0/shims/netfx/System.Xml.Linq.dll"
-r:"/home/asif/Unity/Hub/Editor/6000.5.10f1/Editor/Data/NetStandard/compat/2.1.0/shims/netfx/System.Xml.Serialization.dll"
-r:"/home/asif/Unity/Hub/Editor/6000.5.10f1/Editor/Data/NetStandard/compat/2.1.0/shims/netfx/System.Xml.dll"
-r:"/home/asif/Unity/Hub/Editor/6000.5.10f1/Editor/Data/NetStandard/compat/2.1.0/shims/netfx/System.dll"
-r:"/home/asif/Unity/Hub/Editor/6000.5.10f1/Editor/Data/NetStandard/compat/2.1.0/shims/netfx/mscorlib.dll"
-r:"/home/asif/Unity/Hub/Editor/6000.5.10f1/Editor/Data/NetStandard/compat/2.1.0/shims/netstandard/Microsoft.Win32.Primitives.dll"
-r:"/home/asif/Unity/Hub/Editor/6000.5.10f1/Editor/Data/NetStandard/compat/2.1.0/shims/netstandard/System.AppContext.dll"
-r:"/home/asif/Unity/Hub/Editor/6000.5.10f1/Editor/Data/NetStandard/compat/2.1.0/shims/netstandard/System.Buffers.dll"
-r:"/home/asif/Unity/Hub/Editor/6000.5.10f1/Editor/Data/NetStandard/compat/2.1.0/shims/netstandard/System.Collections.Concurrent.dll"
-r:"/home/asif/Unity/Hub/Editor/6000.5.10f1/Editor/Data/NetStandard/compat/2.1.0/shims/netstandard/System.Collections.NonGeneric.dll"
-r:"/home/asif/Unity/Hub/Editor/6000.5.10f1/Editor/Data/NetStandard/compat/2.1.0/shims/netstandard/System.Collections.Specialized.dll"
-r:"/home/asif/Unity/Hub/Editor/6000.5.10f1/Editor/Data/NetStandard/compat/2.1.0/shims/netstandard/System.Collections.dll"
-r:"/home/asif/Unity/Hub/Editor/6000.5.10f1/Editor/Data/NetStandard/compat/2.1.0/shims/netstandard/System.ComponentModel.EventBasedAsync.dll"
-r:"/home/asif/Unity/Hub/Editor/6000.5.10f1/Editor/Data/NetStandard/compat/2.1.0/shims/netstandard/System.ComponentModel.Primitives.dll"
-r:"/home/asif/Unity/Hub/Editor/6000.5.10f1/Editor/Data/NetStandard/compat/2.1.0/shims/netstandard/System.ComponentModel.TypeConverter.dll"
-r:"/home/asif/Unity/Hub/Editor/6000.5.10f1/Editor/Data/NetStandard/compat/2.1.0/shims/netstandard/System.ComponentModel.dll"
-r:"/home/asif/Unity/Hub/Editor/6000.5.10f1/Editor/Data/NetStandard/compat/2.1.0/shims/netstandard/System.Console.dll"
-r:"/home/asif/Unity/Hub/Editor/6000.5.10f1/Editor/Data/NetStandard/compat/2.1.0/shims/netstandard/System.Data.Common.dll"
-r:"/home/asif/Unity/Hub/Editor/6000.5.10f1/Editor/Data/NetStandard/compat/2.1.0/shims/netstandard/System.Diagnostics.Contracts.dll"
-r:"/home/asif/Unity/Hub/Editor/6000.5.10f1/Editor/Data/NetStandard/compat/2.1.0/shims/netstandard/System.Diagnostics.Debug.dll"
-r:"/home/asif/Unity/Hub/Editor/6000.5.10f1/Editor/Data/NetStandard/compat/2.1.0/shims/netstandard/System.Diagnostics.FileVersionInfo.dll"
-r:"/home/asif/Unity/Hub/Editor/6000.5.10f1/Editor/Data/NetStandard/compat/2.1.0/shims/netstandard/System.Diagnostics.Process.dll"
-r:"/home/asif/Unity/Hub/Editor/6000.5.10f1/Editor/Data/NetStandard/compat/2.1.0/shims/netstandard/System.Diagnostics.StackTrace.dll"
-r:"/home/asif/Unity/Hub/Editor/6000.5.10f1/Editor/Data/NetStandard/compat/2.1.0/shims/netstandard/System.Diagnostics.TextWriterTraceListener.dll"
-r:"/home/asif/Unity/Hub/Editor/6000.5.10f1/Editor/Data/NetStandard/compat/2.1.0/shims/netstandard/System.Diagnostics.Tools.dll"
-r:"/home/asif/Unity/Hub/Editor/6000.5.10f1/Editor/Data/NetStandard/compat/2.1.0/shims/netstandard/System.Diagnostics.TraceSource.dll"
-r:"/home/asif/Unity/Hub/Editor/6000.5.10f1/Editor/Data/NetStandard/compat/2.1.0/shims/netstandard/System.Diagnostics.Tracing.dll"
-r:"/home/asif/Unity/Hub/Editor/6000.5.10f1/Editor/Data/NetStandard/compat/2.1.0/shims/netstandard/System.Drawing.Primitives.dll"
-r:"/home/asif/Unity/Hub/Editor/6000.5.10f1/Editor/Data/NetStandard/compat/2.1.0/shims/netstandard/System.Dynamic.Runtime.dll"
-r:"/home/asif/Unity/Hub/Editor/6000.5.10f1/Editor/Data/NetStandard/compat/2.1.0/shims/netstandard/System.Globalization.Calendars.dll"
-r:"/home/asif/Unity/Hub/Editor/6000.5.10f1/Editor/Data/NetStandard/compat/2.1.0/shims/netstandard/System.Globalization.Extensions.dll"
-r:"/home/asif/Unity/Hub/Editor/6000.5.10f1/Editor/Data/NetStandard/compat/2.1.0/shims/netstandard/System.Globalization.dll"
-r:"/home/asif/Unity/Hub/Editor/6000.5.10f1/Editor/Data/NetStandard/compat/2.1.0/shims/netstandard/System.IO.Compression.ZipFile.dll"
-r:"/home/asif/Unity/Hub/Editor/6000.5.10f1/Editor/Data/NetStandard/compat/2.1.0/shims/netstandard/System.IO.Compression.dll"
-r:"/home/asif/Unity/Hub/Editor/6000.5.10f1/Editor/Data/NetStandard/compat/2.1.0/shims/netstandard/System.IO.FileSystem.DriveInfo.dll"
-r:"/home/asif/Unity/Hub/Editor/6000.5.10f1/Editor/Data/NetStandard/compat/2.1.0/shims/netstandard/System.IO.FileSystem.Primitives.dll"
-r:"/home/asif/Unity/Hub/Editor/6000.5.10f1/Editor/Data/NetStandard/compat/2.1.0/shims/netstandard/System.IO.FileSystem.Watcher.dll"
-r:"/home/asif/Unity/Hub/Editor/6000.5.10f1/Editor/Data/NetStandard/compat/2.1.0/shims/netstandard/System.IO.FileSystem.dll"
-r:"/home/asif/Unity/Hub/Editor/6000.5.10f1/Editor/Data/NetStandard/compat/2.1.0/shims/netstandard/System.IO.IsolatedStorage.dll"
-r:"/home/asif/Unity/Hub/Editor/6000.5.10f1/Editor/Data/NetStandard/compat/2.1.0/shims/netstandard/System.IO.MemoryMappedFiles.dll"
-r:"/home/asif/Unity/Hub/Editor/6000.5.10f1/Editor/Data/NetStandard/compat/2.1.0/shims/netstandard/System.IO.Pipes.dll"
-r:"/home/asif/Unity/Hub/Editor/6000.5.10f1/Editor/Data/NetStandard/compat/2.1.0/shims/netstandard/System.IO.UnmanagedMemoryStream.dll"
-r:"/home/asif/Unity/Hub/Editor/6000.5.10f1/Editor/Data/NetStandard/compat/2.1.0/shims/netstandard/System.IO.dll"
-r:"/home/asif/Unity/Hub/Editor/6000.5.10f1/Editor/Data/NetStandard/compat/2.1.0/shims/netstandard/System.Linq.Expressions.dll"
-r:"/home/asif/Unity/Hub/Editor/6000.5.10f1/Editor/Data/NetStandard/compat/2.1.0/shims/netstandard/System.Linq.Parallel.dll"
-r:"/home/asif/Unity/Hub/Editor/6000.5.10f1/Editor/Data/NetStandard/compat/2.1.0/shims/netstandard/System.Linq.Queryable.dll"
-r:"/home/asif/Unity/Hub/Editor/6000.5.10f1/Editor/Data/NetStandard/compat/2.1.0/shims/netstandard/System.Linq.dll"
-r:"/home/asif/Unity/Hub/Editor/6000.5.10f1/Editor/Data/NetStandard/compat/2.1.0/shims/netstandard/System.Memory.dll"
-r:"/home/asif/Unity/Hub/Editor/6000.5.10f1/Editor/Data/NetStandard/compat/2.1.0/shims/netstandard/System.Net.Http.dll"
-r:"/home/asif/Unity/Hub/Editor/6000.5.10f1/Editor/Data/NetStandard/compat/2.1.0/shims/netstandard/System.Net.NameResolution.dll"
-r:"/home/asif/Unity/Hub/Editor/6000.5.10f1/Editor/Data/NetStandard/compat/2.1.0/shims/netstandard/System.Net.NetworkInformation.dll"
-r:"/home/asif/Unity/Hub/Editor/6000.5.10f1/Editor/Data/NetStandard/compat/2.1.0/shims/netstandard/System.Net.Ping.dll"
-r:"/home/asif/Unity/Hub/Editor/6000.5.10f1/Editor/Data/NetStandard/compat/2.1.0/shims/netstandard/System.Net.Primitives.dll"
-r:"/home/asif/Unity/Hub/Editor/6000.5.10f1/Editor/Data/NetStandard/compat/2.1.0/shims/netstandard/System.Net.Requests.dll"
-r:"/home/asif/Unity/Hub/Editor/6000.5.10f1/Editor/Data/NetStandard/compat/2.1.0/shims/netstandard/System.Net.Security.dll"
-r:"/home/asif/Unity/Hub/Editor/6000.5.10f1/Editor/Data/NetStandard/compat/2.1.0/shims/netstandard/System.Net.Sockets.dll"
-r:"/home/asif/Unity/Hub/Editor/6000.5.10f1/Editor/Data/NetStandard/compat/2.1.0/shims/netstandard/System.Net.WebHeaderCollection.dll"
-r:"/home/asif/Unity/Hub/Editor/6000.5.10f1/Editor/Data/NetStandard/compat/2.1.0/shims/netstandard/System.Net.WebSockets.Client.dll"
-r:"/home/asif/Unity/Hub/Editor/6000.5.10f1/Editor/Data/NetStandard/compat/2.1.0/shims/netstandard/System.Net.WebSockets.dll"
-r:"/home/asif/Unity/Hub/Editor/6000.5.10f1/Editor/Data/NetStandard/compat/2.1.0/shims/netstandard/System.Numerics.Vectors.dll"
-r:"/home/asif/Unity/Hub/Editor/6000.5.10f1/Editor/Data/NetStandard/compat/2.1.0/shims/netstandard/System.ObjectModel.dll"
-r:"/home/asif/Unity/Hub/Editor/6000.5.10f1/Editor/Data/NetStandard/compat/2.1.0/shims/netstandard/System.Reflection.DispatchProxy.dll"
-r:"/home/asif/Unity/Hub/Editor/6000.5.10f1/Editor/Data/NetStandard/compat/2.1.0/shims/netstandard/System.Reflection.Emit.ILGeneration.dll"
-r:"/home/asif/Unity/Hub/Editor/6000.5.10f1/Editor/Data/NetStandard/compat/2.1.0/shims/netstandard/System.Reflection.Emit.Lightweight.dll"
-r:"/home/asif/Unity/Hub/Editor/6000.5.10f1/Editor/Data/NetStandard/compat/2.1.0/shims/netstandard/System.Reflection.Emit.dll"
-r:"/home/asif/Unity/Hub/Editor/6000.5.10f1/Editor/Data/NetStandard/compat/2.1.0/shims/netstandard/System.Reflection.Extensions.dll"
-r:"/home/asif/Unity/Hub/Editor/6000.5.10f1/Editor/Data/NetStandard/compat/2.1.0/shims/netstandard/System.Reflection.Primitives.dll"
-r:"/home/asif/Unity/Hub/Editor/6000.5.10f1/Editor/Data/NetStandard/compat/2.1.0/shims/netstandard/System.Reflection.dll"
-r:"/home/asif/Unity/Hub/Editor/6000.5.10f1/Editor/Data/NetStandard/compat/2.1.0/shims/netstandard/System.Resources.Reader.dll"
-r:"/home/asif/Unity/Hub/Editor/6000.5.10f1/Editor/Data/NetStandard/compat/2.1.0/shims/netstandard/System.Resources.ResourceManager.dll"
-r:"/home/asif/Unity/Hub/Editor/6000.5.10f1/Editor/Data/NetStandard/compat/2.1.0/shims/netstandard/System.Resources.Writer.dll"
-r:"/home/asif/Unity/Hub/Editor/6000.5.10f1/Editor/Data/NetStandard/compat/2.1.0/shims/netstandard/System.Runtime.CompilerServices.VisualC.dll"
-r:"/home/asif/Unity/Hub/Editor/6000.5.10f1/Editor/Data/NetStandard/compat/2.1.0/shims/netstandard/System.Runtime.Extensions.dll"
-r:"/home/asif/Unity/Hub/Editor/6000.5.10f1/Editor/Data/NetStandard/compat/2.1.0/shims/netstandard/System.Runtime.Handles.dll"
-r:"/home/asif/Unity/Hub/Editor/6000.5.10f1/Editor/Data/NetStandard/compat/2.1.0/shims/netstandard/System.Runtime.InteropServices.RuntimeInformation.dll"
-r:"/home/asif/Unity/Hub/Editor/6000.5.10f1/Editor/Data/NetStandard/compat/2.1.0/shims/netstandard/System.Runtime.InteropServices.dll"
-r:"/home/asif/Unity/Hub/Editor/6000.5.10f1/Editor/Data/NetStandard/compat/2.1.0/shims/netstandard/System.Runtime.Numerics.dll"
-r:"/home/asif/Unity/Hub/Editor/6000.5.10f1/Editor/Data/NetStandard/compat/2.1.0/shims/netstandard/System.Runtime.Serialization.Formatters.dll"
-r:"/home/asif/Unity/Hub/Editor/6000.5.10f1/Editor/Data/NetStandard/compat/2.1.0/shims/netstandard/System.Runtime.Serialization.Json.dll"
-r:"/home/asif/Unity/Hub/Editor/6000.5.10f1/Editor/Data/NetStandard/compat/2.1.0/shims/netstandard/System.Runtime.Serialization.Primitives.dll"
-r:"/home/asif/Unity/Hub/Editor/6000.5.10f1/Editor/Data/NetStandard/compat/2.1.0/shims/netstandard/System.Runtime.Serialization.Xml.dll"
-r:"/home/asif/Unity/Hub/Editor/6000.5.10f1/Editor/Data/NetStandard/compat/2.1.0/shims/netstandard/System.Runtime.dll"
-r:"/home/asif/Unity/Hub/Editor/6000.5.10f1/Editor/Data/NetStandard/compat/2.1.0/shims/netstandard/System.Security.Claims.dll"
-r:"/home/asif/Unity/Hub/Editor/6000.5.10f1/Editor/Data/NetStandard/compat/2.1.0/shims/netstandard/System.Security.Cryptography.Algorithms.dll"
-r:"/home/asif/Unity/Hub/Editor/6000.5.10f1/Editor/Data/NetStandard/compat/2.1.0/shims/netstandard/System.Security.Cryptography.Csp.dll"
-r:"/home/asif/Unity/Hub/Editor/6000.5.10f1/Editor/Data/NetStandard/compat/2.1.0/shims/netstandard/System.Security.Cryptography.Encoding.dll"
-r:"/home/asif/Unity/Hub/Editor/6000.5.10f1/Editor/Data/NetStandard/compat/2.1.0/shims/netstandard/System.Security.Cryptography.Primitives.dll"
-r:"/home/asif/Unity/Hub/Editor/6000.5.10f1/Editor/Data/NetStandard/compat/2.1.0/shims/netstandard/System.Security.Cryptography.X509Certificates.dll"
-r:"/home/asif/Unity/Hub/Editor/6000.5.10f1/Editor/Data/NetStandard/compat/2.1.0/shims/netstandard/System.Security.Principal.dll"
-r:"/home/asif/Unity/Hub/Editor/6000.5.10f1/Editor/Data/NetStandard/compat/2.1.0/shims/netstandard/System.Security.SecureString.dll"
-r:"/home/asif/Unity/Hub/Editor/6000.5.10f1/Editor/Data/NetStandard/compat/2.1.0/shims/netstandard/System.Text.Encoding.Extensions.dll"
-r:"/home/asif/Unity/Hub/Editor/6000.5.10f1/Editor/Data/NetStandard/compat/2.1.0/shims/netstandard/System.Text.Encoding.dll"
-r:"/home/asif/Unity/Hub/Editor/6000.5.10f1/Editor/Data/NetStandard/compat/2.1.0/shims/netstandard/System.Text.RegularExpressions.dll"
-r:"/home/asif/Unity/Hub/Editor/6000.5.10f1/Editor/Data/NetStandard/compat/2.1.0/shims/netstandard/System.Threading.Overlapped.dll"
-r:"/home/asif/Unity/Hub/Editor/6000.5.10f1/Editor/Data/NetStandard/compat/2.1.0/shims/netstandard/System.Threading.Tasks.Extensions.dll"
-r:"/home/asif/Unity/Hub/Editor/6000.5.10f1/Editor/Data/NetStandard/compat/2.1.0/shims/netstandard/System.Threading.Tasks.Parallel.dll"
-r:"/home/asif/Unity/Hub/Editor/6000.5.10f1/Editor/Data/NetStandard/compat/2.1.0/shims/netstandard/System.Threading.Tasks.dll"
-r:"/home/asif/Unity/Hub/Editor/6000.5.10f1/Editor/Data/NetStandard/compat/2.1.0/shims/netstandard/System.Threading.Thread.dll"
-r:"/home/asif/Unity/Hub/Editor/6000.5.10f1/Editor/Data/NetStandard/compat/2.1.0/shims/netstandard/System.Threading.ThreadPool.dll"
-r:"/home/asif/Unity/Hub/Editor/6000.5.10f1/Editor/Data/NetStandard/compat/2.1.0/shims/netstandard/System.Threading.Timer.dll"
-r:"/home/asif/Unity/Hub/Editor/6000.5.10f1/Editor/Data/NetStandard/compat/2.1.0/shims/netstandard/System.Threading.dll"
-r:"/home/asif/Unity/Hub/Editor/6000.5.10f1/Editor/Data/NetStandard/compat/2.1.0/shims/netstandard/System.ValueTuple.dll"
-r:"/home/asif/Unity/Hub/Editor/6000.5.10f1/Editor/Data/NetStandard/compat/2.1.0/shims/netstandard/System.Xml.ReaderWriter.dll"
-r:"/home/asif/Unity/Hub/Editor/6000.5.10f1/Editor/Data/NetStandard/compat/2.1.0/shims/netstandard/System.Xml.XDocument.dll"
-r:"/home/asif/Unity/Hub/Editor/6000.5.10f1/Editor/Data/NetStandard/compat/2.1.0/shims/netstandard/System.Xml.XPath.XDocument.dll"
-r:"/home/asif/Unity/Hub/Editor/6000.5.10f1/Editor/Data/NetStandard/compat/2.1.0/shims/netstandard/System.Xml.XPath.dll"
-r:"/home/asif/Unity/Hub/Editor/6000.5.10f1/Editor/Data/NetStandard/compat/2.1.0/shims/netstandard/System.Xml.XmlDocument.dll"
-r:"/home/asif/Unity/Hub/Editor/6000.5.10f1/Editor/Data/NetStandard/compat/2.1.0/shims/netstandard/System.Xml.XmlSerializer.dll"
-r:"/home/asif/Unity/Hub/Editor/6000.5.10f1/Editor/Data/NetStandard/ref/2.1.0/netstandard.dll"
-r:"/home/asif/Unity/Hub/Editor/6000.5.10f1/Editor/Data/PlaybackEngines/AndroidPlayer/Unity.Android.Gradle.dll"
-r:"/home/asif/Unity/Hub/Editor/6000.5.10f1/Editor/Data/PlaybackEngines/AndroidPlayer/Unity.Android.Types.dll"
-r:"Library/PackageCache/com.unity.collections@c461d9198d5e/Unity.Collections.LowLevel.ILSupport/Unity.Collections.LowLevel.ILSupport.dll"
-r:"Library/PackageCache/com.unity.ext.nunit@9054f8d1d690/net472/unity-custom/nunit.framework.dll"
-r:"Library/PackageCache/com.unity.nuget.mono-cecil@ecb9724e46ff/Mono.Cecil.dll"
-r:"Library/PackageCache/com.unity.testtools.codecoverage@19a841221620/lib/ReportGenerator/ReportGeneratorMerged.dll"
-r:"Library/Bee/artifacts/2400b0aE.dag/Unity.Burst.Editor.ref.dll"
-r:"Library/Bee/artifacts/2400b0aE.dag/Unity.Burst.ref.dll"
-r:"Library/Bee/artifacts/2400b0aE.dag/Unity.Collections.Editor.ref.dll"
-r:"Library/Bee/artifacts/2400b0aE.dag/Unity.Collections.ref.dll"
-r:"Library/Bee/artifacts/2400b0aE.dag/Unity.EditorCoroutines.Editor.ref.dll"
-r:"Library/Bee/artifacts/2400b0aE.dag/Unity.InputSystem.ForUI.Editor.ref.dll"
-r:"Library/Bee/artifacts/2400b0aE.dag/Unity.InputSystem.ForUI.ref.dll"
-r:"Library/Bee/artifacts/2400b0aE.dag/Unity.InputSystem.ref.dll"
-r:"Library/Bee/artifacts/2400b0aE.dag/Unity.InternalAPIEditorBridge.007.ref.dll"
-r:"Library/Bee/artifacts/2400b0aE.dag/Unity.InternalAPIEditorBridge.ShaderGraph.Editor.ref.dll"
-r:"Library/Bee/artifacts/2400b0aE.dag/Unity.InternalAPIEngineBridge.004.ref.dll"
-r:"Library/Bee/artifacts/2400b0aE.dag/Unity.InternalAPIEngineBridge.007.ref.dll"
-r:"Library/Bee/artifacts/2400b0aE.dag/Unity.InternalAPIEngineBridge.RenderPipelines.Core.Editor.ref.dll"
-r:"Library/Bee/artifacts/2400b0aE.dag/Unity.InternalAPIEngineBridge.RenderPipelines.Core.Runtime.Shared.ref.dll"
-r:"Library/Bee/artifacts/2400b0aE.dag/Unity.Mathematics.ref.dll"
-r:"Library/Bee/artifacts/2400b0aE.dag/Unity.Multiplayer.Center.Common.ref.dll"
-r:"Library/Bee/artifacts/2400b0aE.dag/Unity.Multiplayer.Center.Editor.ref.dll"
-r:"Library/Bee/artifacts/2400b0aE.dag/Unity.PathTracing.Editor.ref.dll"
-r:"Library/Bee/artifacts/2400b0aE.dag/Unity.PathTracing.Runtime.ref.dll"
-r:"Library/Bee/artifacts/2400b0aE.dag/Unity.Performance.Profile-Analyzer.Editor.ref.dll"
-r:"Library/Bee/artifacts/2400b0aE.dag/Unity.RenderPipeline.Universal.ShaderLibrary.ref.dll"
-r:"Library/Bee/artifacts/2400b0aE.dag/Unity.RenderPipelines.Core.Editor.Shared.ref.dll"
-r:"Library/Bee/artifacts/2400b0aE.dag/Unity.RenderPipelines.Core.Editor.ref.dll"
-r:"Library/Bee/artifacts/2400b0aE.dag/Unity.RenderPipelines.Core.Runtime.Shared.ref.dll"
-r:"Library/Bee/artifacts/2400b0aE.dag/Unity.RenderPipelines.Core.Runtime.ref.dll"
-r:"Library/Bee/artifacts/2400b0aE.dag/Unity.RenderPipelines.Core.ShaderLibrary.ref.dll"
-r:"Library/Bee/artifacts/2400b0aE.dag/Unity.RenderPipelines.GPUDriven.Runtime.ref.dll"
-r:"Library/Bee/artifacts/2400b0aE.dag/Unity.RenderPipelines.ShaderGraph.ShaderGraphLibrary.ref.dll"
-r:"Library/Bee/artifacts/2400b0aE.dag/Unity.RenderPipelines.Universal.2D.Editor.Overrides.ref.dll"
-r:"Library/Bee/artifacts/2400b0aE.dag/Unity.RenderPipelines.Universal.2D.Runtime.ref.dll"
-r:"Library/Bee/artifacts/2400b0aE.dag/Unity.RenderPipelines.Universal.Config.Runtime.ref.dll"
-r:"Library/Bee/artifacts/2400b0aE.dag/Unity.RenderPipelines.Universal.Editor.ref.dll"
-r:"Library/Bee/artifacts/2400b0aE.dag/Unity.RenderPipelines.Universal.Runtime.ref.dll"
-r:"Library/Bee/artifacts/2400b0aE.dag/Unity.RenderPipelines.Universal.Shaders.ref.dll"
-r:"Library/Bee/artifacts/2400b0aE.dag/Unity.Rendering.LightTransport.Editor.ref.dll"
-r:"Library/Bee/artifacts/2400b0aE.dag/Unity.Rider.Editor.ref.dll"
-r:"Library/Bee/artifacts/2400b0aE.dag/Unity.Searcher.Editor.ref.dll"
-r:"Library/Bee/artifacts/2400b0aE.dag/Unity.Settings.Editor.ref.dll"
-r:"Library/Bee/artifacts/2400b0aE.dag/Unity.ShaderGraph.Editor.ref.dll"
-r:"Library/Bee/artifacts/2400b0aE.dag/Unity.SurfaceCache.Runtime.ref.dll"
-r:"Library/Bee/artifacts/2400b0aE.dag/Unity.Sysroot.Linux_x86_64.ref.dll"
-r:"Library/Bee/artifacts/2400b0aE.dag/Unity.SysrootPackage.Editor.ref.dll"
-r:"Library/Bee/artifacts/2400b0aE.dag/Unity.TestTools.CodeCoverage.Editor.OpenCover.Model.ref.dll"
-r:"Library/Bee/artifacts/2400b0aE.dag/Unity.TestTools.CodeCoverage.Editor.OpenCover.Mono.Reflection.ref.dll"
-r:"Library/Bee/artifacts/2400b0aE.dag/Unity.TestTools.CodeCoverage.Editor.ref.dll"
-r:"Library/Bee/artifacts/2400b0aE.dag/Unity.TextMeshPro.Editor.ref.dll"
-r:"Library/Bee/artifacts/2400b0aE.dag/Unity.TextMeshPro.ref.dll"
-r:"Library/Bee/artifacts/2400b0aE.dag/Unity.Toolchain.Linux-x86_64-Linux.ref.dll"
-r:"Library/Bee/artifacts/2400b0aE.dag/Unity.Tutorials.Editor.ref.dll"
-r:"Library/Bee/artifacts/2400b0aE.dag/Unity.Tutorials.ref.dll"
-r:"Library/Bee/artifacts/2400b0aE.dag/Unity.UnifiedRayTracing.Runtime.ref.dll"
-r:"Library/Bee/artifacts/2400b0aE.dag/Unity.VisualStudio.Editor.ref.dll"
-r:"Library/Bee/artifacts/2400b0aE.dag/Unity.XR.ARAnalytics.Editor.ref.dll"
-r:"Library/Bee/artifacts/2400b0aE.dag/Unity.XR.ARCore.Editor.ref.dll"
-r:"Library/Bee/artifacts/2400b0aE.dag/Unity.XR.ARCore.ref.dll"
-r:"Library/Bee/artifacts/2400b0aE.dag/Unity.XR.ARFoundation.Editor.ref.dll"
-r:"Library/Bee/artifacts/2400b0aE.dag/Unity.XR.ARFoundation.InternalUtils.Editor.ref.dll"
-r:"Library/Bee/artifacts/2400b0aE.dag/Unity.XR.ARFoundation.InternalUtils.ref.dll"
-r:"Library/Bee/artifacts/2400b0aE.dag/Unity.XR.ARFoundation.VisualScripting.Editor.ref.dll"
-r:"Library/Bee/artifacts/2400b0aE.dag/Unity.XR.ARFoundation.VisualScripting.ref.dll"
-r:"Library/Bee/artifacts/2400b0aE.dag/Unity.XR.ARFoundation.ref.dll"
-r:"Library/Bee/artifacts/2400b0aE.dag/Unity.XR.ARSubsystems.Editor.ref.dll"
-r:"Library/Bee/artifacts/2400b0aE.dag/Unity.XR.ARSubsystems.ref.dll"
-r:"Library/Bee/artifacts/2400b0aE.dag/Unity.XR.AndroidOpenXR.Editor.ref.dll"
-r:"Library/Bee/artifacts/2400b0aE.dag/Unity.XR.AndroidOpenXR.ref.dll"
-r:"Library/Bee/artifacts/2400b0aE.dag/Unity.XR.CompositionLayers.Editor.ref.dll"
-r:"Library/Bee/artifacts/2400b0aE.dag/Unity.XR.CompositionLayers.UIInteraction.Editor.ref.dll"
-r:"Library/Bee/artifacts/2400b0aE.dag/Unity.XR.CompositionLayers.UIInteraction.ref.dll"
-r:"Library/Bee/artifacts/2400b0aE.dag/Unity.XR.CompositionLayers.ref.dll"
-r:"Library/Bee/artifacts/2400b0aE.dag/Unity.XR.CoreUtils.Editor.ref.dll"
-r:"Library/Bee/artifacts/2400b0aE.dag/Unity.XR.CoreUtils.ref.dll"
-r:"Library/Bee/artifacts/2400b0aE.dag/Unity.XR.Hands.Analytics.Editor.ref.dll"
-r:"Library/Bee/artifacts/2400b0aE.dag/Unity.XR.Hands.Analytics.Hooks.Editor.ref.dll"
-r:"Library/Bee/artifacts/2400b0aE.dag/Unity.XR.Hands.Editor.ref.dll"
-r:"Library/Bee/artifacts/2400b0aE.dag/Unity.XR.Hands.Samples.VisualizerSample.ref.dll"
-r:"Library/Bee/artifacts/2400b0aE.dag/Unity.XR.Hands.ref.dll"
-r:"Library/Bee/artifacts/2400b0aE.dag/Unity.XR.Interaction.Toolkit.Analytics.Editor.ref.dll"
-r:"Library/Bee/artifacts/2400b0aE.dag/Unity.XR.Interaction.Toolkit.Analytics.Hooks.Editor.ref.dll"
-r:"Library/Bee/artifacts/2400b0aE.dag/Unity.XR.Interaction.Toolkit.Editor.ref.dll"
-r:"Library/Bee/artifacts/2400b0aE.dag/Unity.XR.Interaction.Toolkit.Samples.Hands.Editor.ref.dll"
-r:"Library/Bee/artifacts/2400b0aE.dag/Unity.XR.Interaction.Toolkit.Samples.Hands.ref.dll"
-r:"Library/Bee/artifacts/2400b0aE.dag/Unity.XR.Interaction.Toolkit.Samples.StarterAssets.Editor.ref.dll"
-r:"Library/Bee/artifacts/2400b0aE.dag/Unity.XR.Interaction.Toolkit.Samples.StarterAssets.ref.dll"
-r:"Library/Bee/artifacts/2400b0aE.dag/Unity.XR.Interaction.Toolkit.ref.dll"
-r:"Library/Bee/artifacts/2400b0aE.dag/Unity.XR.Management.Editor.ref.dll"
-r:"Library/Bee/artifacts/2400b0aE.dag/Unity.XR.Management.ref.dll"
-r:"Library/Bee/artifacts/2400b0aE.dag/Unity.XR.MetaOpenXR.Editor.ref.dll"
-r:"Library/Bee/artifacts/2400b0aE.dag/Unity.XR.MetaOpenXR.ref.dll"
-r:"Library/Bee/artifacts/2400b0aE.dag/Unity.XR.OpenXR.Editor.ref.dll"
-r:"Library/Bee/artifacts/2400b0aE.dag/Unity.XR.OpenXR.Features.ConformanceAutomation.ref.dll"
-r:"Library/Bee/artifacts/2400b0aE.dag/Unity.XR.OpenXR.Features.MetaQuestSupport.Editor.ref.dll"
-r:"Library/Bee/artifacts/2400b0aE.dag/Unity.XR.OpenXR.Features.MetaQuestSupport.ref.dll"
-r:"Library/Bee/artifacts/2400b0aE.dag/Unity.XR.OpenXR.Features.OculusQuestSupport.Editor.ref.dll"
-r:"Library/Bee/artifacts/2400b0aE.dag/Unity.XR.OpenXR.Features.OculusQuestSupport.ref.dll"
-r:"Library/Bee/artifacts/2400b0aE.dag/Unity.XR.OpenXR.Features.RuntimeDebugger.Editor.ref.dll"
-r:"Library/Bee/artifacts/2400b0aE.dag/Unity.XR.OpenXR.ref.dll"
-r:"Library/Bee/artifacts/2400b0aE.dag/Unity.XR.Simulation.Editor.ref.dll"
-r:"Library/Bee/artifacts/2400b0aE.dag/Unity.XR.Simulation.ref.dll"
-r:"Library/Bee/artifacts/2400b0aE.dag/UnityEditor.SpatialTracking.ref.dll"
-r:"Library/Bee/artifacts/2400b0aE.dag/UnityEditor.UI.Analytics.ref.dll"
-r:"Library/Bee/artifacts/2400b0aE.dag/UnityEditor.UI.ref.dll"
-r:"Library/Bee/artifacts/2400b0aE.dag/UnityEditor.XR.LegacyInputHelpers.ref.dll"
-r:"Library/Bee/artifacts/2400b0aE.dag/UnityEngine.SpatialTracking.ref.dll"
-r:"Library/Bee/artifacts/2400b0aE.dag/UnityEngine.UI.ref.dll"
-r:"Library/Bee/artifacts/2400b0aE.dag/UnityEngine.XR.LegacyInputHelpers.ref.dll"
-analyzer:"/home/asif/Unity/Hub/Editor/6000.5.10f1/Editor/Data/BCLExtensions/TargetingPacks/netstandard2.1/analyzers/dotnet/roslyn4.0/cs/Microsoft.Extensions.Logging.Generators.dll"
-analyzer:"/home/asif/Unity/Hub/Editor/6000.5.10f1/Editor/Data/BCLExtensions/TargetingPacks/netstandard2.1/analyzers/dotnet/roslyn4.0/cs/System.Text.Json.SourceGeneration.dll"
-analyzer:"/home/asif/Unity/Hub/Editor/6000.5.10f1/Editor/Data/Tools/BuildPipeline/Unity.Analyzers.Common/Unity.Analyzers.Common.dll"
-analyzer:"/home/asif/Unity/Hub/Editor/6000.5.10f1/Editor/Data/Tools/BuildPipeline/Unity.Analyzers.LongLiving/Unity.Analyzers.LongLiving.dll"
-analyzer:"/home/asif/Unity/Hub/Editor/6000.5.10f1/Editor/Data/Tools/BuildPipeline/Unity.SourceGenerators/Unity.Properties.SourceGenerator.dll"
-analyzer:"/home/asif/Unity/Hub/Editor/6000.5.10f1/Editor/Data/Tools/BuildPipeline/Unity.SourceGenerators/Unity.SourceGenerators.dll"
-analyzer:"/home/asif/Unity/Hub/Editor/6000.5.10f1/Editor/Data/Tools/BuildPipeline/Unity.SourceGenerators/Unity.UIToolkit.SourceGenerator.dll"
"Assets/Scripts/Audio/AudioManager.cs"
"Assets/Scripts/Combat/CombatSystem.cs"
"Assets/Scripts/Config/Config.cs"
"Assets/Scripts/Core/HallwaySceneBuilder.cs"
"Assets/Scripts/Enemies/RingPulse.cs"
"Assets/Scripts/Enemies/Zombie.cs"
"Assets/Scripts/Player/HeroController.cs"
"Assets/Scripts/Player/PlayerController.cs"
"Assets/Scripts/Player/ThirdPersonCamera.cs"
"Assets/Scripts/Player/VRInputHandler.cs"
"Assets/Scripts/UI/HUD.cs"
"Assets/VRTemplateAssets/Scripts/AnchorVisuals.cs"
"Assets/VRTemplateAssets/Scripts/BezierCurve.cs"
"Assets/VRTemplateAssets/Scripts/BooleanToggleVisualsController.cs"
"Assets/VRTemplateAssets/Scripts/Callout.cs"
"Assets/VRTemplateAssets/Scripts/CalloutGazeController.cs"
"Assets/VRTemplateAssets/Scripts/DestroyObject.cs"
"Assets/VRTemplateAssets/Scripts/LaunchProjectile.cs"
"Assets/VRTemplateAssets/Scripts/RayAttachModifier.cs"
"Assets/VRTemplateAssets/Scripts/Rotator.cs"
"Assets/VRTemplateAssets/Scripts/StepManager.cs"
"Assets/VRTemplateAssets/Scripts/VideoPlayerRenderTexture.cs"
"Assets/VRTemplateAssets/Scripts/VideoTimeScrubControl.cs"
"Assets/VRTemplateAssets/Scripts/XRKnob.cs"
"Assets/VRTemplateAssets/Scripts/XRPokeFollowAffordanceFill.cs"
-langversion:9.0
/deterministic
/optimize+
/debug:portable
/nologo
/RuntimeMetadataVersion:v4.0.30319
/nowarn:0169
/nowarn:0649
/nowarn:0282
/nowarn:1701
/nowarn:1702
/utf8output
/preferreduilang:en-US
/additionalfile:"Library/Bee/artifacts/2400b0aE.dag/Assembly-CSharp.UnityAdditionalFile.txt"
##### Custom Environment Variables
DOTNET_HOST_PATH=/home/asif/Unity/Hub/Editor/6000.5.10f1/Editor/Data/DotNetSdk/dotnet
DOTNET_MULTILEVEL_LOOKUP=0
##### ExitCode
1
##### Output
Assets/Scripts/Player/PlayerController.cs(14,13): warning CS0618: 'XRBaseController' is obsolete: 'XRBaseController has been deprecated in version 3.0.0. Its functionality has been distributed into different components.'
Assets/Scripts/Player/PlayerController.cs(20,47): warning CS0618: 'XRBaseController' is obsolete: 'XRBaseController has been deprecated in version 3.0.0. Its functionality has been distributed into different components.'
Assets/Scripts/Core/HallwaySceneBuilder.cs(132,13): error CS0246: The type or namespace name 'ConveyorBelt' could not be found (are you missing a using directive or an assembly reference?)
Assets/Scripts/Core/HallwaySceneBuilder.cs(132,49): error CS0246: The type or namespace name 'ConveyorBelt' could not be found (are you missing a using directive or an assembly reference?)
Assets/Scripts/Core/HallwaySceneBuilder.cs(195,55): warning CS0618: 'FindObjectsSortMode' is obsolete: 'FindObjectsSortMode has been deprecated. Use the FindObjectsByType overloads that do not take a FindObjectsSortMode parameter.'
Assets/Scripts/Core/HallwaySceneBuilder.cs(195,29): warning CS0618: 'Object.FindObjectsByType<T>(FindObjectsSortMode)' is obsolete: 'FindObjectsByType with FindObjectsSortMode parameter has been deprecated. Use FindObjectsByType<T>() or FindObjectsByType<T>(FindObjectsInactive) instead. InstanceID will be replaced in the future with EntityId and previous sort order cannot be maintained.'
Assets/Scripts/Core/HallwaySceneBuilder.cs(215,59): warning CS0618: 'FindObjectsSortMode' is obsolete: 'FindObjectsSortMode has been deprecated. Use the FindObjectsByType overloads that do not take a FindObjectsSortMode parameter.'
Assets/Scripts/Core/HallwaySceneBuilder.cs(215,34): warning CS0618: 'Object.FindObjectsByType<T>(FindObjectsSortMode)' is obsolete: 'FindObjectsByType with FindObjectsSortMode parameter has been deprecated. Use FindObjectsByType<T>() or FindObjectsByType<T>(FindObjectsInactive) instead. InstanceID will be replaced in the future with EntityId and previous sort order cannot be maintained.'
*** Tundra build failed (3.27 seconds), 2 items updated, 1356 evaluated
## Script Compilation Error for: Csc Library/Bee/artifacts/2400b0aE.dag/Assembly-CSharp.dll (+2 others)
## CmdLine: "/home/asif/Unity/Hub/Editor/6000.5.10f1/Editor/Data/DotNetSdk/dotnet" exec "/home/asif/Unity/Hub/Editor/6000.5.10f1/Editor/Data/DotNetSdk/sdk/8.0.318/Roslyn/bincore/csc.dll" /nostdlib /noconfig /shared "@Library/Bee/artifacts/2400b0aE.dag/Assembly-CSharp.rsp" "@Library/Bee/artifacts/2400b0aE.dag/Assembly-CSharp.rsp2"
## Output:
Assets/Scripts/Player/PlayerController.cs(14,13): warning CS0618: 'XRBaseController' is obsolete: 'XRBaseController has been deprecated in version 3.0.0. Its functionality has been distributed into different components.'
Assets/Scripts/Player/PlayerController.cs(20,47): warning CS0618: 'XRBaseController' is obsolete: 'XRBaseController has been deprecated in version 3.0.0. Its functionality has been distributed into different components.'
Assets/Scripts/Core/HallwaySceneBuilder.cs(132,13): error CS0246: The type or namespace name 'ConveyorBelt' could not be found (are you missing a using directive or an assembly reference?)
Assets/Scripts/Core/HallwaySceneBuilder.cs(132,49): error CS0246: The type or namespace name 'ConveyorBelt' could not be found (are you missing a using directive or an assembly reference?)
Assets/Scripts/Core/HallwaySceneBuilder.cs(195,55): warning CS0618: 'FindObjectsSortMode' is obsolete: 'FindObjectsSortMode has been deprecated. Use the FindObjectsByType overloads that do not take a FindObjectsSortMode parameter.'
Assets/Scripts/Core/HallwaySceneBuilder.cs(195,29): warning CS0618: 'Object.FindObjectsByType<T>(FindObjectsSortMode)' is obsolete: 'FindObjectsByType with FindObjectsSortMode parameter has been deprecated. Use FindObjectsByType<T>() or FindObjectsByType<T>(FindObjectsInactive) instead. InstanceID will be replaced in the future with EntityId and previous sort order cannot be maintained.'
Assets/Scripts/Core/HallwaySceneBuilder.cs(215,59): warning CS0618: 'FindObjectsSortMode' is obsolete: 'FindObjectsSortMode has been deprecated. Use the FindObjectsByType overloads that do not take a FindObjectsSortMode parameter.'
Assets/Scripts/Core/HallwaySceneBuilder.cs(215,34): warning CS0618: 'Object.FindObjectsByType<T>(FindObjectsSortMode)' is obsolete: 'FindObjectsByType with FindObjectsSortMode parameter has been deprecated. Use FindObjectsByType<T>() or FindObjectsByType<T>(FindObjectsInactive) instead. InstanceID will be replaced in the future with EntityId and previous sort order cannot be maintained.'

Total cache size 67411408
Assets/Scripts/Player/PlayerController.cs(14,13): warning CS0618: 'XRBaseController' is obsolete: 'XRBaseController has been deprecated in version 3.0.0. Its functionality has been distributed into different components.'
Assets/Scripts/Player/PlayerController.cs(20,47): warning CS0618: 'XRBaseController' is obsolete: 'XRBaseController has been deprecated in version 3.0.0. Its functionality has been distributed into different components.'
Assets/Scripts/Core/HallwaySceneBuilder.cs(132,13): error CS0246: The type or namespace name 'ConveyorBelt' could not be found (are you missing a using directive or an assembly reference?)
Assets/Scripts/Core/HallwaySceneBuilder.cs(132,49): error CS0246: The type or namespace name 'ConveyorBelt' could not be found (are you missing a using directive or an assembly reference?)
Assets/Scripts/Core/HallwaySceneBuilder.cs(195,55): warning CS0618: 'FindObjectsSortMode' is obsolete: 'FindObjectsSortMode has been deprecated. Use the FindObjectsByType overloads that do not take a FindObjectsSortMode parameter.'
Assets/Scripts/Core/HallwaySceneBuilder.cs(195,29): warning CS0618: 'Object.FindObjectsByType<T>(FindObjectsSortMode)' is obsolete: 'FindObjectsByType with FindObjectsSortMode parameter has been deprecated. Use FindObjectsByType<T>() or FindObjectsByType<T>(FindObjectsInactive) instead. InstanceID will be replaced in the future with EntityId and previous sort order cannot be maintained.'
Assets/Scripts/Core/HallwaySceneBuilder.cs(215,59): warning CS0618: 'FindObjectsSortMode' is obsolete: 'FindObjectsSortMode has been deprecated. Use the FindObjectsByType overloads that do not take a FindObjectsSortMode parameter.'
Assets/Scripts/Core/HallwaySceneBuilder.cs(215,34): warning CS0618: 'Object.FindObjectsByType<T>(FindObjectsSortMode)' is obsolete: 'FindObjectsByType with FindObjectsSortMode parameter has been deprecated. Use FindObjectsByType<T>() or FindObjectsByType<T>(FindObjectsInactive) instead. InstanceID will be replaced in the future with EntityId and previous sort order cannot be maintained.'
Total cache size after purge 67411408, took 00:00:00.0407989
[ScriptCompilation] Requested script compilation because: AssetDatabase observed changes in script compilation related files
info: Microsoft.AspNetCore.Hosting.Diagnostics[1]
      Request starting HTTP/2 POST http://ilpp/UnityILPP.PostProcessing/Ping - application/grpc -
info: Microsoft.AspNetCore.Routing.EndpointMiddleware[0]
      Executing endpoint 'gRPC - /UnityILPP.PostProcessing/Ping'
info: Microsoft.AspNetCore.Routing.EndpointMiddleware[1]
      Executed endpoint 'gRPC - /UnityILPP.PostProcessing/Ping'
info: Microsoft.AspNetCore.Hosting.Diagnostics[2]
      Request finished HTTP/2 POST http://ilpp/UnityILPP.PostProcessing/Ping - 200 - application/grpc 0.2826ms
Starting: /home/asif/Unity/Hub/Editor/6000.5.10f1/Editor/Data/Tools/BuildPipeline/bee_backend --ipc --defer-dag-verification --dagfile="Library/Bee/2400b0aE.dag" --continue-on-failure --profile="Library/Bee/backend1.traceevents" ScriptAssemblies
WorkingDir: /home/asif/Projects/vrGame/vrgame
info: Microsoft.AspNetCore.Hosting.Diagnostics[1]
      Request starting HTTP/2 POST http://ilpp/UnityILPP.PostProcessing/ConfigurePostProcessors - application/grpc -
info: Microsoft.AspNetCore.Routing.EndpointMiddleware[0]
      Executing endpoint 'gRPC - /UnityILPP.PostProcessing/ConfigurePostProcessors'
info: Unity.ILPP.Runner.PostProcessingAssemblyLoadContext[0]
      Current configuration matches the requested one, skipping
info: Microsoft.AspNetCore.Routing.EndpointMiddleware[1]
      Executed endpoint 'gRPC - /UnityILPP.PostProcessing/ConfigurePostProcessors'
info: Microsoft.AspNetCore.Hosting.Diagnostics[2]
      Request finished HTTP/2 POST http://ilpp/UnityILPP.PostProcessing/ConfigurePostProcessors - 200 - application/grpc 3.8272ms
ExitCode: 4 Duration: 0s431ms
[1008/1356  0s] ILPP-Configuration Library/ilpp-configuration.nevergeneratedoutput
Rebuilding DAG because FileSignature timestamp changed: Library/Bee/2400b0aE-inputdata.json
*** Tundra requires additional run (0.36 seconds), 2 items updated, 1347 evaluated
Starting: /home/asif/Unity/Hub/Editor/6000.5.10f1/Editor/Data/netcorerun/netcorerun "/home/asif/Unity/Hub/Editor/6000.5.10f1/Editor/Data/Tools/BuildPipeline/ScriptCompilationBuildProgram.exe" "Library/Bee/2400b0aE.dag.json" "Library/Bee/2400b0aE-inputdata.json" "Library/Bee/buildprogram0.traceevents"
WorkingDir: /home/asif/Projects/vrGame/vrgame
ExitCode: 0 Duration: 2s656ms
Starting: /home/asif/Unity/Hub/Editor/6000.5.10f1/Editor/Data/Tools/BuildPipeline/bee_backend --ipc --defer-dag-verification --dagfile="Library/Bee/2400b0aE.dag" --continue-on-failure --dagfilejson="Library/Bee/2400b0aE.dag.json" --profile="Library/Bee/backend2.traceevents" ScriptAssemblies
WorkingDir: /home/asif/Projects/vrGame/vrgame
info: Microsoft.AspNetCore.Hosting.Diagnostics[1]
      Request starting HTTP/2 POST http://ilpp/UnityILPP.PostProcessing/ConfigurePostProcessors - application/grpc -
info: Microsoft.AspNetCore.Routing.EndpointMiddleware[0]
      Executing endpoint 'gRPC - /UnityILPP.PostProcessing/ConfigurePostProcessors'
info: Unity.ILPP.Runner.PostProcessingAssemblyLoadContext[0]
      Current configuration matches the requested one, skipping
info: Microsoft.AspNetCore.Routing.EndpointMiddleware[1]
      Executed endpoint 'gRPC - /UnityILPP.PostProcessing/ConfigurePostProcessors'
info: Microsoft.AspNetCore.Hosting.Diagnostics[2]
      Request finished HTTP/2 POST http://ilpp/UnityILPP.PostProcessing/ConfigurePostProcessors - 200 - application/grpc 0.6364ms
info: Microsoft.AspNetCore.Hosting.Diagnostics[1]
      Request starting HTTP/2 POST http://ilpp/UnityILPP.PostProcessing/PostProcessAssembly - application/grpc -
info: Microsoft.AspNetCore.Routing.EndpointMiddleware[0]
      Executing endpoint 'gRPC - /UnityILPP.PostProcessing/PostProcessAssembly'
info: Unity.ILPP.Runner.PostProcessingPipeline[0]
      Processing assembly Library/Bee/artifacts/2400b0aE.dag/Assembly-CSharp.dll, with 136 defines and 386 references
info: Unity.ILPP.Runner.PostProcessingPipeline[0]
      processors: Unity.Jobs.CodeGen.JobsILPostProcessor, zzzUnity.Burst.CodeGen.BurstILPostProcessor
info: Unity.ILPP.Runner.PostProcessingPipeline[0]
      running Unity.Jobs.CodeGen.JobsILPostProcessor
info: Unity.ILPP.Runner.PostProcessingAssemblyLoadContext[0]
      Resolved Unity.Collections, Version=0.0.0.0, Culture=neutral, PublicKeyToken=null with Library/Bee/artifacts/2400b0aE.dag/Unity.Collections.dll
info: Microsoft.AspNetCore.Hosting.Diagnostics[1]
      Request starting HTTP/2 POST http://ilpp/UnityILPP.PostProcessing/PostProcessAssembly - application/grpc -
info: Microsoft.AspNetCore.Routing.EndpointMiddleware[0]
      Executing endpoint 'gRPC - /UnityILPP.PostProcessing/PostProcessAssembly'
info: Unity.ILPP.Runner.PostProcessingPipeline[0]
      Processing assembly Library/Bee/artifacts/2400b0aE.dag/Assembly-CSharp-Editor.dll, with 134 defines and 401 references
info: Unity.ILPP.Runner.PostProcessingPipeline[0]
      processors: Unity.Jobs.CodeGen.JobsILPostProcessor, zzzUnity.Burst.CodeGen.BurstILPostProcessor
info: Unity.ILPP.Runner.PostProcessingPipeline[0]
      running Unity.Jobs.CodeGen.JobsILPostProcessor
info: Unity.ILPP.Runner.PostProcessingAssemblyLoadContext[0]
      Resolved UnityEditor.CoreModule, Version=0.0.0.0, Culture=neutral, PublicKeyToken=null with /home/asif/Unity/Hub/Editor/6000.5.10f1/Editor/Data/Managed/UnityEngine/UnityEditor.CoreModule.dll
info: Unity.ILPP.Runner.PostProcessingAssemblyLoadContext[0]
      Resolved UnityEngine.CoreModule, Version=0.0.0.0, Culture=neutral, PublicKeyToken=null with /home/asif/Unity/Hub/Editor/6000.5.10f1/Editor/Data/Managed/UnityEngine/UnityEngine.CoreModule.dll
info: Unity.ILPP.Runner.PostProcessingAssemblyLoadContext[0]
      Resolved Unity.Scripting, Version=0.0.0.0, Culture=neutral, PublicKeyToken=null with /home/asif/Unity/Hub/Editor/6000.5.10f1/Editor/Data/Managed/UnityEngine/Unity.Scripting.dll
info: Unity.ILPP.Runner.PostProcessingPipeline[0]
      running zzzUnity.Burst.CodeGen.BurstILPostProcessor
info: Unity.ILPP.Runner.PostProcessingPipeline[0]
      running zzzUnity.Burst.CodeGen.BurstILPostProcessor
info: Unity.ILPP.Runner.PostProcessingAssemblyLoadContext[0]
      Resolved Unity.Burst.Cecil.Rocks, Version=0.11.6.0, Culture=neutral, PublicKeyToken=50cebf1cceb9d05e with Library/PackageCache/com.unity.burst@2f3d916873ea/Unity.Burst.CodeGen/Unity.Burst.Cecil.Rocks.dll
info: Microsoft.AspNetCore.Routing.EndpointMiddleware[1]
      Executed endpoint 'gRPC - /UnityILPP.PostProcessing/PostProcessAssembly'
info: Microsoft.AspNetCore.Routing.EndpointMiddleware[1]
      Executed endpoint 'gRPC - /UnityILPP.PostProcessing/PostProcessAssembly'
info: Microsoft.AspNetCore.Hosting.Diagnostics[2]
      Request finished HTTP/2 POST http://ilpp/UnityILPP.PostProcessing/PostProcessAssembly - 200 - application/grpc 262.2276ms
info: Microsoft.AspNetCore.Hosting.Diagnostics[2]
      Request finished HTTP/2 POST http://ilpp/UnityILPP.PostProcessing/PostProcessAssembly - 200 - application/grpc 542.9717ms
ExitCode: 0 Duration: 1s603ms
Finished compiling graph: 1359 nodes, 33056 flattened edges (25784 ToBuild, 242 ToUse), maximum node priority 2124
[ 653/1356  0s] WriteText Library/Bee/artifacts/2400b0aE.dag/Assembly-CSharp.rsp
[1008/1356  0s] ILPP-Configuration Library/ilpp-configuration.nevergeneratedoutput
[1348/1356  0s] Csc Library/Bee/artifacts/2400b0aE.dag/Assembly-CSharp.dll (+2 others)
Assets/Scripts/Player/PlayerController.cs(14,13): warning CS0618: 'XRBaseController' is obsolete: 'XRBaseController has been deprecated in version 3.0.0. Its functionality has been distributed into different components.'
Assets/Scripts/Player/PlayerController.cs(20,47): warning CS0618: 'XRBaseController' is obsolete: 'XRBaseController has been deprecated in version 3.0.0. Its functionality has been distributed into different components.'
Assets/Scripts/Core/ConveyorBelt.cs(28,58): warning CS0618: 'FindObjectsSortMode' is obsolete: 'FindObjectsSortMode has been deprecated. Use the FindObjectsByType overloads that do not take a FindObjectsSortMode parameter.'
Assets/Scripts/Core/ConveyorBelt.cs(28,32): warning CS0618: 'Object.FindObjectsByType<T>(FindObjectsSortMode)' is obsolete: 'FindObjectsByType with FindObjectsSortMode parameter has been deprecated. Use FindObjectsByType<T>() or FindObjectsByType<T>(FindObjectsInactive) instead. InstanceID will be replaced in the future with EntityId and previous sort order cannot be maintained.'
Assets/Scripts/Core/ConveyorBelt.cs(43,23): warning CS0618: 'Object.FindFirstObjectByType<T>()' is obsolete: 'FindFirstObjectByType has been deprecated because it relies on instance ID ordering. Use FindAnyObjectByType instead, which does not depend on ordering.'
Assets/Scripts/Core/HallwaySceneBuilder.cs(195,55): warning CS0618: 'FindObjectsSortMode' is obsolete: 'FindObjectsSortMode has been deprecated. Use the FindObjectsByType overloads that do not take a FindObjectsSortMode parameter.'
Assets/Scripts/Core/HallwaySceneBuilder.cs(195,29): warning CS0618: 'Object.FindObjectsByType<T>(FindObjectsSortMode)' is obsolete: 'FindObjectsByType with FindObjectsSortMode parameter has been deprecated. Use FindObjectsByType<T>() or FindObjectsByType<T>(FindObjectsInactive) instead. InstanceID will be replaced in the future with EntityId and previous sort order cannot be maintained.'
Assets/Scripts/Core/HallwaySceneBuilder.cs(215,59): warning CS0618: 'FindObjectsSortMode' is obsolete: 'FindObjectsSortMode has been deprecated. Use the FindObjectsByType overloads that do not take a FindObjectsSortMode parameter.'
Assets/Scripts/Core/HallwaySceneBuilder.cs(215,34): warning CS0618: 'Object.FindObjectsByType<T>(FindObjectsSortMode)' is obsolete: 'FindObjectsByType with FindObjectsSortMode parameter has been deprecated. Use FindObjectsByType<T>() or FindObjectsByType<T>(FindObjectsInactive) instead. InstanceID will be replaced in the future with EntityId and previous sort order cannot be maintained.'
[1349/1356  0s] Csc Library/Bee/artifacts/2400b0aE.dag/Assembly-CSharp-Editor.dll (+2 others)
[1350/1356  0s] ILPostProcess Library/Bee/artifacts/2400b0aE.dag/post-processed/Assembly-CSharp-Editor.dll (+pdb)
Processing assembly Library/Bee/artifacts/2400b0aE.dag/Assembly-CSharp-Editor.dll, with 134 defines and 401 references
processors: Unity.Jobs.CodeGen.JobsILPostProcessor, zzzUnity.Burst.CodeGen.BurstILPostProcessor
running Unity.Jobs.CodeGen.JobsILPostProcessor
running zzzUnity.Burst.CodeGen.BurstILPostProcessor
[1351/1356  0s] ILPostProcess Library/Bee/artifacts/2400b0aE.dag/post-processed/Assembly-CSharp.dll (+pdb)
Processing assembly Library/Bee/artifacts/2400b0aE.dag/Assembly-CSharp.dll, with 136 defines and 386 references
processors: Unity.Jobs.CodeGen.JobsILPostProcessor, zzzUnity.Burst.CodeGen.BurstILPostProcessor
running Unity.Jobs.CodeGen.JobsILPostProcessor
running zzzUnity.Burst.CodeGen.BurstILPostProcessor
[1352/1356  0s] CopyFiles Library/ScriptAssemblies/Assembly-CSharp.pdb
[1353/1356  0s] CopyFiles Library/ScriptAssemblies/Assembly-CSharp.dll
[1354/1356  0s] CopyFiles Library/ScriptAssemblies/Assembly-CSharp-Editor.pdb
[1355/1356  0s] CopyFiles Library/ScriptAssemblies/Assembly-CSharp-Editor.dll
*** Tundra build success (1.53 seconds), 10 items updated, 1356 evaluated
Total cache size 67411408
Total cache size after purge 67411408, took 00:00:00.0353439
Assets/Scripts/Player/PlayerController.cs(14,13): warning CS0618: 'XRBaseController' is obsolete: 'XRBaseController has been deprecated in version 3.0.0. Its functionality has been distributed into different components.'
Assets/Scripts/Player/PlayerController.cs(20,47): warning CS0618: 'XRBaseController' is obsolete: 'XRBaseController has been deprecated in version 3.0.0. Its functionality has been distributed into different components.'
Assets/Scripts/Core/ConveyorBelt.cs(28,58): warning CS0618: 'FindObjectsSortMode' is obsolete: 'FindObjectsSortMode has been deprecated. Use the FindObjectsByType overloads that do not take a FindObjectsSortMode parameter.'
Assets/Scripts/Core/ConveyorBelt.cs(28,32): warning CS0618: 'Object.FindObjectsByType<T>(FindObjectsSortMode)' is obsolete: 'FindObjectsByType with FindObjectsSortMode parameter has been deprecated. Use FindObjectsByType<T>() or FindObjectsByType<T>(FindObjectsInactive) instead. InstanceID will be replaced in the future with EntityId and previous sort order cannot be maintained.'
Assets/Scripts/Core/ConveyorBelt.cs(43,23): warning CS0618: 'Object.FindFirstObjectByType<T>()' is obsolete: 'FindFirstObjectByType has been deprecated because it relies on instance ID ordering. Use FindAnyObjectByType instead, which does not depend on ordering.'
Assets/Scripts/Core/HallwaySceneBuilder.cs(195,55): warning CS0618: 'FindObjectsSortMode' is obsolete: 'FindObjectsSortMode has been deprecated. Use the FindObjectsByType overloads that do not take a FindObjectsSortMode parameter.'
Assets/Scripts/Core/HallwaySceneBuilder.cs(195,29): warning CS0618: 'Object.FindObjectsByType<T>(FindObjectsSortMode)' is obsolete: 'FindObjectsByType with FindObjectsSortMode parameter has been deprecated. Use FindObjectsByType<T>() or FindObjectsByType<T>(FindObjectsInactive) instead. InstanceID will be replaced in the future with EntityId and previous sort order cannot be maintained.'
Assets/Scripts/Core/HallwaySceneBuilder.cs(215,59): warning CS0618: 'FindObjectsSortMode' is obsolete: 'FindObjectsSortMode has been deprecated. Use the FindObjectsByType overloads that do not take a FindObjectsSortMode parameter.'
Assets/Scripts/Core/HallwaySceneBuilder.cs(215,34): warning CS0618: 'Object.FindObjectsByType<T>(FindObjectsSortMode)' is obsolete: 'FindObjectsByType with FindObjectsSortMode parameter has been deprecated. Use FindObjectsByType<T>() or FindObjectsByType<T>(FindObjectsInactive) instead. InstanceID will be replaced in the future with EntityId and previous sort order cannot be maintained.'
Assets/Scripts/Core/ConveyorBelt.cs(28,58): warning CS0618: 'FindObjectsSortMode' is obsolete: 'FindObjectsSortMode has been deprecated. Use the FindObjectsByType overloads that do not take a FindObjectsSortMode parameter.'
Assets/Scripts/Core/ConveyorBelt.cs(28,32): warning CS0618: 'Object.FindObjectsByType<T>(FindObjectsSortMode)' is obsolete: 'FindObjectsByType with FindObjectsSortMode parameter has been deprecated. Use FindObjectsByType<T>() or FindObjectsByType<T>(FindObjectsInactive) instead. InstanceID will be replaced in the future with EntityId and previous sort order cannot be maintained.'
Assets/Scripts/Core/ConveyorBelt.cs(43,23): warning CS0618: 'Object.FindFirstObjectByType<T>()' is obsolete: 'FindFirstObjectByType has been deprecated because it relies on instance ID ordering. Use FindAnyObjectByType instead, which does not depend on ordering.'
Assets/Scripts/Core/HallwaySceneBuilder.cs(195,55): warning CS0618: 'FindObjectsSortMode' is obsolete: 'FindObjectsSortMode has been deprecated. Use the FindObjectsByType overloads that do not take a FindObjectsSortMode parameter.'
Assets/Scripts/Core/HallwaySceneBuilder.cs(195,29): warning CS0618: 'Object.FindObjectsByType<T>(FindObjectsSortMode)' is obsolete: 'FindObjectsByType with FindObjectsSortMode parameter has been deprecated. Use FindObjectsByType<T>() or FindObjectsByType<T>(FindObjectsInactive) instead. InstanceID will be replaced in the future with EntityId and previous sort order cannot be maintained.'
Assets/Scripts/Core/HallwaySceneBuilder.cs(215,59): warning CS0618: 'FindObjectsSortMode' is obsolete: 'FindObjectsSortMode has been deprecated. Use the FindObjectsByType overloads that do not take a FindObjectsSortMode parameter.'
Assets/Scripts/Core/HallwaySceneBuilder.cs(215,34): warning CS0618: 'Object.FindObjectsByType<T>(FindObjectsSortMode)' is obsolete: 'FindObjectsByType with FindObjectsSortMode parameter has been deprecated. Use FindObjectsByType<T>() or FindObjectsByType<T>(FindObjectsInactive) instead. InstanceID will be replaced in the future with EntityId and previous sort order cannot be maintained.'
[ScriptCompilation] Requested script compilation because: AssetDatabase observed changes in script compilation related files
info: Microsoft.AspNetCore.Hosting.Diagnostics[1]
      Request starting HTTP/2 POST http://ilpp/UnityILPP.PostProcessing/Ping - application/grpc -
info: Microsoft.AspNetCore.Routing.EndpointMiddleware[0]
      Executing endpoint 'gRPC - /UnityILPP.PostProcessing/Ping'
info: Microsoft.AspNetCore.Routing.EndpointMiddleware[1]
      Executed endpoint 'gRPC - /UnityILPP.PostProcessing/Ping'
info: Microsoft.AspNetCore.Hosting.Diagnostics[2]
      Request finished HTTP/2 POST http://ilpp/UnityILPP.PostProcessing/Ping - 200 - application/grpc 0.2453ms
Starting: /home/asif/Unity/Hub/Editor/6000.5.10f1/Editor/Data/Tools/BuildPipeline/bee_backend --ipc --defer-dag-verification --dagfile="Library/Bee/2400b0aE.dag" --continue-on-failure --profile="Library/Bee/backend1.traceevents" ScriptAssemblies
WorkingDir: /home/asif/Projects/vrGame/vrgame
info: Microsoft.AspNetCore.Hosting.Diagnostics[1]
      Request starting HTTP/2 POST http://ilpp/UnityILPP.PostProcessing/ConfigurePostProcessors - application/grpc -
info: Microsoft.AspNetCore.Routing.EndpointMiddleware[0]
      Executing endpoint 'gRPC - /UnityILPP.PostProcessing/ConfigurePostProcessors'
info: Unity.ILPP.Runner.PostProcessingAssemblyLoadContext[0]
      Current configuration matches the requested one, skipping
info: Microsoft.AspNetCore.Routing.EndpointMiddleware[1]
      Executed endpoint 'gRPC - /UnityILPP.PostProcessing/ConfigurePostProcessors'
info: Microsoft.AspNetCore.Hosting.Diagnostics[2]
      Request finished HTTP/2 POST http://ilpp/UnityILPP.PostProcessing/ConfigurePostProcessors - 200 - application/grpc 0.4545ms
Starting: /home/asif/Unity/Hub/Editor/6000.5.10f1/Editor/Data/netcorerun/netcorerun "/home/asif/Unity/Hub/Editor/6000.5.10f1/Editor/Data/Tools/BuildPipeline/ScriptCompilationBuildProgram.exe" "Library/Bee/2400b0aE.dag.json" "Library/Bee/2400b0aE-inputdata.json" "Library/Bee/buildprogram0.traceevents"
WorkingDir: /home/asif/Projects/vrGame/vrgame
ExitCode: 4 Duration: 0s402ms
[1010/1356  0s] ILPP-Configuration Library/ilpp-configuration.nevergeneratedoutput
Rebuilding DAG because FileSignature timestamp changed: Library/Bee/2400b0aE-inputdata.json
*** Tundra requires additional run (0.27 seconds), 1 items updated, 1356 evaluated
ExitCode: 0 Duration: 2s414ms
Starting: /home/asif/Unity/Hub/Editor/6000.5.10f1/Editor/Data/Tools/BuildPipeline/bee_backend --ipc --defer-dag-verification --dagfile="Library/Bee/2400b0aE.dag" --continue-on-failure --dagfilejson="Library/Bee/2400b0aE.dag.json" --profile="Library/Bee/backend2.traceevents" ScriptAssemblies
WorkingDir: /home/asif/Projects/vrGame/vrgame
info: Microsoft.AspNetCore.Hosting.Diagnostics[1]
      Request starting HTTP/2 POST http://ilpp/UnityILPP.PostProcessing/ConfigurePostProcessors - application/grpc -
info: Microsoft.AspNetCore.Routing.EndpointMiddleware[0]
      Executing endpoint 'gRPC - /UnityILPP.PostProcessing/ConfigurePostProcessors'
info: Unity.ILPP.Runner.PostProcessingAssemblyLoadContext[0]
      Current configuration matches the requested one, skipping
info: Microsoft.AspNetCore.Routing.EndpointMiddleware[1]
      Executed endpoint 'gRPC - /UnityILPP.PostProcessing/ConfigurePostProcessors'
info: Microsoft.AspNetCore.Hosting.Diagnostics[2]
      Request finished HTTP/2 POST http://ilpp/UnityILPP.PostProcessing/ConfigurePostProcessors - 200 - application/grpc 0.8349ms
info: Microsoft.AspNetCore.Hosting.Diagnostics[1]
      Request starting HTTP/2 POST http://ilpp/UnityILPP.PostProcessing/PostProcessAssembly - application/grpc -
info: Microsoft.AspNetCore.Routing.EndpointMiddleware[0]
      Executing endpoint 'gRPC - /UnityILPP.PostProcessing/PostProcessAssembly'
info: Unity.ILPP.Runner.PostProcessingPipeline[0]
      Processing assembly Library/Bee/artifacts/2400b0aE.dag/Assembly-CSharp.dll, with 136 defines and 386 references
info: Unity.ILPP.Runner.PostProcessingPipeline[0]
      processors: Unity.Jobs.CodeGen.JobsILPostProcessor, zzzUnity.Burst.CodeGen.BurstILPostProcessor
info: Unity.ILPP.Runner.PostProcessingPipeline[0]
      running Unity.Jobs.CodeGen.JobsILPostProcessor
info: Unity.ILPP.Runner.PostProcessingPipeline[0]
      running zzzUnity.Burst.CodeGen.BurstILPostProcessor
info: Microsoft.AspNetCore.Routing.EndpointMiddleware[1]
      Executed endpoint 'gRPC - /UnityILPP.PostProcessing/PostProcessAssembly'
info: Microsoft.AspNetCore.Hosting.Diagnostics[2]
      Request finished HTTP/2 POST http://ilpp/UnityILPP.PostProcessing/PostProcessAssembly - 200 - application/grpc 46.9751ms
info: Microsoft.AspNetCore.Hosting.Diagnostics[1]
      Request starting HTTP/2 POST http://ilpp/UnityILPP.PostProcessing/PostProcessAssembly - application/grpc -
info: Microsoft.AspNetCore.Routing.EndpointMiddleware[0]
      Executing endpoint 'gRPC - /UnityILPP.PostProcessing/PostProcessAssembly'
info: Unity.ILPP.Runner.PostProcessingPipeline[0]
      Processing assembly Library/Bee/artifacts/2400b0aE.dag/Assembly-CSharp-Editor.dll, with 134 defines and 401 references
info: Unity.ILPP.Runner.PostProcessingPipeline[0]
      processors: Unity.Jobs.CodeGen.JobsILPostProcessor, zzzUnity.Burst.CodeGen.BurstILPostProcessor
info: Unity.ILPP.Runner.PostProcessingPipeline[0]
      running Unity.Jobs.CodeGen.JobsILPostProcessor
info: Unity.ILPP.Runner.PostProcessingPipeline[0]
      running zzzUnity.Burst.CodeGen.BurstILPostProcessor
info: Microsoft.AspNetCore.Routing.EndpointMiddleware[1]
      Executed endpoint 'gRPC - /UnityILPP.PostProcessing/PostProcessAssembly'
info: Microsoft.AspNetCore.Hosting.Diagnostics[2]
      Request finished HTTP/2 POST http://ilpp/UnityILPP.PostProcessing/PostProcessAssembly - 200 - application/grpc 21.5129ms
ExitCode: 0 Duration: 1s163ms
Finished compiling graph: 1359 nodes, 33056 flattened edges (25784 ToBuild, 242 ToUse), maximum node priority 2124
[ 652/1356  0s] WriteText Library/Bee/artifacts/2400b0aE.dag/Assembly-CSharp.rsp
[1008/1356  0s] ILPP-Configuration Library/ilpp-configuration.nevergeneratedoutput
[1348/1356  0s] Csc Library/Bee/artifacts/2400b0aE.dag/Assembly-CSharp.dll (+2 others)
Assets/Scripts/Player/PlayerController.cs(14,13): warning CS0618: 'XRBaseController' is obsolete: 'XRBaseController has been deprecated in version 3.0.0. Its functionality has been distributed into different components.'
Assets/Scripts/Player/PlayerController.cs(20,47): warning CS0618: 'XRBaseController' is obsolete: 'XRBaseController has been deprecated in version 3.0.0. Its functionality has been distributed into different components.'
Assets/Scripts/Core/ConveyorBelt.cs(28,58): warning CS0618: 'FindObjectsSortMode' is obsolete: 'FindObjectsSortMode has been deprecated. Use the FindObjectsByType overloads that do not take a FindObjectsSortMode parameter.'
Assets/Scripts/Core/ConveyorBelt.cs(28,32): warning CS0618: 'Object.FindObjectsByType<T>(FindObjectsSortMode)' is obsolete: 'FindObjectsByType with FindObjectsSortMode parameter has been deprecated. Use FindObjectsByType<T>() or FindObjectsByType<T>(FindObjectsInactive) instead. InstanceID will be replaced in the future with EntityId and previous sort order cannot be maintained.'
Assets/Scripts/Core/ConveyorBelt.cs(43,23): warning CS0618: 'Object.FindFirstObjectByType<T>()' is obsolete: 'FindFirstObjectByType has been deprecated because it relies on instance ID ordering. Use FindAnyObjectByType instead, which does not depend on ordering.'
Assets/Scripts/Core/HallwaySceneBuilder.cs(195,55): warning CS0618: 'FindObjectsSortMode' is obsolete: 'FindObjectsSortMode has been deprecated. Use the FindObjectsByType overloads that do not take a FindObjectsSortMode parameter.'
Assets/Scripts/Core/HallwaySceneBuilder.cs(195,29): warning CS0618: 'Object.FindObjectsByType<T>(FindObjectsSortMode)' is obsolete: 'FindObjectsByType with FindObjectsSortMode parameter has been deprecated. Use FindObjectsByType<T>() or FindObjectsByType<T>(FindObjectsInactive) instead. InstanceID will be replaced in the future with EntityId and previous sort order cannot be maintained.'
Assets/Scripts/Core/HallwaySceneBuilder.cs(215,59): warning CS0618: 'FindObjectsSortMode' is obsolete: 'FindObjectsSortMode has been deprecated. Use the FindObjectsByType overloads that do not take a FindObjectsSortMode parameter.'
Assets/Scripts/Core/HallwaySceneBuilder.cs(215,34): warning CS0618: 'Object.FindObjectsByType<T>(FindObjectsSortMode)' is obsolete: 'FindObjectsByType with FindObjectsSortMode parameter has been deprecated. Use FindObjectsByType<T>() or FindObjectsByType<T>(FindObjectsInactive) instead. InstanceID will be replaced in the future with EntityId and previous sort order cannot be maintained.'
[1349/1356  0s] ILPostProcess Library/Bee/artifacts/2400b0aE.dag/post-processed/Assembly-CSharp.dll (+pdb)
Processing assembly Library/Bee/artifacts/2400b0aE.dag/Assembly-CSharp.dll, with 136 defines and 386 references
processors: Unity.Jobs.CodeGen.JobsILPostProcessor, zzzUnity.Burst.CodeGen.BurstILPostProcessor
running Unity.Jobs.CodeGen.JobsILPostProcessor
running zzzUnity.Burst.CodeGen.BurstILPostProcessor
[1350/1356  0s] CopyFiles Library/ScriptAssemblies/Assembly-CSharp.pdb
[1351/1356  0s] CopyFiles Library/ScriptAssemblies/Assembly-CSharp.dll
[1352/1356  0s] Csc Library/Bee/artifacts/2400b0aE.dag/Assembly-CSharp-Editor.dll (+2 others)
[1353/1356  0s] ILPostProcess Library/Bee/artifacts/2400b0aE.dag/post-processed/Assembly-CSharp-Editor.dll (+pdb)
Processing assembly Library/Bee/artifacts/2400b0aE.dag/Assembly-CSharp-Editor.dll, with 134 defines and 401 references
processors: Unity.Jobs.CodeGen.JobsILPostProcessor, zzzUnity.Burst.CodeGen.BurstILPostProcessor
running Unity.Jobs.CodeGen.JobsILPostProcessor
running zzzUnity.Burst.CodeGen.BurstILPostProcessor
[1354/1356  0s] CopyFiles Library/ScriptAssemblies/Assembly-CSharp-Editor.pdb
[1355/1356  0s] CopyFiles Library/ScriptAssemblies/Assembly-CSharp-Editor.dll
*** Tundra build success (1.08 seconds), 10 items updated, 1356 evaluated
Total cache size 67411408
Total cache size after purge 67411408, took 00:00:00.0437239
Assets/Scripts/Player/PlayerController.cs(14,13): warning CS0618: 'XRBaseController' is obsolete: 'XRBaseController has been deprecated in version 3.0.0. Its functionality has been distributed into different components.'
Assets/Scripts/Player/PlayerController.cs(20,47): warning CS0618: 'XRBaseController' is obsolete: 'XRBaseController has been deprecated in version 3.0.0. Its functionality has been distributed into different components.'
Assets/Scripts/Core/ConveyorBelt.cs(28,58): warning CS0618: 'FindObjectsSortMode' is obsolete: 'FindObjectsSortMode has been deprecated. Use the FindObjectsByType overloads that do not take a FindObjectsSortMode parameter.'
Assets/Scripts/Core/ConveyorBelt.cs(28,32): warning CS0618: 'Object.FindObjectsByType<T>(FindObjectsSortMode)' is obsolete: 'FindObjectsByType with FindObjectsSortMode parameter has been deprecated. Use FindObjectsByType<T>() or FindObjectsByType<T>(FindObjectsInactive) instead. InstanceID will be replaced in the future with EntityId and previous sort order cannot be maintained.'
Assets/Scripts/Core/ConveyorBelt.cs(43,23): warning CS0618: 'Object.FindFirstObjectByType<T>()' is obsolete: 'FindFirstObjectByType has been deprecated because it relies on instance ID ordering. Use FindAnyObjectByType instead, which does not depend on ordering.'
Assets/Scripts/Core/HallwaySceneBuilder.cs(195,55): warning CS0618: 'FindObjectsSortMode' is obsolete: 'FindObjectsSortMode has been deprecated. Use the FindObjectsByType overloads that do not take a FindObjectsSortMode parameter.'
Assets/Scripts/Core/HallwaySceneBuilder.cs(195,29): warning CS0618: 'Object.FindObjectsByType<T>(FindObjectsSortMode)' is obsolete: 'FindObjectsByType with FindObjectsSortMode parameter has been deprecated. Use FindObjectsByType<T>() or FindObjectsByType<T>(FindObjectsInactive) instead. InstanceID will be replaced in the future with EntityId and previous sort order cannot be maintained.'
Assets/Scripts/Core/HallwaySceneBuilder.cs(215,59): warning CS0618: 'FindObjectsSortMode' is obsolete: 'FindObjectsSortMode has been deprecated. Use the FindObjectsByType overloads that do not take a FindObjectsSortMode parameter.'
Assets/Scripts/Core/HallwaySceneBuilder.cs(215,34): warning CS0618: 'Object.FindObjectsByType<T>(FindObjectsSortMode)' is obsolete: 'FindObjectsByType with FindObjectsSortMode parameter has been deprecated. Use FindObjectsByType<T>() or FindObjectsByType<T>(FindObjectsInactive) instead. InstanceID will be replaced in the future with EntityId and previous sort order cannot be maintained.'
[ScriptCompilation] Requested script compilation because: AssetDatabase observed changes in script compilation related files
info: Microsoft.AspNetCore.Hosting.Diagnostics[1]
      Request starting HTTP/2 POST http://ilpp/UnityILPP.PostProcessing/Ping - application/grpc -
info: Microsoft.AspNetCore.Routing.EndpointMiddleware[0]
      Executing endpoint 'gRPC - /UnityILPP.PostProcessing/Ping'
info: Microsoft.AspNetCore.Routing.EndpointMiddleware[1]
      Executed endpoint 'gRPC - /UnityILPP.PostProcessing/Ping'
info: Microsoft.AspNetCore.Hosting.Diagnostics[2]
      Request finished HTTP/2 POST http://ilpp/UnityILPP.PostProcessing/Ping - 200 - application/grpc 0.2908ms
Starting: /home/asif/Unity/Hub/Editor/6000.5.10f1/Editor/Data/Tools/BuildPipeline/bee_backend --ipc --defer-dag-verification --dagfile="Library/Bee/2400b0aE.dag" --continue-on-failure --profile="Library/Bee/backend1.traceevents" ScriptAssemblies
WorkingDir: /home/asif/Projects/vrGame/vrgame
info: Microsoft.AspNetCore.Hosting.Diagnostics[1]
      Request starting HTTP/2 POST http://ilpp/UnityILPP.PostProcessing/ConfigurePostProcessors - application/grpc -
info: Microsoft.AspNetCore.Routing.EndpointMiddleware[0]
      Executing endpoint 'gRPC - /UnityILPP.PostProcessing/ConfigurePostProcessors'
info: Unity.ILPP.Runner.PostProcessingAssemblyLoadContext[0]
      Current configuration matches the requested one, skipping
info: Microsoft.AspNetCore.Routing.EndpointMiddleware[1]
      Executed endpoint 'gRPC - /UnityILPP.PostProcessing/ConfigurePostProcessors'
info: Microsoft.AspNetCore.Hosting.Diagnostics[2]
      Request finished HTTP/2 POST http://ilpp/UnityILPP.PostProcessing/ConfigurePostProcessors - 200 - application/grpc 0.4550ms
ExitCode: 4 Duration: 0s448ms
[1008/1356  0s] ILPP-Configuration Library/ilpp-configuration.nevergeneratedoutput
Rebuilding DAG because FileSignature timestamp changed: Library/Bee/2400b0aE-inputdata.json
*** Tundra requires additional run (0.33 seconds), 2 items updated, 1347 evaluated
Starting: /home/asif/Unity/Hub/Editor/6000.5.10f1/Editor/Data/netcorerun/netcorerun "/home/asif/Unity/Hub/Editor/6000.5.10f1/Editor/Data/Tools/BuildPipeline/ScriptCompilationBuildProgram.exe" "Library/Bee/2400b0aE.dag.json" "Library/Bee/2400b0aE-inputdata.json" "Library/Bee/buildprogram0.traceevents"
WorkingDir: /home/asif/Projects/vrGame/vrgame
ExitCode: 0 Duration: 2s445ms
Starting: /home/asif/Unity/Hub/Editor/6000.5.10f1/Editor/Data/Tools/BuildPipeline/bee_backend --ipc --defer-dag-verification --dagfile="Library/Bee/2400b0aE.dag" --continue-on-failure --dagfilejson="Library/Bee/2400b0aE.dag.json" --profile="Library/Bee/backend2.traceevents" ScriptAssemblies
WorkingDir: /home/asif/Projects/vrGame/vrgame
info: Microsoft.AspNetCore.Hosting.Diagnostics[1]
      Request starting HTTP/2 POST http://ilpp/UnityILPP.PostProcessing/ConfigurePostProcessors - application/grpc -
info: Microsoft.AspNetCore.Routing.EndpointMiddleware[0]
      Executing endpoint 'gRPC - /UnityILPP.PostProcessing/ConfigurePostProcessors'
info: Unity.ILPP.Runner.PostProcessingAssemblyLoadContext[0]
      Current configuration matches the requested one, skipping
info: Microsoft.AspNetCore.Routing.EndpointMiddleware[1]
      Executed endpoint 'gRPC - /UnityILPP.PostProcessing/ConfigurePostProcessors'
info: Microsoft.AspNetCore.Hosting.Diagnostics[2]
      Request finished HTTP/2 POST http://ilpp/UnityILPP.PostProcessing/ConfigurePostProcessors - 200 - application/grpc 0.3802ms
info: Microsoft.AspNetCore.Hosting.Diagnostics[1]
      Request starting HTTP/2 POST http://ilpp/UnityILPP.PostProcessing/PostProcessAssembly - application/grpc -
info: Microsoft.AspNetCore.Routing.EndpointMiddleware[0]
      Executing endpoint 'gRPC - /UnityILPP.PostProcessing/PostProcessAssembly'
info: Unity.ILPP.Runner.PostProcessingPipeline[0]
      Processing assembly Library/Bee/artifacts/2400b0aE.dag/Assembly-CSharp.dll, with 136 defines and 386 references
info: Unity.ILPP.Runner.PostProcessingPipeline[0]
      processors: Unity.Jobs.CodeGen.JobsILPostProcessor, zzzUnity.Burst.CodeGen.BurstILPostProcessor
info: Unity.ILPP.Runner.PostProcessingPipeline[0]
      running Unity.Jobs.CodeGen.JobsILPostProcessor
info: Unity.ILPP.Runner.PostProcessingPipeline[0]
      running zzzUnity.Burst.CodeGen.BurstILPostProcessor
info: Microsoft.AspNetCore.Routing.EndpointMiddleware[1]
      Executed endpoint 'gRPC - /UnityILPP.PostProcessing/PostProcessAssembly'
info: Microsoft.AspNetCore.Hosting.Diagnostics[2]
      Request finished HTTP/2 POST http://ilpp/UnityILPP.PostProcessing/PostProcessAssembly - 200 - application/grpc 41.1859ms
info: Microsoft.AspNetCore.Hosting.Diagnostics[1]
      Request starting HTTP/2 POST http://ilpp/UnityILPP.PostProcessing/PostProcessAssembly - application/grpc -
info: Microsoft.AspNetCore.Routing.EndpointMiddleware[0]
      Executing endpoint 'gRPC - /UnityILPP.PostProcessing/PostProcessAssembly'
info: Unity.ILPP.Runner.PostProcessingPipeline[0]
      Processing assembly Library/Bee/artifacts/2400b0aE.dag/Assembly-CSharp-Editor.dll, with 134 defines and 401 references
info: Unity.ILPP.Runner.PostProcessingPipeline[0]
      processors: Unity.Jobs.CodeGen.JobsILPostProcessor, zzzUnity.Burst.CodeGen.BurstILPostProcessor
info: Unity.ILPP.Runner.PostProcessingPipeline[0]
      running Unity.Jobs.CodeGen.JobsILPostProcessor
info: Unity.ILPP.Runner.PostProcessingPipeline[0]
      running zzzUnity.Burst.CodeGen.BurstILPostProcessor
info: Microsoft.AspNetCore.Routing.EndpointMiddleware[1]
      Executed endpoint 'gRPC - /UnityILPP.PostProcessing/PostProcessAssembly'
info: Microsoft.AspNetCore.Hosting.Diagnostics[2]
      Request finished HTTP/2 POST http://ilpp/UnityILPP.PostProcessing/PostProcessAssembly - 200 - application/grpc 16.2048ms
ExitCode: 0 Duration: 1s16ms
Finished compiling graph: 1359 nodes, 33056 flattened edges (25784 ToBuild, 242 ToUse), maximum node priority 2124
[ 646/1356  0s] WriteText Library/Bee/artifacts/2400b0aE.dag/Assembly-CSharp.rsp
[ 924/1356  0s] ILPP-Configuration Library/ilpp-configuration.nevergeneratedoutput
[1348/1356  0s] Csc Library/Bee/artifacts/2400b0aE.dag/Assembly-CSharp.dll (+2 others)
Assets/Scripts/Player/PlayerController.cs(14,13): warning CS0618: 'XRBaseController' is obsolete: 'XRBaseController has been deprecated in version 3.0.0. Its functionality has been distributed into different components.'
Assets/Scripts/Core/ConveyorBelt.cs(28,58): warning CS0618: 'FindObjectsSortMode' is obsolete: 'FindObjectsSortMode has been deprecated. Use the FindObjectsByType overloads that do not take a FindObjectsSortMode parameter.'
Assets/Scripts/Core/ConveyorBelt.cs(28,32): warning CS0618: 'Object.FindObjectsByType<T>(FindObjectsSortMode)' is obsolete: 'FindObjectsByType with FindObjectsSortMode parameter has been deprecated. Use FindObjectsByType<T>() or FindObjectsByType<T>(FindObjectsInactive) instead. InstanceID will be replaced in the future with EntityId and previous sort order cannot be maintained.'
Assets/Scripts/Player/PlayerController.cs(20,47): warning CS0618: 'XRBaseController' is obsolete: 'XRBaseController has been deprecated in version 3.0.0. Its functionality has been distributed into different components.'
Assets/Scripts/Combat/GunController.cs(50,34): warning CS0618: 'Object.FindFirstObjectByType<T>()' is obsolete: 'FindFirstObjectByType has been deprecated because it relies on instance ID ordering. Use FindAnyObjectByType instead, which does not depend on ordering.'
Assets/Scripts/Core/ConveyorBelt.cs(43,23): warning CS0618: 'Object.FindFirstObjectByType<T>()' is obsolete: 'FindFirstObjectByType has been deprecated because it relies on instance ID ordering. Use FindAnyObjectByType instead, which does not depend on ordering.'
Assets/Scripts/Core/HallwaySceneBuilder.cs(200,55): warning CS0618: 'FindObjectsSortMode' is obsolete: 'FindObjectsSortMode has been deprecated. Use the FindObjectsByType overloads that do not take a FindObjectsSortMode parameter.'
Assets/Scripts/Core/HallwaySceneBuilder.cs(200,29): warning CS0618: 'Object.FindObjectsByType<T>(FindObjectsSortMode)' is obsolete: 'FindObjectsByType with FindObjectsSortMode parameter has been deprecated. Use FindObjectsByType<T>() or FindObjectsByType<T>(FindObjectsInactive) instead. InstanceID will be replaced in the future with EntityId and previous sort order cannot be maintained.'
Assets/Scripts/Core/HallwaySceneBuilder.cs(220,59): warning CS0618: 'FindObjectsSortMode' is obsolete: 'FindObjectsSortMode has been deprecated. Use the FindObjectsByType overloads that do not take a FindObjectsSortMode parameter.'
Assets/Scripts/Core/HallwaySceneBuilder.cs(220,34): warning CS0618: 'Object.FindObjectsByType<T>(FindObjectsSortMode)' is obsolete: 'FindObjectsByType with FindObjectsSortMode parameter has been deprecated. Use FindObjectsByType<T>() or FindObjectsByType<T>(FindObjectsInactive) instead. InstanceID will be replaced in the future with EntityId and previous sort order cannot be maintained.'
[1349/1356  0s] ILPostProcess Library/Bee/artifacts/2400b0aE.dag/post-processed/Assembly-CSharp.dll (+pdb)
Processing assembly Library/Bee/artifacts/2400b0aE.dag/Assembly-CSharp.dll, with 136 defines and 386 references
processors: Unity.Jobs.CodeGen.JobsILPostProcessor, zzzUnity.Burst.CodeGen.BurstILPostProcessor
running Unity.Jobs.CodeGen.JobsILPostProcessor
running zzzUnity.Burst.CodeGen.BurstILPostProcessor
[1350/1356  0s] CopyFiles Library/ScriptAssemblies/Assembly-CSharp.dll
[1351/1356  0s] CopyFiles Library/ScriptAssemblies/Assembly-CSharp.pdb
[1352/1356  0s] Csc Library/Bee/artifacts/2400b0aE.dag/Assembly-CSharp-Editor.dll (+2 others)
[1353/1356  0s] ILPostProcess Library/Bee/artifacts/2400b0aE.dag/post-processed/Assembly-CSharp-Editor.dll (+pdb)
Processing assembly Library/Bee/artifacts/2400b0aE.dag/Assembly-CSharp-Editor.dll, with 134 defines and 401 references
processors: Unity.Jobs.CodeGen.JobsILPostProcessor, zzzUnity.Burst.CodeGen.BurstILPostProcessor
running Unity.Jobs.CodeGen.JobsILPostProcessor
running zzzUnity.Burst.CodeGen.BurstILPostProcessor
[1354/1356  0s] CopyFiles Library/ScriptAssemblies/Assembly-CSharp-Editor.pdb
[1355/1356  0s] CopyFiles Library/ScriptAssemblies/Assembly-CSharp-Editor.dll
*** Tundra build success (0.93 seconds), 10 items updated, 1356 evaluated
Total cache size 67411408
Total cache size after purge 67411408, took 00:00:00.0390798
Assets/Scripts/Player/PlayerController.cs(14,13): warning CS0618: 'XRBaseController' is obsolete: 'XRBaseController has been deprecated in version 3.0.0. Its functionality has been distributed into different components.'
Assets/Scripts/Core/ConveyorBelt.cs(28,58): warning CS0618: 'FindObjectsSortMode' is obsolete: 'FindObjectsSortMode has been deprecated. Use the FindObjectsByType overloads that do not take a FindObjectsSortMode parameter.'
Assets/Scripts/Core/ConveyorBelt.cs(28,32): warning CS0618: 'Object.FindObjectsByType<T>(FindObjectsSortMode)' is obsolete: 'FindObjectsByType with FindObjectsSortMode parameter has been deprecated. Use FindObjectsByType<T>() or FindObjectsByType<T>(FindObjectsInactive) instead. InstanceID will be replaced in the future with EntityId and previous sort order cannot be maintained.'
Assets/Scripts/Player/PlayerController.cs(20,47): warning CS0618: 'XRBaseController' is obsolete: 'XRBaseController has been deprecated in version 3.0.0. Its functionality has been distributed into different components.'
Assets/Scripts/Combat/GunController.cs(50,34): warning CS0618: 'Object.FindFirstObjectByType<T>()' is obsolete: 'FindFirstObjectByType has been deprecated because it relies on instance ID ordering. Use FindAnyObjectByType instead, which does not depend on ordering.'
Assets/Scripts/Core/ConveyorBelt.cs(43,23): warning CS0618: 'Object.FindFirstObjectByType<T>()' is obsolete: 'FindFirstObjectByType has been deprecated because it relies on instance ID ordering. Use FindAnyObjectByType instead, which does not depend on ordering.'
Assets/Scripts/Core/HallwaySceneBuilder.cs(200,55): warning CS0618: 'FindObjectsSortMode' is obsolete: 'FindObjectsSortMode has been deprecated. Use the FindObjectsByType overloads that do not take a FindObjectsSortMode parameter.'
Assets/Scripts/Core/HallwaySceneBuilder.cs(200,29): warning CS0618: 'Object.FindObjectsByType<T>(FindObjectsSortMode)' is obsolete: 'FindObjectsByType with FindObjectsSortMode parameter has been deprecated. Use FindObjectsByType<T>() or FindObjectsByType<T>(FindObjectsInactive) instead. InstanceID will be replaced in the future with EntityId and previous sort order cannot be maintained.'
Assets/Scripts/Core/HallwaySceneBuilder.cs(220,59): warning CS0618: 'FindObjectsSortMode' is obsolete: 'FindObjectsSortMode has been deprecated. Use the FindObjectsByType overloads that do not take a FindObjectsSortMode parameter.'
Assets/Scripts/Core/HallwaySceneBuilder.cs(220,34): warning CS0618: 'Object.FindObjectsByType<T>(FindObjectsSortMode)' is obsolete: 'FindObjectsByType with FindObjectsSortMode parameter has been deprecated. Use FindObjectsByType<T>() or FindObjectsByType<T>(FindObjectsInactive) instead. InstanceID will be replaced in the future with EntityId and previous sort order cannot be maintained.'
Assets/Scripts/Core/ConveyorBelt.cs(28,32): warning CS0618: 'Object.FindObjectsByType<T>(FindObjectsSortMode)' is obsolete: 'FindObjectsByType with FindObjectsSortMode parameter has been deprecated. Use FindObjectsByType<T>() or FindObjectsByType<T>(FindObjectsInactive) instead. InstanceID will be replaced in the future with EntityId and previous sort order cannot be maintained.'
Assets/Scripts/Player/PlayerController.cs(20,47): warning CS0618: 'XRBaseController' is obsolete: 'XRBaseController has been deprecated in version 3.0.0. Its functionality has been distributed into different components.'
Assets/Scripts/Combat/GunController.cs(50,34): warning CS0618: 'Object.FindFirstObjectByType<T>()' is obsolete: 'FindFirstObjectByType has been deprecated because it relies on instance ID ordering. Use FindAnyObjectByType instead, which does not depend on ordering.'
Assets/Scripts/Core/ConveyorBelt.cs(43,23): warning CS0618: 'Object.FindFirstObjectByType<T>()' is obsolete: 'FindFirstObjectByType has been deprecated because it relies on instance ID ordering. Use FindAnyObjectByType instead, which does not depend on ordering.'
Assets/Scripts/Core/HallwaySceneBuilder.cs(200,55): warning CS0618: 'FindObjectsSortMode' is obsolete: 'FindObjectsSortMode has been deprecated. Use the FindObjectsByType overloads that do not take a FindObjectsSortMode parameter.'
Assets/Scripts/Core/HallwaySceneBuilder.cs(200,29): warning CS0618: 'Object.FindObjectsByType<T>(FindObjectsSortMode)' is obsolete: 'FindObjectsByType with FindObjectsSortMode parameter has been deprecated. Use FindObjectsByType<T>() or FindObjectsByType<T>(FindObjectsInactive) instead. InstanceID will be replaced in the future with EntityId and previous sort order cannot be maintained.'
Assets/Scripts/Core/HallwaySceneBuilder.cs(220,59): warning CS0618: 'FindObjectsSortMode' is obsolete: 'FindObjectsSortMode has been deprecated. Use the FindObjectsByType overloads that do not take a FindObjectsSortMode parameter.'
Assets/Scripts/Core/HallwaySceneBuilder.cs(220,34): warning CS0618: 'Object.FindObjectsByType<T>(FindObjectsSortMode)' is obsolete: 'FindObjectsByType with FindObjectsSortMode parameter has been deprecated. Use FindObjectsByType<T>() or FindObjectsByType<T>(FindObjectsInactive) instead. InstanceID will be replaced in the future with EntityId and previous sort order cannot be maintained.'
[ScriptCompilation] Requested script compilation because: AssetDatabase observed changes in script compilation related files
info: Microsoft.AspNetCore.Hosting.Diagnostics[1]
      Request starting HTTP/2 POST http://ilpp/UnityILPP.PostProcessing/Ping - application/grpc -
info: Microsoft.AspNetCore.Routing.EndpointMiddleware[0]
      Executing endpoint 'gRPC - /UnityILPP.PostProcessing/Ping'
info: Microsoft.AspNetCore.Routing.EndpointMiddleware[1]
      Executed endpoint 'gRPC - /UnityILPP.PostProcessing/Ping'
info: Microsoft.AspNetCore.Hosting.Diagnostics[2]
      Request finished HTTP/2 POST http://ilpp/UnityILPP.PostProcessing/Ping - 200 - application/grpc 0.2511ms
Starting: /home/asif/Unity/Hub/Editor/6000.5.10f1/Editor/Data/Tools/BuildPipeline/bee_backend --ipc --defer-dag-verification --dagfile="Library/Bee/2400b0aE.dag" --continue-on-failure --profile="Library/Bee/backend1.traceevents" ScriptAssemblies
WorkingDir: /home/asif/Projects/vrGame/vrgame
info: Microsoft.AspNetCore.Hosting.Diagnostics[1]
      Request starting HTTP/2 POST http://ilpp/UnityILPP.PostProcessing/ConfigurePostProcessors - application/grpc -
info: Microsoft.AspNetCore.Routing.EndpointMiddleware[0]
      Executing endpoint 'gRPC - /UnityILPP.PostProcessing/ConfigurePostProcessors'
info: Unity.ILPP.Runner.PostProcessingAssemblyLoadContext[0]
      Current configuration matches the requested one, skipping
info: Microsoft.AspNetCore.Routing.EndpointMiddleware[1]
      Executed endpoint 'gRPC - /UnityILPP.PostProcessing/ConfigurePostProcessors'
info: Microsoft.AspNetCore.Hosting.Diagnostics[2]
      Request finished HTTP/2 POST http://ilpp/UnityILPP.PostProcessing/ConfigurePostProcessors - 200 - application/grpc 0.5514ms
ExitCode: 0 Duration: 0s368ms
[1010/1356  0s] ILPP-Configuration Library/ilpp-configuration.nevergeneratedoutput
*** Tundra build success (0.27 seconds), 1 items updated, 1356 evaluated
Total cache size 67411408
Total cache size after purge 67411408, took 00:00:00.0334014
Reloading assemblies after forced synchronous recompile.
Begin MonoManager ReloadAssembly
NullReferenceException: SerializedObject of SerializedProperty has been Disposed.
  at UnityEditor.SerializedProperty.get_stringValue () [0x00007] in /home/bokken/build/output/unity/unity/Editor/Mono/SerializedProperty.bindings.cs:1205 
  at UnityEditor.GameObjectInspector.OnDisable () [0x00053] in /home/bokken/build/output/unity/unity/Editor/Mono/Inspector/GameObjectInspector.cs:386 
UnityEngine.Object:DestroyImmediate_Injected(IntPtr, Boolean)
UnityEngine.Object:DestroyImmediate(Object, Boolean)
UnityEngine.Object:DestroyImmediate(Object) (at /home/bokken/build/output/unity/unity/Runtime/Export/Scripting/UnityEngineObject.bindings.cs:718)
UnityEditor.EditorWrapper:Dispose() (at /home/bokken/build/output/unity/unity/Editor/Mono/GUI/EditorCache.cs:102)
UnityEditor.EditorCache:CleanupUntouchedEditors() (at /home/bokken/build/output/unity/unity/Editor/Mono/GUI/EditorCache.cs:162)
UnityEditor.EditorCache:CleanupAllEditors() (at /home/bokken/build/output/unity/unity/Editor/Mono/GUI/EditorCache.cs:172)
UnityEditor.EditorCache:Dispose() (at /home/bokken/build/output/unity/unity/Editor/Mono/GUI/EditorCache.cs:177)
UnityEditor.SceneView:CleanupEditorDragFunctions() (at /home/bokken/build/output/unity/unity/Editor/Mono/SceneView/SceneView.cs:3721)
UnityEditor.SceneView:OnDisable() (at /home/bokken/build/output/unity/unity/Editor/Mono/SceneView/SceneView.cs:1720)

(Filename: /home/bokken/build/output/unity/unity/Editor/Mono/SerializedProperty.bindings.cs Line: 1205)

Native extension for LinuxStandalone target not found
Native extension for Android target not found
[MODES] ModeService[none].Initialize
[MODES] ModeService[none].LoadModes
ScheduleIndexationOnStartup MainProcess:True IndexOnStartup:True
[Licensing::Client] Successfully resolved entitlement details
Mono: successfully reloaded assembly
- Finished resetting the current domain, in  3.145 seconds
Domain Reload Profiling: 4817ms
	BeginReloadAssembly (1116ms)
		DisableScriptedObjects (162ms)
		CreateAndSetChildDomain (368ms)
	RebuildCommonClasses (10ms)
	RebuildNativeTypeToScriptingClass (13ms)
	initialDomainReloadingComplete (63ms)
	LoadAllAssembliesAndSetupDomain (468ms)
		LoadAssemblies (204ms)
		AnalyzeDomain (240ms)
			TypeCache.Refresh (21ms)
			BuildScriptInfoCaches (188ms)
			ResolveRequiredComponents (29ms)
	FinalizeReload (3147ms)
		SetupLoadedEditorAssemblies (0ms)
			InitializePlatformSupportModulesInManaged (33ms)
			BeforeProcessingInitializeOnLoad (274ms)
			ProcessInitializeOnLoadAttributes (926ms)
			ProcessInitializeOnLoadMethodAttributes (169ms)
			AfterProcessingInitializeOnLoad (3ms)
		AwakeInstancesAfterBackupRestoration (890ms)
[ScriptCompilation] Requested script compilation because: AssetDatabase observed changes in script compilation related files
info: Microsoft.AspNetCore.Hosting.Diagnostics[1]
      Request starting HTTP/2 POST http://ilpp/UnityILPP.PostProcessing/Ping - application/grpc -
info: Microsoft.AspNetCore.Routing.EndpointMiddleware[0]
      Executing endpoint 'gRPC - /UnityILPP.PostProcessing/Ping'
info: Microsoft.AspNetCore.Routing.EndpointMiddleware[1]
      Executed endpoint 'gRPC - /UnityILPP.PostProcessing/Ping'
info: Microsoft.AspNetCore.Hosting.Diagnostics[2]
      Request finished HTTP/2 POST http://ilpp/UnityILPP.PostProcessing/Ping - 200 - application/grpc 0.2286ms
Starting: /home/asif/Unity/Hub/Editor/6000.5.10f1/Editor/Data/Tools/BuildPipeline/bee_backend --ipc --defer-dag-verification --dagfile="Library/Bee/2400b0aE.dag" --continue-on-failure --profile="Library/Bee/backend1.traceevents" ScriptAssemblies
WorkingDir: /home/asif/Projects/vrGame/vrgame
info: Microsoft.AspNetCore.Hosting.Diagnostics[1]
      Request starting HTTP/2 POST http://ilpp/UnityILPP.PostProcessing/ConfigurePostProcessors - application/grpc -
info: Microsoft.AspNetCore.Routing.EndpointMiddleware[0]
      Executing endpoint 'gRPC - /UnityILPP.PostProcessing/ConfigurePostProcessors'
info: Unity.ILPP.Runner.PostProcessingAssemblyLoadContext[0]
      Current configuration matches the requested one, skipping
info: Microsoft.AspNetCore.Routing.EndpointMiddleware[1]
      Executed endpoint 'gRPC - /UnityILPP.PostProcessing/ConfigurePostProcessors'
info: Microsoft.AspNetCore.Hosting.Diagnostics[2]
      Request finished HTTP/2 POST http://ilpp/UnityILPP.PostProcessing/ConfigurePostProcessors - 200 - application/grpc 1.0648ms
ExitCode: 3 Duration: 0s316ms
[1008/1356  0s] ILPP-Configuration Library/ilpp-configuration.nevergeneratedoutput
[1348/1356  0s] Csc Library/Bee/artifacts/2400b0aE.dag/Assembly-CSharp.dll (+2 others)
##### CommandLine
"/home/asif/Unity/Hub/Editor/6000.5.10f1/Editor/Data/DotNetSdk/dotnet" exec "/home/asif/Unity/Hub/Editor/6000.5.10f1/Editor/Data/DotNetSdk/sdk/8.0.318/Roslyn/bincore/csc.dll" /nostdlib /noconfig /shared "@Library/Bee/artifacts/2400b0aE.dag/Assembly-CSharp.rsp" "@Library/Bee/artifacts/2400b0aE.dag/Assembly-CSharp.rsp2"
##### Contents of Library/Bee/artifacts/2400b0aE.dag/Assembly-CSharp.rsp
-target:library
-out:"Library/Bee/artifacts/2400b0aE.dag/Assembly-CSharp.dll"
-refout:"Library/Bee/artifacts/2400b0aE.dag/Assembly-CSharp.ref.dll"
-define:UNITY_6000_5_10
-define:UNITY_6000_5
-define:UNITY_6000
-define:UNITY_5_3_OR_NEWER
-define:UNITY_5_4_OR_NEWER
-define:UNITY_5_5_OR_NEWER
-define:UNITY_5_6_OR_NEWER
-define:UNITY_2017_1_OR_NEWER
-define:UNITY_2017_2_OR_NEWER
-define:UNITY_2017_3_OR_NEWER
-define:UNITY_2017_4_OR_NEWER
-define:UNITY_2018_1_OR_NEWER
-define:UNITY_2018_2_OR_NEWER
-define:UNITY_2018_3_OR_NEWER
-define:UNITY_2018_4_OR_NEWER
-define:UNITY_2019_1_OR_NEWER
-define:UNITY_2019_2_OR_NEWER
-define:UNITY_2019_3_OR_NEWER
-define:UNITY_2019_4_OR_NEWER
-define:UNITY_2020_1_OR_NEWER
-define:UNITY_2020_2_OR_NEWER
-define:UNITY_2020_3_OR_NEWER
-define:UNITY_2021_1_OR_NEWER
-define:UNITY_2021_2_OR_NEWER
-define:UNITY_2021_3_OR_NEWER
-define:UNITY_2022_1_OR_NEWER
-define:UNITY_2022_2_OR_NEWER
-define:UNITY_2022_3_OR_NEWER
-define:UNITY_2023_1_OR_NEWER
-define:UNITY_2023_2_OR_NEWER
-define:UNITY_2023_3_OR_NEWER
-define:UNITY_6000_0_OR_NEWER
-define:UNITY_6000_1_OR_NEWER
-define:UNITY_6000_2_OR_NEWER
-define:UNITY_6000_3_OR_NEWER
-define:UNITY_6000_4_OR_NEWER
-define:UNITY_6000_5_OR_NEWER
-define:PLATFORM_ARCH_64
-define:UNITY_64
-define:UNITY_INCLUDE_TESTS
-define:UNITY_ENABLE_CLOUD_SERVICES_ENGINE_DIAGNOSTICS_MANAGED
-define:ENABLE_AUDIO
-define:ENABLE_AUDIO_SCRIPTABLE_PIPELINE
-define:ENABLE_CACHING
-define:ENABLE_CLOTH
-define:ENABLE_MICROPHONE
-define:ENABLE_MULTIPLE_DISPLAYS
-define:ENABLE_PHYSICS
-define:ENABLE_TEXTURE_STREAMING
-define:ENABLE_VIRTUALTEXTURING
-define:ENABLE_LZMA
-define:ENABLE_UNITYEVENTS
-define:ENABLE_VR
-define:ENABLE_WEBCAM
-define:ENABLE_UNITYWEBREQUEST
-define:ENABLE_WWW
-define:ENABLE_CLOUD_SERVICES
-define:ENABLE_CLOUD_SERVICES_ADS
-define:ENABLE_CLOUD_SERVICES_USE_WEBREQUEST
-define:ENABLE_UNITY_CONSENT
-define:ENABLE_UNITY_CLOUD_IDENTIFIERS
-define:ENABLE_CLOUD_SERVICES_CRASH_REPORTING
-define:ENABLE_CLOUD_SERVICES_PURCHASING
-define:ENABLE_CLOUD_SERVICES_ANALYTICS
-define:ENABLE_CLOUD_SERVICES_BUILD
-define:ENABLE_EDITOR_GAME_SERVICES
-define:ENABLE_UNITY_GAME_SERVICES_ANALYTICS_SUPPORT
-define:ENABLE_CLOUD_LICENSE
-define:ENABLE_EDITOR_HUB_LICENSE
-define:ENABLE_WEBSOCKET_CLIENT
-define:ENABLE_GENERATE_NATIVE_PLUGINS_FOR_ASSEMBLIES_API
-define:ENABLE_DIRECTOR_AUDIO
-define:ENABLE_DIRECTOR_TEXTURE
-define:ENABLE_MANAGED_JOBS
-define:ENABLE_MANAGED_TRANSFORM_JOBS
-define:ENABLE_MANAGED_ANIMATION_JOBS
-define:ENABLE_MANAGED_AUDIO_JOBS
-define:ENABLE_MANAGED_UNITYTLS
-define:INCLUDE_DYNAMIC_GI
-define:ENABLE_SCRIPTING_GC_WBARRIERS
-define:PLATFORM_SUPPORTS_MONO
-define:RENDER_SOFTWARE_CURSOR
-define:ENABLE_MARSHALLING_TESTS
-define:ENABLE_VIDEO
-define:ENABLE_NAVIGATION_OFFMESHLINK_TO_NAVMESHLINK
-define:ENABLE_ACCELERATOR_CLIENT_DEBUGGING
-define:TEXTCORE_1_0_OR_NEWER
-define:EDITOR_ONLY_NAVMESH_BUILDER_DEPRECATED
-define:PLATFORM_STANDALONE_LINUX
-define:PLATFORM_STANDALONE
-define:UNITY_STANDALONE_LINUX
-define:UNITY_STANDALONE
-define:UNITY_STANDALONE_LINUX_API
-define:ENABLE_RUNTIME_GI
-define:ENABLE_MOVIES
-define:ENABLE_NETWORK
-define:ENABLE_CRUNCH_TEXTURE_COMPRESSION
-define:ENABLE_CLUSTER_SYNC
-define:ENABLE_CLUSTERINPUT
-define:ENABLE_SPATIALTRACKING
-define:ENABLE_MODULAR_UNITYENGINE_ASSEMBLIES
-define:PLATFORM_SUPPORTS_SPLIT_GRAPHICS_JOBS
-define:PLATFORM_USES_EXPLICIT_MEMORY_MANAGER_INITIALIZER
-define:PLATFORM_SUPPORTS_DISPLAYINFO_API
-define:ENABLE_MONO
-define:NET_STANDARD_2_0
-define:NET_STANDARD
-define:NET_STANDARD_2_1
-define:NETSTANDARD
-define:NETSTANDARD2_1
-define:ENABLE_PROFILER
-define:DEBUG
-define:TRACE
-define:UNITY_ASSERTIONS
-define:UNITY_EDITOR
-define:UNITY_EDITOR_64
-define:UNITY_EDITOR_LINUX
-define:ENABLE_UNITY_COLLECTIONS_CHECKS
-define:ENABLE_BURST_AOT
-define:UNITY_TEAM_LICENSE
-define:ENABLE_CUSTOM_RENDER_TEXTURE
-define:ENABLE_DIRECTOR
-define:ENABLE_LOCALIZATION
-define:ENABLE_SPRITES
-define:ENABLE_TERRAIN
-define:ENABLE_TILEMAP
-define:ENABLE_TIMELINE
-define:ENABLE_INPUT_SYSTEM
-define:TEXTCORE_FONT_ENGINE_1_5_OR_NEWER
-define:TEXTCORE_TEXT_ENGINE_1_5_OR_NEWER
-define:TEXTCORE_FONT_ENGINE_1_6_OR_NEWER
-define:USE_INPUT_SYSTEM_POSE_CONTROL
-define:UNITY_POST_PROCESSING_STACK_V2
-define:USE_STICK_CONTROL_THUMBSTICKS
-define:CSHARP_7_OR_LATER
-define:CSHARP_7_3_OR_NEWER
-r:"/home/asif/Unity/Hub/Editor/6000.5.10f1/Editor/Data/BCLExtensions/TargetingPacks/netstandard2.1/ref/Microsoft.Bcl.AsyncInterfaces.dll"
-r:"/home/asif/Unity/Hub/Editor/6000.5.10f1/Editor/Data/BCLExtensions/TargetingPacks/netstandard2.1/ref/Microsoft.Extensions.DependencyInjection.Abstractions.dll"
-r:"/home/asif/Unity/Hub/Editor/6000.5.10f1/Editor/Data/BCLExtensions/TargetingPacks/netstandard2.1/ref/Microsoft.Extensions.Logging.Abstractions.dll"
-r:"/home/asif/Unity/Hub/Editor/6000.5.10f1/Editor/Data/BCLExtensions/TargetingPacks/netstandard2.1/ref/System.Collections.Immutable.dll"
-r:"/home/asif/Unity/Hub/Editor/6000.5.10f1/Editor/Data/BCLExtensions/TargetingPacks/netstandard2.1/ref/System.Diagnostics.DiagnosticSource.dll"
-r:"/home/asif/Unity/Hub/Editor/6000.5.10f1/Editor/Data/BCLExtensions/TargetingPacks/netstandard2.1/ref/System.IO.Hashing.dll"
-r:"/home/asif/Unity/Hub/Editor/6000.5.10f1/Editor/Data/BCLExtensions/TargetingPacks/netstandard2.1/ref/System.Reflection.Metadata.dll"
-r:"/home/asif/Unity/Hub/Editor/6000.5.10f1/Editor/Data/BCLExtensions/TargetingPacks/netstandard2.1/ref/System.Runtime.CompilerServices.Unsafe.dll"
-r:"/home/asif/Unity/Hub/Editor/6000.5.10f1/Editor/Data/BCLExtensions/TargetingPacks/netstandard2.1/ref/System.Text.Encodings.Web.dll"
-r:"/home/asif/Unity/Hub/Editor/6000.5.10f1/Editor/Data/BCLExtensions/TargetingPacks/netstandard2.1/ref/System.Text.Json.dll"
-r:"/home/asif/Unity/Hub/Editor/6000.5.10f1/Editor/Data/Managed/UnityEngine/Unity.Scripting.dll"
-r:"/home/asif/Unity/Hub/Editor/6000.5.10f1/Editor/Data/Managed/UnityEngine/UnityEditor.AIModule.dll"
-r:"/home/asif/Unity/Hub/Editor/6000.5.10f1/Editor/Data/Managed/UnityEngine/UnityEditor.AccessibilityModule.dll"
-r:"/home/asif/Unity/Hub/Editor/6000.5.10f1/Editor/Data/Managed/UnityEngine/UnityEditor.AdaptivePerformanceModule.dll"
-r:"/home/asif/Unity/Hub/Editor/6000.5.10f1/Editor/Data/Managed/UnityEngine/UnityEditor.AssetComplianceModule.dll"
-r:"/home/asif/Unity/Hub/Editor/6000.5.10f1/Editor/Data/Managed/UnityEngine/UnityEditor.BuildProfileModule.dll"
-r:"/home/asif/Unity/Hub/Editor/6000.5.10f1/Editor/Data/Managed/UnityEngine/UnityEditor.ClothModule.dll"
-r:"/home/asif/Unity/Hub/Editor/6000.5.10f1/Editor/Data/Managed/UnityEngine/UnityEditor.ContentLoadModule.dll"
-r:"/home/asif/Unity/Hub/Editor/6000.5.10f1/Editor/Data/Managed/UnityEngine/UnityEditor.CoreBusinessMetricsModule.dll"
-r:"/home/asif/Unity/Hub/Editor/6000.5.10f1/Editor/Data/Managed/UnityEngine/UnityEditor.CoreModule.dll"
-r:"/home/asif/Unity/Hub/Editor/6000.5.10f1/Editor/Data/Managed/UnityEngine/UnityEditor.DeviceSimulatorModule.dll"
-r:"/home/asif/Unity/Hub/Editor/6000.5.10f1/Editor/Data/Managed/UnityEngine/UnityEditor.DiagnosticsModule.dll"
-r:"/home/asif/Unity/Hub/Editor/6000.5.10f1/Editor/Data/Managed/UnityEngine/UnityEditor.EditorToolbarModule.dll"
-r:"/home/asif/Unity/Hub/Editor/6000.5.10f1/Editor/Data/Managed/UnityEngine/UnityEditor.EmbreeModule.dll"
-r:"/home/asif/Unity/Hub/Editor/6000.5.10f1/Editor/Data/Managed/UnityEngine/UnityEditor.GIModule.dll"
-r:"/home/asif/Unity/Hub/Editor/6000.5.10f1/Editor/Data/Managed/UnityEngine/UnityEditor.GenericRemoteModule.dll"
-r:"/home/asif/Unity/Hub/Editor/6000.5.10f1/Editor/Data/Managed/UnityEngine/UnityEditor.GraphToolkitModule.dll"
-r:"/home/asif/Unity/Hub/Editor/6000.5.10f1/Editor/Data/Managed/UnityEngine/UnityEditor.GraphViewModule.dll"
-r:"/home/asif/Unity/Hub/Editor/6000.5.10f1/Editor/Data/Managed/UnityEngine/UnityEditor.GraphicsStateCollectionSerializerModule.dll"
-r:"/home/asif/Unity/Hub/Editor/6000.5.10f1/Editor/Data/Managed/UnityEngine/UnityEditor.GridAndSnapModule.dll"
-r:"/home/asif/Unity/Hub/Editor/6000.5.10f1/Editor/Data/Managed/UnityEngine/UnityEditor.GridModule.dll"
-r:"/home/asif/Unity/Hub/Editor/6000.5.10f1/Editor/Data/Managed/UnityEngine/UnityEditor.HierarchyModule.dll"
-r:"/home/asif/Unity/Hub/Editor/6000.5.10f1/Editor/Data/Managed/UnityEngine/UnityEditor.LightingModule.dll"
-r:"/home/asif/Unity/Hub/Editor/6000.5.10f1/Editor/Data/Managed/UnityEngine/UnityEditor.MathematicsModule.dll"
-r:"/home/asif/Unity/Hub/Editor/6000.5.10f1/Editor/Data/Managed/UnityEngine/UnityEditor.MediaModule.dll"
-r:"/home/asif/Unity/Hub/Editor/6000.5.10f1/Editor/Data/Managed/UnityEngine/UnityEditor.MultiplayerModule.dll"
-r:"/home/asif/Unity/Hub/Editor/6000.5.10f1/Editor/Data/Managed/UnityEngine/UnityEditor.Physics2DModule.dll"
-r:"/home/asif/Unity/Hub/Editor/6000.5.10f1/Editor/Data/Managed/UnityEngine/UnityEditor.PhysicsCore2DModule.dll"
-r:"/home/asif/Unity/Hub/Editor/6000.5.10f1/Editor/Data/Managed/UnityEngine/UnityEditor.PhysicsModule.dll"
-r:"/home/asif/Unity/Hub/Editor/6000.5.10f1/Editor/Data/Managed/UnityEngine/UnityEditor.PlayModeModule.dll"
-r:"/home/asif/Unity/Hub/Editor/6000.5.10f1/Editor/Data/Managed/UnityEngine/UnityEditor.PresetsUIModule.dll"
-r:"/home/asif/Unity/Hub/Editor/6000.5.10f1/Editor/Data/Managed/UnityEngine/UnityEditor.ProjectAuditorModule.dll"
-r:"/home/asif/Unity/Hub/Editor/6000.5.10f1/Editor/Data/Managed/UnityEngine/UnityEditor.PropertiesModule.dll"
-r:"/home/asif/Unity/Hub/Editor/6000.5.10f1/Editor/Data/Managed/UnityEngine/UnityEditor.QuickInstallModule.dll"
-r:"/home/asif/Unity/Hub/Editor/6000.5.10f1/Editor/Data/Managed/UnityEngine/UnityEditor.QuickSearchModule.dll"
-r:"/home/asif/Unity/Hub/Editor/6000.5.10f1/Editor/Data/Managed/UnityEngine/UnityEditor.SafeModeModule.dll"
-r:"/home/asif/Unity/Hub/Editor/6000.5.10f1/Editor/Data/Managed/UnityEngine/UnityEditor.SceneTemplateModule.dll"
-r:"/home/asif/Unity/Hub/Editor/6000.5.10f1/Editor/Data/Managed/UnityEngine/UnityEditor.SceneViewModule.dll"
-r:"/home/asif/Unity/Hub/Editor/6000.5.10f1/Editor/Data/Managed/UnityEngine/UnityEditor.ShaderBuildSettingsModule.dll"
-r:"/home/asif/Unity/Hub/Editor/6000.5.10f1/Editor/Data/Managed/UnityEngine/UnityEditor.ShaderCompilationModule.dll"
-r:"/home/asif/Unity/Hub/Editor/6000.5.10f1/Editor/Data/Managed/UnityEngine/UnityEditor.ShaderFoundryModule.dll"
-r:"/home/asif/Unity/Hub/Editor/6000.5.10f1/Editor/Data/Managed/UnityEngine/UnityEditor.SketchUpModule.dll"
-r:"/home/asif/Unity/Hub/Editor/6000.5.10f1/Editor/Data/Managed/UnityEngine/UnityEditor.SpriteMaskModule.dll"
-r:"/home/asif/Unity/Hub/Editor/6000.5.10f1/Editor/Data/Managed/UnityEngine/UnityEditor.SpriteShapeModule.dll"
-r:"/home/asif/Unity/Hub/Editor/6000.5.10f1/Editor/Data/Managed/UnityEngine/UnityEditor.SubstanceModule.dll"
-r:"/home/asif/Unity/Hub/Editor/6000.5.10f1/Editor/Data/Managed/UnityEngine/UnityEditor.TerrainModule.dll"
-r:"/home/asif/Unity/Hub/Editor/6000.5.10f1/Editor/Data/Managed/UnityEngine/UnityEditor.TextCoreFontEngineModule.dll"
-r:"/home/asif/Unity/Hub/Editor/6000.5.10f1/Editor/Data/Managed/UnityEngine/UnityEditor.TextCoreTextEngineModule.dll"
-r:"/home/asif/Unity/Hub/Editor/6000.5.10f1/Editor/Data/Managed/UnityEngine/UnityEditor.TextRenderingModule.dll"
-r:"/home/asif/Unity/Hub/Editor/6000.5.10f1/Editor/Data/Managed/UnityEngine/UnityEditor.TilemapModule.dll"
-r:"/home/asif/Unity/Hub/Editor/6000.5.10f1/Editor/Data/Managed/UnityEngine/UnityEditor.TreeModule.dll"
-r:"/home/asif/Unity/Hub/Editor/6000.5.10f1/Editor/Data/Managed/UnityEngine/UnityEditor.U2DModule.dll"
-r:"/home/asif/Unity/Hub/Editor/6000.5.10f1/Editor/Data/Managed/UnityEngine/UnityEditor.UIAutomationModule.dll"
-r:"/home/asif/Unity/Hub/Editor/6000.5.10f1/Editor/Data/Managed/UnityEngine/UnityEditor.UIBuilderModule.dll"
-r:"/home/asif/Unity/Hub/Editor/6000.5.10f1/Editor/Data/Managed/UnityEngine/UnityEditor.UIElementsModule.dll"
-r:"/home/asif/Unity/Hub/Editor/6000.5.10f1/Editor/Data/Managed/UnityEngine/UnityEditor.UIElementsSamplesModule.dll"
-r:"/home/asif/Unity/Hub/Editor/6000.5.10f1/Editor/Data/Managed/UnityEngine/UnityEditor.UIToolkitAuthoringModule.dll"
-r:"/home/asif/Unity/Hub/Editor/6000.5.10f1/Editor/Data/Managed/UnityEngine/UnityEditor.UmbraModule.dll"
-r:"/home/asif/Unity/Hub/Editor/6000.5.10f1/Editor/Data/Managed/UnityEngine/UnityEditor.UnityConnectModule.dll"
-r:"/home/asif/Unity/Hub/Editor/6000.5.10f1/Editor/Data/Managed/UnityEngine/UnityEditor.VFXModule.dll"
-r:"/home/asif/Unity/Hub/Editor/6000.5.10f1/Editor/Data/Managed/UnityEngine/UnityEditor.VectorGraphicsModule.dll"
-r:"/home/asif/Unity/Hub/Editor/6000.5.10f1/Editor/Data/Managed/UnityEngine/UnityEditor.VideoModule.dll"
-r:"/home/asif/Unity/Hub/Editor/6000.5.10f1/Editor/Data/Managed/UnityEngine/UnityEditor.XRModule.dll"
-r:"/home/asif/Unity/Hub/Editor/6000.5.10f1/Editor/Data/Managed/UnityEngine/UnityEditor.dll"
-r:"/home/asif/Unity/Hub/Editor/6000.5.10f1/Editor/Data/Managed/UnityEngine/UnityEngine.AIModule.dll"
-r:"/home/asif/Unity/Hub/Editor/6000.5.10f1/Editor/Data/Managed/UnityEngine/UnityEngine.AccessibilityModule.dll"
-r:"/home/asif/Unity/Hub/Editor/6000.5.10f1/Editor/Data/Managed/UnityEngine/UnityEngine.AdaptivePerformanceModule.dll"
-r:"/home/asif/Unity/Hub/Editor/6000.5.10f1/Editor/Data/Managed/UnityEngine/UnityEngine.AndroidJNIModule.dll"
-r:"/home/asif/Unity/Hub/Editor/6000.5.10f1/Editor/Data/Managed/UnityEngine/UnityEngine.AnimationModule.dll"
-r:"/home/asif/Unity/Hub/Editor/6000.5.10f1/Editor/Data/Managed/UnityEngine/UnityEngine.AssetBundleModule.dll"
-r:"/home/asif/Unity/Hub/Editor/6000.5.10f1/Editor/Data/Managed/UnityEngine/UnityEngine.AudioModule.dll"
-r:"/home/asif/Unity/Hub/Editor/6000.5.10f1/Editor/Data/Managed/UnityEngine/UnityEngine.ClothModule.dll"
-r:"/home/asif/Unity/Hub/Editor/6000.5.10f1/Editor/Data/Managed/UnityEngine/UnityEngine.ClusterInputModule.dll"
-r:"/home/asif/Unity/Hub/Editor/6000.5.10f1/Editor/Data/Managed/UnityEngine/UnityEngine.ClusterRendererModule.dll"
-r:"/home/asif/Unity/Hub/Editor/6000.5.10f1/Editor/Data/Managed/UnityEngine/UnityEngine.ContentLoadModule.dll"
-r:"/home/asif/Unity/Hub/Editor/6000.5.10f1/Editor/Data/Managed/UnityEngine/UnityEngine.CoreModule.dll"
-r:"/home/asif/Unity/Hub/Editor/6000.5.10f1/Editor/Data/Managed/UnityEngine/UnityEngine.CrashReportingModule.dll"
-r:"/home/asif/Unity/Hub/Editor/6000.5.10f1/Editor/Data/Managed/UnityEngine/UnityEngine.DSPGraphModule.dll"
-r:"/home/asif/Unity/Hub/Editor/6000.5.10f1/Editor/Data/Managed/UnityEngine/UnityEngine.DirectorModule.dll"
-r:"/home/asif/Unity/Hub/Editor/6000.5.10f1/Editor/Data/Managed/UnityEngine/UnityEngine.GIModule.dll"
-r:"/home/asif/Unity/Hub/Editor/6000.5.10f1/Editor/Data/Managed/UnityEngine/UnityEngine.GameCenterModule.dll"
-r:"/home/asif/Unity/Hub/Editor/6000.5.10f1/Editor/Data/Managed/UnityEngine/UnityEngine.GraphicsStateCollectionSerializerModule.dll"
-r:"/home/asif/Unity/Hub/Editor/6000.5.10f1/Editor/Data/Managed/UnityEngine/UnityEngine.GridModule.dll"
-r:"/home/asif/Unity/Hub/Editor/6000.5.10f1/Editor/Data/Managed/UnityEngine/UnityEngine.HierarchyCoreModule.dll"
-r:"/home/asif/Unity/Hub/Editor/6000.5.10f1/Editor/Data/Managed/UnityEngine/UnityEngine.HotReloadModule.dll"
-r:"/home/asif/Unity/Hub/Editor/6000.5.10f1/Editor/Data/Managed/UnityEngine/UnityEngine.IMGUIModule.dll"
-r:"/home/asif/Unity/Hub/Editor/6000.5.10f1/Editor/Data/Managed/UnityEngine/UnityEngine.IdentifiersModule.dll"
-r:"/home/asif/Unity/Hub/Editor/6000.5.10f1/Editor/Data/Managed/UnityEngine/UnityEngine.ImageConversionModule.dll"
-r:"/home/asif/Unity/Hub/Editor/6000.5.10f1/Editor/Data/Managed/UnityEngine/UnityEngine.InputForUIModule.dll"
-r:"/home/asif/Unity/Hub/Editor/6000.5.10f1/Editor/Data/Managed/UnityEngine/UnityEngine.InputLegacyModule.dll"
-r:"/home/asif/Unity/Hub/Editor/6000.5.10f1/Editor/Data/Managed/UnityEngine/UnityEngine.InputModule.dll"
-r:"/home/asif/Unity/Hub/Editor/6000.5.10f1/Editor/Data/Managed/UnityEngine/UnityEngine.JSONSerializeModule.dll"
-r:"/home/asif/Unity/Hub/Editor/6000.5.10f1/Editor/Data/Managed/UnityEngine/UnityEngine.LocalizationModule.dll"
-r:"/home/asif/Unity/Hub/Editor/6000.5.10f1/Editor/Data/Managed/UnityEngine/UnityEngine.MarshallingModule.dll"
-r:"/home/asif/Unity/Hub/Editor/6000.5.10f1/Editor/Data/Managed/UnityEngine/UnityEngine.MathematicsModule.dll"
-r:"/home/asif/Unity/Hub/Editor/6000.5.10f1/Editor/Data/Managed/UnityEngine/UnityEngine.MultiplayerModule.dll"
-r:"/home/asif/Unity/Hub/Editor/6000.5.10f1/Editor/Data/Managed/UnityEngine/UnityEngine.ParticleSystemModule.dll"
-r:"/home/asif/Unity/Hub/Editor/6000.5.10f1/Editor/Data/Managed/UnityEngine/UnityEngine.PerformanceReportingModule.dll"
-r:"/home/asif/Unity/Hub/Editor/6000.5.10f1/Editor/Data/Managed/UnityEngine/UnityEngine.Physics2DModule.dll"
-r:"/home/asif/Unity/Hub/Editor/6000.5.10f1/Editor/Data/Managed/UnityEngine/UnityEngine.PhysicsBackendPhysXModule.dll"
-r:"/home/asif/Unity/Hub/Editor/6000.5.10f1/Editor/Data/Managed/UnityEngine/UnityEngine.PhysicsCore2DModule.dll"
-r:"/home/asif/Unity/Hub/Editor/6000.5.10f1/Editor/Data/Managed/UnityEngine/UnityEngine.PhysicsModule.dll"
-r:"/home/asif/Unity/Hub/Editor/6000.5.10f1/Editor/Data/Managed/UnityEngine/UnityEngine.PropertiesModule.dll"
-r:"/home/asif/Unity/Hub/Editor/6000.5.10f1/Editor/Data/Managed/UnityEngine/UnityEngine.RenderAs2DModule.dll"
-r:"/home/asif/Unity/Hub/Editor/6000.5.10f1/Editor/Data/Managed/UnityEngine/UnityEngine.RuntimeInitializeOnLoadManagerInitializerModule.dll"
-r:"/home/asif/Unity/Hub/Editor/6000.5.10f1/Editor/Data/Managed/UnityEngine/UnityEngine.ScreenCaptureModule.dll"
-r:"/home/asif/Unity/Hub/Editor/6000.5.10f1/Editor/Data/Managed/UnityEngine/UnityEngine.ScriptingModule.dll"
-r:"/home/asif/Unity/Hub/Editor/6000.5.10f1/Editor/Data/Managed/UnityEngine/UnityEngine.ShaderVariantAnalyticsModule.dll"
-r:"/home/asif/Unity/Hub/Editor/6000.5.10f1/Editor/Data/Managed/UnityEngine/UnityEngine.SharedInternalsModule.dll"
-r:"/home/asif/Unity/Hub/Editor/6000.5.10f1/Editor/Data/Managed/UnityEngine/UnityEngine.SpriteMaskModule.dll"
-r:"/home/asif/Unity/Hub/Editor/6000.5.10f1/Editor/Data/Managed/UnityEngine/UnityEngine.SpriteShapeModule.dll"
-r:"/home/asif/Unity/Hub/Editor/6000.5.10f1/Editor/Data/Managed/UnityEngine/UnityEngine.StreamingModule.dll"
-r:"/home/asif/Unity/Hub/Editor/6000.5.10f1/Editor/Data/Managed/UnityEngine/UnityEngine.SubstanceModule.dll"
-r:"/home/asif/Unity/Hub/Editor/6000.5.10f1/Editor/Data/Managed/UnityEngine/UnityEngine.SubsystemsModule.dll"
-r:"/home/asif/Unity/Hub/Editor/6000.5.10f1/Editor/Data/Managed/UnityEngine/UnityEngine.TLSModule.dll"
-r:"/home/asif/Unity/Hub/Editor/6000.5.10f1/Editor/Data/Managed/UnityEngine/UnityEngine.TerrainModule.dll"
-r:"/home/asif/Unity/Hub/Editor/6000.5.10f1/Editor/Data/Managed/UnityEngine/UnityEngine.TerrainPhysicsModule.dll"
-r:"/home/asif/Unity/Hub/Editor/6000.5.10f1/Editor/Data/Managed/UnityEngine/UnityEngine.TextCoreFontEngineModule.dll"
-r:"/home/asif/Unity/Hub/Editor/6000.5.10f1/Editor/Data/Managed/UnityEngine/UnityEngine.TextCoreTextEngineModule.dll"
-r:"/home/asif/Unity/Hub/Editor/6000.5.10f1/Editor/Data/Managed/UnityEngine/UnityEngine.TextRenderingModule.dll"
-r:"/home/asif/Unity/Hub/Editor/6000.5.10f1/Editor/Data/Managed/UnityEngine/UnityEngine.TilemapModule.dll"
-r:"/home/asif/Unity/Hub/Editor/6000.5.10f1/Editor/Data/Managed/UnityEngine/UnityEngine.U2DRuntimeModule.dll"
-r:"/home/asif/Unity/Hub/Editor/6000.5.10f1/Editor/Data/Managed/UnityEngine/UnityEngine.UIElementsModule.dll"
-r:"/home/asif/Unity/Hub/Editor/6000.5.10f1/Editor/Data/Managed/UnityEngine/UnityEngine.UIModule.dll"
-r:"/home/asif/Unity/Hub/Editor/6000.5.10f1/Editor/Data/Managed/UnityEngine/UnityEngine.UmbraModule.dll"
-r:"/home/asif/Unity/Hub/Editor/6000.5.10f1/Editor/Data/Managed/UnityEngine/UnityEngine.UnityAnalyticsCommonModule.dll"
-r:"/home/asif/Unity/Hub/Editor/6000.5.10f1/Editor/Data/Managed/UnityEngine/UnityEngine.UnityAnalyticsModule.dll"
-r:"/home/asif/Unity/Hub/Editor/6000.5.10f1/Editor/Data/Managed/UnityEngine/UnityEngine.UnityConnectModule.dll"
-r:"/home/asif/Unity/Hub/Editor/6000.5.10f1/Editor/Data/Managed/UnityEngine/UnityEngine.UnityConsentModule.dll"
-r:"/home/asif/Unity/Hub/Editor/6000.5.10f1/Editor/Data/Managed/UnityEngine/UnityEngine.UnityCurlModule.dll"
-r:"/home/asif/Unity/Hub/Editor/6000.5.10f1/Editor/Data/Managed/UnityEngine/UnityEngine.UnityWebRequestAssetBundleModule.dll"
-r:"/home/asif/Unity/Hub/Editor/6000.5.10f1/Editor/Data/Managed/UnityEngine/UnityEngine.UnityWebRequestAudioModule.dll"
-r:"/home/asif/Unity/Hub/Editor/6000.5.10f1/Editor/Data/Managed/UnityEngine/UnityEngine.UnityWebRequestModule.dll"
-r:"/home/asif/Unity/Hub/Editor/6000.5.10f1/Editor/Data/Managed/UnityEngine/UnityEngine.UnityWebRequestTextureModule.dll"
-r:"/home/asif/Unity/Hub/Editor/6000.5.10f1/Editor/Data/Managed/UnityEngine/UnityEngine.UnityWebRequestWWWModule.dll"
-r:"/home/asif/Unity/Hub/Editor/6000.5.10f1/Editor/Data/Managed/UnityEngine/UnityEngine.VFXModule.dll"
-r:"/home/asif/Unity/Hub/Editor/6000.5.10f1/Editor/Data/Managed/UnityEngine/UnityEngine.VectorGraphicsModule.dll"
-r:"/home/asif/Unity/Hub/Editor/6000.5.10f1/Editor/Data/Managed/UnityEngine/UnityEngine.VehiclesModule.dll"
-r:"/home/asif/Unity/Hub/Editor/6000.5.10f1/Editor/Data/Managed/UnityEngine/UnityEngine.VideoModule.dll"
-r:"/home/asif/Unity/Hub/Editor/6000.5.10f1/Editor/Data/Managed/UnityEngine/UnityEngine.VirtualTexturingModule.dll"
-r:"/home/asif/Unity/Hub/Editor/6000.5.10f1/Editor/Data/Managed/UnityEngine/UnityEngine.WindModule.dll"
-r:"/home/asif/Unity/Hub/Editor/6000.5.10f1/Editor/Data/Managed/UnityEngine/UnityEngine.XRModule.dll"
-r:"/home/asif/Unity/Hub/Editor/6000.5.10f1/Editor/Data/Managed/UnityEngine/UnityEngine.dll"
-r:"/home/asif/Unity/Hub/Editor/6000.5.10f1/Editor/Data/NetStandard/Extensions/2.0.0/System.Runtime.InteropServices.WindowsRuntime.dll"
-r:"/home/asif/Unity/Hub/Editor/6000.5.10f1/Editor/Data/NetStandard/compat/2.1.0/shims/netfx/System.ComponentModel.Composition.dll"
-r:"/home/asif/Unity/Hub/Editor/6000.5.10f1/Editor/Data/NetStandard/compat/2.1.0/shims/netfx/System.Core.dll"
-r:"/home/asif/Unity/Hub/Editor/6000.5.10f1/Editor/Data/NetStandard/compat/2.1.0/shims/netfx/System.Data.dll"
-r:"/home/asif/Unity/Hub/Editor/6000.5.10f1/Editor/Data/NetStandard/compat/2.1.0/shims/netfx/System.Drawing.dll"
-r:"/home/asif/Unity/Hub/Editor/6000.5.10f1/Editor/Data/NetStandard/compat/2.1.0/shims/netfx/System.IO.Compression.FileSystem.dll"
-r:"/home/asif/Unity/Hub/Editor/6000.5.10f1/Editor/Data/NetStandard/compat/2.1.0/shims/netfx/System.Net.dll"
-r:"/home/asif/Unity/Hub/Editor/6000.5.10f1/Editor/Data/NetStandard/compat/2.1.0/shims/netfx/System.Numerics.dll"
-r:"/home/asif/Unity/Hub/Editor/6000.5.10f1/Editor/Data/NetStandard/compat/2.1.0/shims/netfx/System.Runtime.Serialization.dll"
-r:"/home/asif/Unity/Hub/Editor/6000.5.10f1/Editor/Data/NetStandard/compat/2.1.0/shims/netfx/System.ServiceModel.Web.dll"
-r:"/home/asif/Unity/Hub/Editor/6000.5.10f1/Editor/Data/NetStandard/compat/2.1.0/shims/netfx/System.Transactions.dll"
-r:"/home/asif/Unity/Hub/Editor/6000.5.10f1/Editor/Data/NetStandard/compat/2.1.0/shims/netfx/System.Web.dll"
-r:"/home/asif/Unity/Hub/Editor/6000.5.10f1/Editor/Data/NetStandard/compat/2.1.0/shims/netfx/System.Windows.dll"
-r:"/home/asif/Unity/Hub/Editor/6000.5.10f1/Editor/Data/NetStandard/compat/2.1.0/shims/netfx/System.Xml.Linq.dll"
-r:"/home/asif/Unity/Hub/Editor/6000.5.10f1/Editor/Data/NetStandard/compat/2.1.0/shims/netfx/System.Xml.Serialization.dll"
-r:"/home/asif/Unity/Hub/Editor/6000.5.10f1/Editor/Data/NetStandard/compat/2.1.0/shims/netfx/System.Xml.dll"
-r:"/home/asif/Unity/Hub/Editor/6000.5.10f1/Editor/Data/NetStandard/compat/2.1.0/shims/netfx/System.dll"
-r:"/home/asif/Unity/Hub/Editor/6000.5.10f1/Editor/Data/NetStandard/compat/2.1.0/shims/netfx/mscorlib.dll"
-r:"/home/asif/Unity/Hub/Editor/6000.5.10f1/Editor/Data/NetStandard/compat/2.1.0/shims/netstandard/Microsoft.Win32.Primitives.dll"
-r:"/home/asif/Unity/Hub/Editor/6000.5.10f1/Editor/Data/NetStandard/compat/2.1.0/shims/netstandard/System.AppContext.dll"
-r:"/home/asif/Unity/Hub/Editor/6000.5.10f1/Editor/Data/NetStandard/compat/2.1.0/shims/netstandard/System.Buffers.dll"
-r:"/home/asif/Unity/Hub/Editor/6000.5.10f1/Editor/Data/NetStandard/compat/2.1.0/shims/netstandard/System.Collections.Concurrent.dll"
-r:"/home/asif/Unity/Hub/Editor/6000.5.10f1/Editor/Data/NetStandard/compat/2.1.0/shims/netstandard/System.Collections.NonGeneric.dll"
-r:"/home/asif/Unity/Hub/Editor/6000.5.10f1/Editor/Data/NetStandard/compat/2.1.0/shims/netstandard/System.Collections.Specialized.dll"
-r:"/home/asif/Unity/Hub/Editor/6000.5.10f1/Editor/Data/NetStandard/compat/2.1.0/shims/netstandard/System.Collections.dll"
-r:"/home/asif/Unity/Hub/Editor/6000.5.10f1/Editor/Data/NetStandard/compat/2.1.0/shims/netstandard/System.ComponentModel.EventBasedAsync.dll"
-r:"/home/asif/Unity/Hub/Editor/6000.5.10f1/Editor/Data/NetStandard/compat/2.1.0/shims/netstandard/System.ComponentModel.Primitives.dll"
-r:"/home/asif/Unity/Hub/Editor/6000.5.10f1/Editor/Data/NetStandard/compat/2.1.0/shims/netstandard/System.ComponentModel.TypeConverter.dll"
-r:"/home/asif/Unity/Hub/Editor/6000.5.10f1/Editor/Data/NetStandard/compat/2.1.0/shims/netstandard/System.ComponentModel.dll"
-r:"/home/asif/Unity/Hub/Editor/6000.5.10f1/Editor/Data/NetStandard/compat/2.1.0/shims/netstandard/System.Console.dll"
-r:"/home/asif/Unity/Hub/Editor/6000.5.10f1/Editor/Data/NetStandard/compat/2.1.0/shims/netstandard/System.Data.Common.dll"
-r:"/home/asif/Unity/Hub/Editor/6000.5.10f1/Editor/Data/NetStandard/compat/2.1.0/shims/netstandard/System.Diagnostics.Contracts.dll"
-r:"/home/asif/Unity/Hub/Editor/6000.5.10f1/Editor/Data/NetStandard/compat/2.1.0/shims/netstandard/System.Diagnostics.Debug.dll"
-r:"/home/asif/Unity/Hub/Editor/6000.5.10f1/Editor/Data/NetStandard/compat/2.1.0/shims/netstandard/System.Diagnostics.FileVersionInfo.dll"
-r:"/home/asif/Unity/Hub/Editor/6000.5.10f1/Editor/Data/NetStandard/compat/2.1.0/shims/netstandard/System.Diagnostics.Process.dll"
-r:"/home/asif/Unity/Hub/Editor/6000.5.10f1/Editor/Data/NetStandard/compat/2.1.0/shims/netstandard/System.Diagnostics.StackTrace.dll"
-r:"/home/asif/Unity/Hub/Editor/6000.5.10f1/Editor/Data/NetStandard/compat/2.1.0/shims/netstandard/System.Diagnostics.TextWriterTraceListener.dll"
-r:"/home/asif/Unity/Hub/Editor/6000.5.10f1/Editor/Data/NetStandard/compat/2.1.0/shims/netstandard/System.Diagnostics.Tools.dll"
-r:"/home/asif/Unity/Hub/Editor/6000.5.10f1/Editor/Data/NetStandard/compat/2.1.0/shims/netstandard/System.Diagnostics.TraceSource.dll"
-r:"/home/asif/Unity/Hub/Editor/6000.5.10f1/Editor/Data/NetStandard/compat/2.1.0/shims/netstandard/System.Diagnostics.Tracing.dll"
-r:"/home/asif/Unity/Hub/Editor/6000.5.10f1/Editor/Data/NetStandard/compat/2.1.0/shims/netstandard/System.Drawing.Primitives.dll"
-r:"/home/asif/Unity/Hub/Editor/6000.5.10f1/Editor/Data/NetStandard/compat/2.1.0/shims/netstandard/System.Dynamic.Runtime.dll"
-r:"/home/asif/Unity/Hub/Editor/6000.5.10f1/Editor/Data/NetStandard/compat/2.1.0/shims/netstandard/System.Globalization.Calendars.dll"
-r:"/home/asif/Unity/Hub/Editor/6000.5.10f1/Editor/Data/NetStandard/compat/2.1.0/shims/netstandard/System.Globalization.Extensions.dll"
-r:"/home/asif/Unity/Hub/Editor/6000.5.10f1/Editor/Data/NetStandard/compat/2.1.0/shims/netstandard/System.Globalization.dll"
-r:"/home/asif/Unity/Hub/Editor/6000.5.10f1/Editor/Data/NetStandard/compat/2.1.0/shims/netstandard/System.IO.Compression.ZipFile.dll"
-r:"/home/asif/Unity/Hub/Editor/6000.5.10f1/Editor/Data/NetStandard/compat/2.1.0/shims/netstandard/System.IO.Compression.dll"
-r:"/home/asif/Unity/Hub/Editor/6000.5.10f1/Editor/Data/NetStandard/compat/2.1.0/shims/netstandard/System.IO.FileSystem.DriveInfo.dll"
-r:"/home/asif/Unity/Hub/Editor/6000.5.10f1/Editor/Data/NetStandard/compat/2.1.0/shims/netstandard/System.IO.FileSystem.Primitives.dll"
-r:"/home/asif/Unity/Hub/Editor/6000.5.10f1/Editor/Data/NetStandard/compat/2.1.0/shims/netstandard/System.IO.FileSystem.Watcher.dll"
-r:"/home/asif/Unity/Hub/Editor/6000.5.10f1/Editor/Data/NetStandard/compat/2.1.0/shims/netstandard/System.IO.FileSystem.dll"
-r:"/home/asif/Unity/Hub/Editor/6000.5.10f1/Editor/Data/NetStandard/compat/2.1.0/shims/netstandard/System.IO.IsolatedStorage.dll"
-r:"/home/asif/Unity/Hub/Editor/6000.5.10f1/Editor/Data/NetStandard/compat/2.1.0/shims/netstandard/System.IO.MemoryMappedFiles.dll"
-r:"/home/asif/Unity/Hub/Editor/6000.5.10f1/Editor/Data/NetStandard/compat/2.1.0/shims/netstandard/System.IO.Pipes.dll"
-r:"/home/asif/Unity/Hub/Editor/6000.5.10f1/Editor/Data/NetStandard/compat/2.1.0/shims/netstandard/System.IO.UnmanagedMemoryStream.dll"
-r:"/home/asif/Unity/Hub/Editor/6000.5.10f1/Editor/Data/NetStandard/compat/2.1.0/shims/netstandard/System.IO.dll"
-r:"/home/asif/Unity/Hub/Editor/6000.5.10f1/Editor/Data/NetStandard/compat/2.1.0/shims/netstandard/System.Linq.Expressions.dll"
-r:"/home/asif/Unity/Hub/Editor/6000.5.10f1/Editor/Data/NetStandard/compat/2.1.0/shims/netstandard/System.Linq.Parallel.dll"
-r:"/home/asif/Unity/Hub/Editor/6000.5.10f1/Editor/Data/NetStandard/compat/2.1.0/shims/netstandard/System.Linq.Queryable.dll"
-r:"/home/asif/Unity/Hub/Editor/6000.5.10f1/Editor/Data/NetStandard/compat/2.1.0/shims/netstandard/System.Linq.dll"
-r:"/home/asif/Unity/Hub/Editor/6000.5.10f1/Editor/Data/NetStandard/compat/2.1.0/shims/netstandard/System.Memory.dll"
-r:"/home/asif/Unity/Hub/Editor/6000.5.10f1/Editor/Data/NetStandard/compat/2.1.0/shims/netstandard/System.Net.Http.dll"
-r:"/home/asif/Unity/Hub/Editor/6000.5.10f1/Editor/Data/NetStandard/compat/2.1.0/shims/netstandard/System.Net.NameResolution.dll"
-r:"/home/asif/Unity/Hub/Editor/6000.5.10f1/Editor/Data/NetStandard/compat/2.1.0/shims/netstandard/System.Net.NetworkInformation.dll"
-r:"/home/asif/Unity/Hub/Editor/6000.5.10f1/Editor/Data/NetStandard/compat/2.1.0/shims/netstandard/System.Net.Ping.dll"
-r:"/home/asif/Unity/Hub/Editor/6000.5.10f1/Editor/Data/NetStandard/compat/2.1.0/shims/netstandard/System.Net.Primitives.dll"
-r:"/home/asif/Unity/Hub/Editor/6000.5.10f1/Editor/Data/NetStandard/compat/2.1.0/shims/netstandard/System.Net.Requests.dll"
-r:"/home/asif/Unity/Hub/Editor/6000.5.10f1/Editor/Data/NetStandard/compat/2.1.0/shims/netstandard/System.Net.Security.dll"
-r:"/home/asif/Unity/Hub/Editor/6000.5.10f1/Editor/Data/NetStandard/compat/2.1.0/shims/netstandard/System.Net.Sockets.dll"
-r:"/home/asif/Unity/Hub/Editor/6000.5.10f1/Editor/Data/NetStandard/compat/2.1.0/shims/netstandard/System.Net.WebHeaderCollection.dll"
-r:"/home/asif/Unity/Hub/Editor/6000.5.10f1/Editor/Data/NetStandard/compat/2.1.0/shims/netstandard/System.Net.WebSockets.Client.dll"
-r:"/home/asif/Unity/Hub/Editor/6000.5.10f1/Editor/Data/NetStandard/compat/2.1.0/shims/netstandard/System.Net.WebSockets.dll"
-r:"/home/asif/Unity/Hub/Editor/6000.5.10f1/Editor/Data/NetStandard/compat/2.1.0/shims/netstandard/System.Numerics.Vectors.dll"
-r:"/home/asif/Unity/Hub/Editor/6000.5.10f1/Editor/Data/NetStandard/compat/2.1.0/shims/netstandard/System.ObjectModel.dll"
-r:"/home/asif/Unity/Hub/Editor/6000.5.10f1/Editor/Data/NetStandard/compat/2.1.0/shims/netstandard/System.Reflection.DispatchProxy.dll"
-r:"/home/asif/Unity/Hub/Editor/6000.5.10f1/Editor/Data/NetStandard/compat/2.1.0/shims/netstandard/System.Reflection.Emit.ILGeneration.dll"
-r:"/home/asif/Unity/Hub/Editor/6000.5.10f1/Editor/Data/NetStandard/compat/2.1.0/shims/netstandard/System.Reflection.Emit.Lightweight.dll"
-r:"/home/asif/Unity/Hub/Editor/6000.5.10f1/Editor/Data/NetStandard/compat/2.1.0/shims/netstandard/System.Reflection.Emit.dll"
-r:"/home/asif/Unity/Hub/Editor/6000.5.10f1/Editor/Data/NetStandard/compat/2.1.0/shims/netstandard/System.Reflection.Extensions.dll"
-r:"/home/asif/Unity/Hub/Editor/6000.5.10f1/Editor/Data/NetStandard/compat/2.1.0/shims/netstandard/System.Reflection.Primitives.dll"
-r:"/home/asif/Unity/Hub/Editor/6000.5.10f1/Editor/Data/NetStandard/compat/2.1.0/shims/netstandard/System.Reflection.dll"
-r:"/home/asif/Unity/Hub/Editor/6000.5.10f1/Editor/Data/NetStandard/compat/2.1.0/shims/netstandard/System.Resources.Reader.dll"
-r:"/home/asif/Unity/Hub/Editor/6000.5.10f1/Editor/Data/NetStandard/compat/2.1.0/shims/netstandard/System.Resources.ResourceManager.dll"
-r:"/home/asif/Unity/Hub/Editor/6000.5.10f1/Editor/Data/NetStandard/compat/2.1.0/shims/netstandard/System.Resources.Writer.dll"
-r:"/home/asif/Unity/Hub/Editor/6000.5.10f1/Editor/Data/NetStandard/compat/2.1.0/shims/netstandard/System.Runtime.CompilerServices.VisualC.dll"
-r:"/home/asif/Unity/Hub/Editor/6000.5.10f1/Editor/Data/NetStandard/compat/2.1.0/shims/netstandard/System.Runtime.Extensions.dll"
-r:"/home/asif/Unity/Hub/Editor/6000.5.10f1/Editor/Data/NetStandard/compat/2.1.0/shims/netstandard/System.Runtime.Handles.dll"
-r:"/home/asif/Unity/Hub/Editor/6000.5.10f1/Editor/Data/NetStandard/compat/2.1.0/shims/netstandard/System.Runtime.InteropServices.RuntimeInformation.dll"
-r:"/home/asif/Unity/Hub/Editor/6000.5.10f1/Editor/Data/NetStandard/compat/2.1.0/shims/netstandard/System.Runtime.InteropServices.dll"
-r:"/home/asif/Unity/Hub/Editor/6000.5.10f1/Editor/Data/NetStandard/compat/2.1.0/shims/netstandard/System.Runtime.Numerics.dll"
-r:"/home/asif/Unity/Hub/Editor/6000.5.10f1/Editor/Data/NetStandard/compat/2.1.0/shims/netstandard/System.Runtime.Serialization.Formatters.dll"
-r:"/home/asif/Unity/Hub/Editor/6000.5.10f1/Editor/Data/NetStandard/compat/2.1.0/shims/netstandard/System.Runtime.Serialization.Json.dll"
-r:"/home/asif/Unity/Hub/Editor/6000.5.10f1/Editor/Data/NetStandard/compat/2.1.0/shims/netstandard/System.Runtime.Serialization.Primitives.dll"
-r:"/home/asif/Unity/Hub/Editor/6000.5.10f1/Editor/Data/NetStandard/compat/2.1.0/shims/netstandard/System.Runtime.Serialization.Xml.dll"
-r:"/home/asif/Unity/Hub/Editor/6000.5.10f1/Editor/Data/NetStandard/compat/2.1.0/shims/netstandard/System.Runtime.dll"
-r:"/home/asif/Unity/Hub/Editor/6000.5.10f1/Editor/Data/NetStandard/compat/2.1.0/shims/netstandard/System.Security.Claims.dll"
-r:"/home/asif/Unity/Hub/Editor/6000.5.10f1/Editor/Data/NetStandard/compat/2.1.0/shims/netstandard/System.Security.Cryptography.Algorithms.dll"
-r:"/home/asif/Unity/Hub/Editor/6000.5.10f1/Editor/Data/NetStandard/compat/2.1.0/shims/netstandard/System.Security.Cryptography.Csp.dll"
-r:"/home/asif/Unity/Hub/Editor/6000.5.10f1/Editor/Data/NetStandard/compat/2.1.0/shims/netstandard/System.Security.Cryptography.Encoding.dll"
-r:"/home/asif/Unity/Hub/Editor/6000.5.10f1/Editor/Data/NetStandard/compat/2.1.0/shims/netstandard/System.Security.Cryptography.Primitives.dll"
-r:"/home/asif/Unity/Hub/Editor/6000.5.10f1/Editor/Data/NetStandard/compat/2.1.0/shims/netstandard/System.Security.Cryptography.X509Certificates.dll"
-r:"/home/asif/Unity/Hub/Editor/6000.5.10f1/Editor/Data/NetStandard/compat/2.1.0/shims/netstandard/System.Security.Principal.dll"
-r:"/home/asif/Unity/Hub/Editor/6000.5.10f1/Editor/Data/NetStandard/compat/2.1.0/shims/netstandard/System.Security.SecureString.dll"
-r:"/home/asif/Unity/Hub/Editor/6000.5.10f1/Editor/Data/NetStandard/compat/2.1.0/shims/netstandard/System.Text.Encoding.Extensions.dll"
-r:"/home/asif/Unity/Hub/Editor/6000.5.10f1/Editor/Data/NetStandard/compat/2.1.0/shims/netstandard/System.Text.Encoding.dll"
-r:"/home/asif/Unity/Hub/Editor/6000.5.10f1/Editor/Data/NetStandard/compat/2.1.0/shims/netstandard/System.Text.RegularExpressions.dll"
-r:"/home/asif/Unity/Hub/Editor/6000.5.10f1/Editor/Data/NetStandard/compat/2.1.0/shims/netstandard/System.Threading.Overlapped.dll"
-r:"/home/asif/Unity/Hub/Editor/6000.5.10f1/Editor/Data/NetStandard/compat/2.1.0/shims/netstandard/System.Threading.Tasks.Extensions.dll"
-r:"/home/asif/Unity/Hub/Editor/6000.5.10f1/Editor/Data/NetStandard/compat/2.1.0/shims/netstandard/System.Threading.Tasks.Parallel.dll"
-r:"/home/asif/Unity/Hub/Editor/6000.5.10f1/Editor/Data/NetStandard/compat/2.1.0/shims/netstandard/System.Threading.Tasks.dll"
-r:"/home/asif/Unity/Hub/Editor/6000.5.10f1/Editor/Data/NetStandard/compat/2.1.0/shims/netstandard/System.Threading.Thread.dll"
-r:"/home/asif/Unity/Hub/Editor/6000.5.10f1/Editor/Data/NetStandard/compat/2.1.0/shims/netstandard/System.Threading.ThreadPool.dll"
-r:"/home/asif/Unity/Hub/Editor/6000.5.10f1/Editor/Data/NetStandard/compat/2.1.0/shims/netstandard/System.Threading.Timer.dll"
-r:"/home/asif/Unity/Hub/Editor/6000.5.10f1/Editor/Data/NetStandard/compat/2.1.0/shims/netstandard/System.Threading.dll"
-r:"/home/asif/Unity/Hub/Editor/6000.5.10f1/Editor/Data/NetStandard/compat/2.1.0/shims/netstandard/System.ValueTuple.dll"
-r:"/home/asif/Unity/Hub/Editor/6000.5.10f1/Editor/Data/NetStandard/compat/2.1.0/shims/netstandard/System.Xml.ReaderWriter.dll"
-r:"/home/asif/Unity/Hub/Editor/6000.5.10f1/Editor/Data/NetStandard/compat/2.1.0/shims/netstandard/System.Xml.XDocument.dll"
-r:"/home/asif/Unity/Hub/Editor/6000.5.10f1/Editor/Data/NetStandard/compat/2.1.0/shims/netstandard/System.Xml.XPath.XDocument.dll"
-r:"/home/asif/Unity/Hub/Editor/6000.5.10f1/Editor/Data/NetStandard/compat/2.1.0/shims/netstandard/System.Xml.XPath.dll"
-r:"/home/asif/Unity/Hub/Editor/6000.5.10f1/Editor/Data/NetStandard/compat/2.1.0/shims/netstandard/System.Xml.XmlDocument.dll"
-r:"/home/asif/Unity/Hub/Editor/6000.5.10f1/Editor/Data/NetStandard/compat/2.1.0/shims/netstandard/System.Xml.XmlSerializer.dll"
-r:"/home/asif/Unity/Hub/Editor/6000.5.10f1/Editor/Data/NetStandard/ref/2.1.0/netstandard.dll"
-r:"/home/asif/Unity/Hub/Editor/6000.5.10f1/Editor/Data/PlaybackEngines/AndroidPlayer/Unity.Android.Gradle.dll"
-r:"/home/asif/Unity/Hub/Editor/6000.5.10f1/Editor/Data/PlaybackEngines/AndroidPlayer/Unity.Android.Types.dll"
-r:"Library/PackageCache/com.unity.collections@c461d9198d5e/Unity.Collections.LowLevel.ILSupport/Unity.Collections.LowLevel.ILSupport.dll"
-r:"Library/PackageCache/com.unity.ext.nunit@9054f8d1d690/net472/unity-custom/nunit.framework.dll"
-r:"Library/PackageCache/com.unity.nuget.mono-cecil@ecb9724e46ff/Mono.Cecil.dll"
-r:"Library/PackageCache/com.unity.testtools.codecoverage@19a841221620/lib/ReportGenerator/ReportGeneratorMerged.dll"
-r:"Library/Bee/artifacts/2400b0aE.dag/Unity.Burst.Editor.ref.dll"
-r:"Library/Bee/artifacts/2400b0aE.dag/Unity.Burst.ref.dll"
-r:"Library/Bee/artifacts/2400b0aE.dag/Unity.Collections.Editor.ref.dll"
-r:"Library/Bee/artifacts/2400b0aE.dag/Unity.Collections.ref.dll"
-r:"Library/Bee/artifacts/2400b0aE.dag/Unity.EditorCoroutines.Editor.ref.dll"
-r:"Library/Bee/artifacts/2400b0aE.dag/Unity.InputSystem.ForUI.Editor.ref.dll"
-r:"Library/Bee/artifacts/2400b0aE.dag/Unity.InputSystem.ForUI.ref.dll"
-r:"Library/Bee/artifacts/2400b0aE.dag/Unity.InputSystem.ref.dll"
-r:"Library/Bee/artifacts/2400b0aE.dag/Unity.InternalAPIEditorBridge.007.ref.dll"
-r:"Library/Bee/artifacts/2400b0aE.dag/Unity.InternalAPIEditorBridge.ShaderGraph.Editor.ref.dll"
-r:"Library/Bee/artifacts/2400b0aE.dag/Unity.InternalAPIEngineBridge.004.ref.dll"
-r:"Library/Bee/artifacts/2400b0aE.dag/Unity.InternalAPIEngineBridge.007.ref.dll"
-r:"Library/Bee/artifacts/2400b0aE.dag/Unity.InternalAPIEngineBridge.RenderPipelines.Core.Editor.ref.dll"
-r:"Library/Bee/artifacts/2400b0aE.dag/Unity.InternalAPIEngineBridge.RenderPipelines.Core.Runtime.Shared.ref.dll"
-r:"Library/Bee/artifacts/2400b0aE.dag/Unity.Mathematics.ref.dll"
-r:"Library/Bee/artifacts/2400b0aE.dag/Unity.Multiplayer.Center.Common.ref.dll"
-r:"Library/Bee/artifacts/2400b0aE.dag/Unity.Multiplayer.Center.Editor.ref.dll"
-r:"Library/Bee/artifacts/2400b0aE.dag/Unity.PathTracing.Editor.ref.dll"
-r:"Library/Bee/artifacts/2400b0aE.dag/Unity.PathTracing.Runtime.ref.dll"
-r:"Library/Bee/artifacts/2400b0aE.dag/Unity.Performance.Profile-Analyzer.Editor.ref.dll"
-r:"Library/Bee/artifacts/2400b0aE.dag/Unity.RenderPipeline.Universal.ShaderLibrary.ref.dll"
-r:"Library/Bee/artifacts/2400b0aE.dag/Unity.RenderPipelines.Core.Editor.Shared.ref.dll"
-r:"Library/Bee/artifacts/2400b0aE.dag/Unity.RenderPipelines.Core.Editor.ref.dll"
-r:"Library/Bee/artifacts/2400b0aE.dag/Unity.RenderPipelines.Core.Runtime.Shared.ref.dll"
-r:"Library/Bee/artifacts/2400b0aE.dag/Unity.RenderPipelines.Core.Runtime.ref.dll"
-r:"Library/Bee/artifacts/2400b0aE.dag/Unity.RenderPipelines.Core.ShaderLibrary.ref.dll"
-r:"Library/Bee/artifacts/2400b0aE.dag/Unity.RenderPipelines.GPUDriven.Runtime.ref.dll"
-r:"Library/Bee/artifacts/2400b0aE.dag/Unity.RenderPipelines.ShaderGraph.ShaderGraphLibrary.ref.dll"
-r:"Library/Bee/artifacts/2400b0aE.dag/Unity.RenderPipelines.Universal.2D.Editor.Overrides.ref.dll"
-r:"Library/Bee/artifacts/2400b0aE.dag/Unity.RenderPipelines.Universal.2D.Runtime.ref.dll"
-r:"Library/Bee/artifacts/2400b0aE.dag/Unity.RenderPipelines.Universal.Config.Runtime.ref.dll"
-r:"Library/Bee/artifacts/2400b0aE.dag/Unity.RenderPipelines.Universal.Editor.ref.dll"
-r:"Library/Bee/artifacts/2400b0aE.dag/Unity.RenderPipelines.Universal.Runtime.ref.dll"
-r:"Library/Bee/artifacts/2400b0aE.dag/Unity.RenderPipelines.Universal.Shaders.ref.dll"
-r:"Library/Bee/artifacts/2400b0aE.dag/Unity.Rendering.LightTransport.Editor.ref.dll"
-r:"Library/Bee/artifacts/2400b0aE.dag/Unity.Rider.Editor.ref.dll"
-r:"Library/Bee/artifacts/2400b0aE.dag/Unity.Searcher.Editor.ref.dll"
-r:"Library/Bee/artifacts/2400b0aE.dag/Unity.Settings.Editor.ref.dll"
-r:"Library/Bee/artifacts/2400b0aE.dag/Unity.ShaderGraph.Editor.ref.dll"
-r:"Library/Bee/artifacts/2400b0aE.dag/Unity.SurfaceCache.Runtime.ref.dll"
-r:"Library/Bee/artifacts/2400b0aE.dag/Unity.Sysroot.Linux_x86_64.ref.dll"
-r:"Library/Bee/artifacts/2400b0aE.dag/Unity.SysrootPackage.Editor.ref.dll"
-r:"Library/Bee/artifacts/2400b0aE.dag/Unity.TestTools.CodeCoverage.Editor.OpenCover.Model.ref.dll"
-r:"Library/Bee/artifacts/2400b0aE.dag/Unity.TestTools.CodeCoverage.Editor.OpenCover.Mono.Reflection.ref.dll"
-r:"Library/Bee/artifacts/2400b0aE.dag/Unity.TestTools.CodeCoverage.Editor.ref.dll"
-r:"Library/Bee/artifacts/2400b0aE.dag/Unity.TextMeshPro.Editor.ref.dll"
-r:"Library/Bee/artifacts/2400b0aE.dag/Unity.TextMeshPro.ref.dll"
-r:"Library/Bee/artifacts/2400b0aE.dag/Unity.Toolchain.Linux-x86_64-Linux.ref.dll"
-r:"Library/Bee/artifacts/2400b0aE.dag/Unity.Tutorials.Editor.ref.dll"
-r:"Library/Bee/artifacts/2400b0aE.dag/Unity.Tutorials.ref.dll"
-r:"Library/Bee/artifacts/2400b0aE.dag/Unity.UnifiedRayTracing.Runtime.ref.dll"
-r:"Library/Bee/artifacts/2400b0aE.dag/Unity.VisualStudio.Editor.ref.dll"
-r:"Library/Bee/artifacts/2400b0aE.dag/Unity.XR.ARAnalytics.Editor.ref.dll"
-r:"Library/Bee/artifacts/2400b0aE.dag/Unity.XR.ARCore.Editor.ref.dll"
-r:"Library/Bee/artifacts/2400b0aE.dag/Unity.XR.ARCore.ref.dll"
-r:"Library/Bee/artifacts/2400b0aE.dag/Unity.XR.ARFoundation.Editor.ref.dll"
-r:"Library/Bee/artifacts/2400b0aE.dag/Unity.XR.ARFoundation.InternalUtils.Editor.ref.dll"
-r:"Library/Bee/artifacts/2400b0aE.dag/Unity.XR.ARFoundation.InternalUtils.ref.dll"
-r:"Library/Bee/artifacts/2400b0aE.dag/Unity.XR.ARFoundation.VisualScripting.Editor.ref.dll"
-r:"Library/Bee/artifacts/2400b0aE.dag/Unity.XR.ARFoundation.VisualScripting.ref.dll"
-r:"Library/Bee/artifacts/2400b0aE.dag/Unity.XR.ARFoundation.ref.dll"
-r:"Library/Bee/artifacts/2400b0aE.dag/Unity.XR.ARSubsystems.Editor.ref.dll"
-r:"Library/Bee/artifacts/2400b0aE.dag/Unity.XR.ARSubsystems.ref.dll"
-r:"Library/Bee/artifacts/2400b0aE.dag/Unity.XR.AndroidOpenXR.Editor.ref.dll"
-r:"Library/Bee/artifacts/2400b0aE.dag/Unity.XR.AndroidOpenXR.ref.dll"
-r:"Library/Bee/artifacts/2400b0aE.dag/Unity.XR.CompositionLayers.Editor.ref.dll"
-r:"Library/Bee/artifacts/2400b0aE.dag/Unity.XR.CompositionLayers.UIInteraction.Editor.ref.dll"
-r:"Library/Bee/artifacts/2400b0aE.dag/Unity.XR.CompositionLayers.UIInteraction.ref.dll"
-r:"Library/Bee/artifacts/2400b0aE.dag/Unity.XR.CompositionLayers.ref.dll"
-r:"Library/Bee/artifacts/2400b0aE.dag/Unity.XR.CoreUtils.Editor.ref.dll"
-r:"Library/Bee/artifacts/2400b0aE.dag/Unity.XR.CoreUtils.ref.dll"
-r:"Library/Bee/artifacts/2400b0aE.dag/Unity.XR.Hands.Analytics.Editor.ref.dll"
-r:"Library/Bee/artifacts/2400b0aE.dag/Unity.XR.Hands.Analytics.Hooks.Editor.ref.dll"
-r:"Library/Bee/artifacts/2400b0aE.dag/Unity.XR.Hands.Editor.ref.dll"
-r:"Library/Bee/artifacts/2400b0aE.dag/Unity.XR.Hands.Samples.VisualizerSample.ref.dll"
-r:"Library/Bee/artifacts/2400b0aE.dag/Unity.XR.Hands.ref.dll"
-r:"Library/Bee/artifacts/2400b0aE.dag/Unity.XR.Interaction.Toolkit.Analytics.Editor.ref.dll"
-r:"Library/Bee/artifacts/2400b0aE.dag/Unity.XR.Interaction.Toolkit.Analytics.Hooks.Editor.ref.dll"
-r:"Library/Bee/artifacts/2400b0aE.dag/Unity.XR.Interaction.Toolkit.Editor.ref.dll"
-r:"Library/Bee/artifacts/2400b0aE.dag/Unity.XR.Interaction.Toolkit.Samples.Hands.Editor.ref.dll"
-r:"Library/Bee/artifacts/2400b0aE.dag/Unity.XR.Interaction.Toolkit.Samples.Hands.ref.dll"
-r:"Library/Bee/artifacts/2400b0aE.dag/Unity.XR.Interaction.Toolkit.Samples.StarterAssets.Editor.ref.dll"
-r:"Library/Bee/artifacts/2400b0aE.dag/Unity.XR.Interaction.Toolkit.Samples.StarterAssets.ref.dll"
-r:"Library/Bee/artifacts/2400b0aE.dag/Unity.XR.Interaction.Toolkit.ref.dll"
-r:"Library/Bee/artifacts/2400b0aE.dag/Unity.XR.Management.Editor.ref.dll"
-r:"Library/Bee/artifacts/2400b0aE.dag/Unity.XR.Management.ref.dll"
-r:"Library/Bee/artifacts/2400b0aE.dag/Unity.XR.MetaOpenXR.Editor.ref.dll"
-r:"Library/Bee/artifacts/2400b0aE.dag/Unity.XR.MetaOpenXR.ref.dll"
-r:"Library/Bee/artifacts/2400b0aE.dag/Unity.XR.OpenXR.Editor.ref.dll"
-r:"Library/Bee/artifacts/2400b0aE.dag/Unity.XR.OpenXR.Features.ConformanceAutomation.ref.dll"
-r:"Library/Bee/artifacts/2400b0aE.dag/Unity.XR.OpenXR.Features.MetaQuestSupport.Editor.ref.dll"
-r:"Library/Bee/artifacts/2400b0aE.dag/Unity.XR.OpenXR.Features.MetaQuestSupport.ref.dll"
-r:"Library/Bee/artifacts/2400b0aE.dag/Unity.XR.OpenXR.Features.OculusQuestSupport.Editor.ref.dll"
-r:"Library/Bee/artifacts/2400b0aE.dag/Unity.XR.OpenXR.Features.OculusQuestSupport.ref.dll"
-r:"Library/Bee/artifacts/2400b0aE.dag/Unity.XR.OpenXR.Features.RuntimeDebugger.Editor.ref.dll"
-r:"Library/Bee/artifacts/2400b0aE.dag/Unity.XR.OpenXR.ref.dll"
-r:"Library/Bee/artifacts/2400b0aE.dag/Unity.XR.Simulation.Editor.ref.dll"
-r:"Library/Bee/artifacts/2400b0aE.dag/Unity.XR.Simulation.ref.dll"
-r:"Library/Bee/artifacts/2400b0aE.dag/UnityEditor.SpatialTracking.ref.dll"
-r:"Library/Bee/artifacts/2400b0aE.dag/UnityEditor.UI.Analytics.ref.dll"
-r:"Library/Bee/artifacts/2400b0aE.dag/UnityEditor.UI.ref.dll"
-r:"Library/Bee/artifacts/2400b0aE.dag/UnityEditor.XR.LegacyInputHelpers.ref.dll"
-r:"Library/Bee/artifacts/2400b0aE.dag/UnityEngine.SpatialTracking.ref.dll"
-r:"Library/Bee/artifacts/2400b0aE.dag/UnityEngine.UI.ref.dll"
-r:"Library/Bee/artifacts/2400b0aE.dag/UnityEngine.XR.LegacyInputHelpers.ref.dll"
-analyzer:"/home/asif/Unity/Hub/Editor/6000.5.10f1/Editor/Data/BCLExtensions/TargetingPacks/netstandard2.1/analyzers/dotnet/roslyn4.0/cs/Microsoft.Extensions.Logging.Generators.dll"
-analyzer:"/home/asif/Unity/Hub/Editor/6000.5.10f1/Editor/Data/BCLExtensions/TargetingPacks/netstandard2.1/analyzers/dotnet/roslyn4.0/cs/System.Text.Json.SourceGeneration.dll"
-analyzer:"/home/asif/Unity/Hub/Editor/6000.5.10f1/Editor/Data/Tools/BuildPipeline/Unity.Analyzers.Common/Unity.Analyzers.Common.dll"
-analyzer:"/home/asif/Unity/Hub/Editor/6000.5.10f1/Editor/Data/Tools/BuildPipeline/Unity.Analyzers.LongLiving/Unity.Analyzers.LongLiving.dll"
-analyzer:"/home/asif/Unity/Hub/Editor/6000.5.10f1/Editor/Data/Tools/BuildPipeline/Unity.SourceGenerators/Unity.Properties.SourceGenerator.dll"
-analyzer:"/home/asif/Unity/Hub/Editor/6000.5.10f1/Editor/Data/Tools/BuildPipeline/Unity.SourceGenerators/Unity.SourceGenerators.dll"
-analyzer:"/home/asif/Unity/Hub/Editor/6000.5.10f1/Editor/Data/Tools/BuildPipeline/Unity.SourceGenerators/Unity.UIToolkit.SourceGenerator.dll"
"Assets/Scripts/Audio/AudioManager.cs"
"Assets/Scripts/Combat/CombatSystem.cs"
"Assets/Scripts/Combat/GunController.cs"
"Assets/Scripts/Config/Config.cs"
"Assets/Scripts/Core/ConveyorBelt.cs"
"Assets/Scripts/Core/HallwaySceneBuilder.cs"
"Assets/Scripts/Enemies/BeatRing.cs"
"Assets/Scripts/Enemies/RingPulse.cs"
"Assets/Scripts/Enemies/Zombie.cs"
"Assets/Scripts/Player/HeroController.cs"
"Assets/Scripts/Player/PlayerController.cs"
"Assets/Scripts/Player/ThirdPersonCamera.cs"
"Assets/Scripts/Player/VRInputHandler.cs"
"Assets/Scripts/UI/HUD.cs"
"Assets/VRTemplateAssets/Scripts/AnchorVisuals.cs"
"Assets/VRTemplateAssets/Scripts/BezierCurve.cs"
"Assets/VRTemplateAssets/Scripts/BooleanToggleVisualsController.cs"
"Assets/VRTemplateAssets/Scripts/Callout.cs"
"Assets/VRTemplateAssets/Scripts/CalloutGazeController.cs"
"Assets/VRTemplateAssets/Scripts/DestroyObject.cs"
"Assets/VRTemplateAssets/Scripts/LaunchProjectile.cs"
"Assets/VRTemplateAssets/Scripts/RayAttachModifier.cs"
"Assets/VRTemplateAssets/Scripts/Rotator.cs"
"Assets/VRTemplateAssets/Scripts/StepManager.cs"
"Assets/VRTemplateAssets/Scripts/VideoPlayerRenderTexture.cs"
"Assets/VRTemplateAssets/Scripts/VideoTimeScrubControl.cs"
"Assets/VRTemplateAssets/Scripts/XRKnob.cs"
"Assets/VRTemplateAssets/Scripts/XRPokeFollowAffordanceFill.cs"
-langversion:9.0
/deterministic
/optimize+
/debug:portable
/nologo
/RuntimeMetadataVersion:v4.0.30319
/nowarn:0169
/nowarn:0649
/nowarn:0282
/nowarn:1701
/nowarn:1702
/utf8output
/preferreduilang:en-US
/additionalfile:"Library/Bee/artifacts/2400b0aE.dag/Assembly-CSharp.UnityAdditionalFile.txt"
##### Custom Environment Variables
DOTNET_HOST_PATH=/home/asif/Unity/Hub/Editor/6000.5.10f1/Editor/Data/DotNetSdk/dotnet
DOTNET_MULTILEVEL_LOOKUP=0
##### ExitCode
1
##### Output
Assets/Scripts/Core/HallwaySceneBuilder.cs(207,5): error CS8803: Top-level statements must precede namespace and type declarations.
Assets/Scripts/Core/HallwaySceneBuilder.cs(267,1): error CS1022: Type or namespace definition, or end-of-file expected
*** Tundra build failed (0.24 seconds), 2 items updated, 1356 evaluated
## Script Compilation Error for: Csc Library/Bee/artifacts/2400b0aE.dag/Assembly-CSharp.dll (+2 others)
## CmdLine: "/home/asif/Unity/Hub/Editor/6000.5.10f1/Editor/Data/DotNetSdk/dotnet" exec "/home/asif/Unity/Hub/Editor/6000.5.10f1/Editor/Data/DotNetSdk/sdk/8.0.318/Roslyn/bincore/csc.dll" /nostdlib /noconfig /shared "@Library/Bee/artifacts/2400b0aE.dag/Assembly-CSharp.rsp" "@Library/Bee/artifacts/2400b0aE.dag/Assembly-CSharp.rsp2"
## Output:
Assets/Scripts/Core/HallwaySceneBuilder.cs(207,5): error CS8803: Top-level statements must precede namespace and type declarations.
Assets/Scripts/Core/HallwaySceneBuilder.cs(267,1): error CS1022: Type or namespace definition, or end-of-file expected

Assets/Scripts/Core/HallwaySceneBuilder.cs(207,5): error CS8803: Top-level statements must precede namespace and type declarations.
Assets/Scripts/Core/HallwaySceneBuilder.cs(267,1): error CS1022: Type or namespace definition, or end-of-file expected
Total cache size 67411408
Total cache size after purge 67411408, took 00:00:00.1456059
Refreshing native plugins compatible for Editor in 4.25 ms, found 1 plugins.

Asset Pipeline Refresh (id=7dd6761dbd3bce0719a67f4275740655): Total: 27.234 seconds - Initiated by RefreshV2(AllowForceSynchronousImport)
	(Values over 0.05ms)
	Summary:
		Imports: total=0 (actual=0, local cache=0, cache server=0)
		Asset DB Process Time: managed=0 ms, native=6422 ms
		Asset DB Callback time: managed=472 ms, native=10 ms
		Scripting: domain reloads=1, domain reload time=1730 ms, compile time=18599 ms, other=0 ms
		Project Asset Count: scripts=1829, non-scripts=2725
		Asset File Changes: new=4, changed=7, moved=0, deleted=0
		Scan Filter Count: 1
	InvokePackagesCallback: 1.392ms
	ApplyChangesToAssetFolders: 5.443ms
	Scan: 2091.875ms
	Collect global state as custom dependencies: 6.141ms
	OnSourceAssetsModified: 2.160ms
	CategorizeScriptCompilationAssets: 0.327ms
	ProcessAssetsWithTransientArtifactChanges: 7.277ms
	CategorizeAssets: 124.086ms
	CompileScripts: 18598.653ms
	ImportOutOfDateAssets: 3251.010ms (3179.825ms without children)
		CollectScriptTypesHashes: 2.175ms
		ReloadNativeAssets: 2.260ms
		UnloadImportedAssets: 0.698ms
		EnsureUptoDateAssetsAreRegisteredWithGuidPM: 1.583ms
		ImportSchedulerStart: 66.414ms
	PostProcessAllAssets: 468.724ms
		XRBuildSystem.XRAssetImported 3.507ms
		PostProcessCallbackCreateDeferredMaterials 0.101ms
		MonoPostProcessAllAssets: 464.224ms
			AssetCallbacks.OnPostprocessAllAssets 263.534ms
			BuilderAssetPostprocessor.OnPostprocessAllAssets 93.281ms
			UniversalRenderPipelineGlobalSettingsPostprocessor.OnPostprocessAllAssets 26.062ms
			AssetChangedListener.OnPostprocessAllAssets 7.528ms
			AssetPostprocessor.OnPostprocessAllAssets 7.006ms
			WindowAssetPostprocessingWatcher.OnPostprocessAllAssets 5.072ms
			SpeedTree9Postprocessor.OnPostprocessAllAssets 4.173ms
			ShaderGraphAssetPostProcessor.OnPostprocessAllAssets 3.222ms
			RetainedModeAssetPostprocessor.OnPostprocessAllAssets 2.421ms
			ConfigAssetsTracker.OnPostprocessAllAssets 1.874ms
			EditModeScopePostprocessor.OnPostprocessAllAssets 1.606ms
			RenderPipelineGlobalSettingsPostprocessor.OnPostprocessAllAssets 1.229ms
			MaterialPostprocessor.OnPostprocessAllAssets 0.935ms
			TMPro_TexturePostProcessor.OnPostprocessAllAssets 0.865ms
			TextAssetPostProcessor.OnPostprocessAllAssets 0.723ms
			ShaderReflectionAssetPostProcessor.OnPostprocessAllAssets 0.684ms
			InputActionAssetPostprocessor.OnPostprocessAllAssets 0.652ms
			ArtifactBrowserPostProcessor.OnPostprocessAllAssets 0.646ms
			AssetEvents.OnPostprocessAllAssets 0.573ms
			ProjectSettingsPostprocessor.OnPostprocessAllAssets 0.570ms
			InputActionJsonNameModifierAssetProcessor.OnPostprocessAllAssets 0.535ms
			AudioMixerPostprocessor.OnPostprocessAllAssets 0.534ms
			StyleCatalogPostProcessor.OnPostprocessAllAssets 0.520ms
			PostProcessor.OnPostprocessAllAssets 0.496ms
			ReferencedClipsPostProcessor.OnPostprocessAllAssets 0.442ms
			SampleDependencyImporterPostProcessor.OnPostprocessAllAssets 0.378ms
			EnvironmentAssetPostprocessor.OnPostprocessAllAssets 0.293ms
			TerrainToolbarOverlayPostProcessor.OnPostprocessAllAssets 0.276ms
			SpeedTreePostProcessor.OnPostprocessAllAssets 0.270ms
			AssetDatabaseCallbacks.OnPostprocessAllAssets 0.267ms
			ScenarioDriftAssetsTracker.OnPostprocessAllAssets 0.249ms
			SyncVS.PostprocessSyncProject 0.223ms
			AudioContainerPostProcessor.OnPostprocessAllAssets 0.114ms
	PostAssetChangesProfiler: 11.862ms
	GatherAllCurrentPrimaryImportResultRevisions: 0.316ms
	PersistCurrentRevisions: 0.274ms
	GenerateScriptTypeHashes: 12.169ms
	GenerateScriptTypeSerializationHashes: 19.758ms
	Untracked: 2659.767ms

[Licensing::Client] Successfully resolved entitlement details
Importing 'GUID: 3dd11dcd12272e54f8a19d8224e35f53 - Path: Assets/XR/Settings/OpenXRPackageSettings.asset' with importer (NativeFormatImporter)
Imported 'GUID: 3dd11dcd12272e54f8a19d8224e35f53' -> (Import Result ID: 'bddd1828c79737549e9979ba9cd72e74') in 0.009 seconds [static dependencies only]. Details - ImportResultOutputID=a2fce30c4ac17f62c0f27da484977667 DependenciesID=2dec8154d0eefeec372faf2a0f78ca13 StaticDependenciesID=e9e1b931c1e59c110e8bbfee07afcfcb 
Refreshing native plugins compatible for Editor in 4.46 ms, found 1 plugins.
Asset Pipeline Refresh (id=e06aa5e99e1649fd8baeecd15ffb1765): Total: 0.175 seconds - Initiated by StopAssetImportingV2(NoUpdateAssetOptions)
Importing 'GUID: 3dd11dcd12272e54f8a19d8224e35f53 - Path: Assets/XR/Settings/OpenXRPackageSettings.asset' with importer (NativeFormatImporter)
Imported 'GUID: 3dd11dcd12272e54f8a19d8224e35f53' -> (Import Result ID: 'bddd1828c79737549e9979ba9cd72e74') in 0.003 seconds [static dependencies only]. Details - ImportResultOutputID=a2fce30c4ac17f62c0f27da484977667 DependenciesID=2dec8154d0eefeec372faf2a0f78ca13 StaticDependenciesID=e9e1b931c1e59c110e8bbfee07afcfcb 
Refreshing native plugins compatible for Editor in 3.54 ms, found 1 plugins.
Asset Pipeline Refresh (id=de93098cdeaec174ab53f2929942fb7a): Total: 0.114 seconds - Initiated by StopAssetImportingV2(NoUpdateAssetOptions)
Importing 'GUID: 3dd11dcd12272e54f8a19d8224e35f53 - Path: Assets/XR/Settings/OpenXRPackageSettings.asset' with importer (NativeFormatImporter)
Imported 'GUID: 3dd11dcd12272e54f8a19d8224e35f53' -> (Import Result ID: '124e102bf15640c77b88c0853e2b63fc') in 0.001 seconds [static dependencies only]. Details - ImportResultOutputID=a2fce30c4ac17f62c0f27da484977667 DependenciesID=70b6fc02e979cfe63a26b0a61c722e63 StaticDependenciesID=b8d5f0d117249b820dad5460aa048331 
Refreshing native plugins compatible for Editor in 2.53 ms, found 1 plugins.
Asset Pipeline Refresh (id=daf9dbf008d198b0d9a71f840d781014): Total: 0.123 seconds - Initiated by StopAssetImportingV2(NoUpdateAssetOptions)
Importing 'GUID: 3dd11dcd12272e54f8a19d8224e35f53 - Path: Assets/XR/Settings/OpenXRPackageSettings.asset' with importer (NativeFormatImporter)
Imported 'GUID: 3dd11dcd12272e54f8a19d8224e35f53' -> (Import Result ID: '124e102bf15640c77b88c0853e2b63fc') in 0.004 seconds [static dependencies only]. Details - ImportResultOutputID=a2fce30c4ac17f62c0f27da484977667 DependenciesID=70b6fc02e979cfe63a26b0a61c722e63 StaticDependenciesID=b8d5f0d117249b820dad5460aa048331 
Refreshing native plugins compatible for Editor in 2.42 ms, found 1 plugins.
Asset Pipeline Refresh (id=016050e1168987deaaccb39bb08a6ecc): Total: 0.139 seconds - Initiated by StopAssetImportingV2(NoUpdateAssetOptions)
[Licensing::Client] Successfully resolved entitlement details
Request Asset Garbage Collect because used heap size increased from 331.1 MB to 0.70 GB, exceeding the threshold of 256.0 MB.
Unloading 0 Unused Serialized files (Serialized files now loaded: 0)
Unloading 363 unused Assets / (93.5 KB). Loaded Objects now: 9006.
Memory consumption went from 0.76 GB to 0.76 GB.
Total: 79.773844 ms (FindLiveObjects: 2.143629 ms CreateObjectMapping: 0.852154 ms MarkObjects: 72.982339 ms  DeleteObjects: 3.760392 ms)

[Licensing::Client] Successfully resolved entitlement details
[ScriptCompilation] Requested script compilation because: AssetDatabase observed changes in script compilation related files
info: Microsoft.AspNetCore.Hosting.Diagnostics[1]
      Request starting HTTP/2 POST http://ilpp/UnityILPP.PostProcessing/Ping - application/grpc -
info: Microsoft.AspNetCore.Routing.EndpointMiddleware[0]
      Executing endpoint 'gRPC - /UnityILPP.PostProcessing/Ping'
info: Microsoft.AspNetCore.Routing.EndpointMiddleware[1]
      Executed endpoint 'gRPC - /UnityILPP.PostProcessing/Ping'
info: Microsoft.AspNetCore.Hosting.Diagnostics[2]
      Request finished HTTP/2 POST http://ilpp/UnityILPP.PostProcessing/Ping - 200 - application/grpc 0.8478ms
Starting: /home/asif/Unity/Hub/Editor/6000.5.10f1/Editor/Data/Tools/BuildPipeline/bee_backend --ipc --defer-dag-verification --dagfile="Library/Bee/2400b0aE.dag" --continue-on-failure --profile="Library/Bee/backend1.traceevents" ScriptAssemblies
WorkingDir: /home/asif/Projects/vrGame/vrgame
info: Microsoft.AspNetCore.Hosting.Diagnostics[1]
      Request starting HTTP/2 POST http://ilpp/UnityILPP.PostProcessing/ConfigurePostProcessors - application/grpc -
info: Microsoft.AspNetCore.Routing.EndpointMiddleware[0]
      Executing endpoint 'gRPC - /UnityILPP.PostProcessing/ConfigurePostProcessors'
info: Unity.ILPP.Runner.PostProcessingAssemblyLoadContext[0]
      Current configuration matches the requested one, skipping
info: Microsoft.AspNetCore.Routing.EndpointMiddleware[1]
      Executed endpoint 'gRPC - /UnityILPP.PostProcessing/ConfigurePostProcessors'
info: Microsoft.AspNetCore.Hosting.Diagnostics[2]
      Request finished HTTP/2 POST http://ilpp/UnityILPP.PostProcessing/ConfigurePostProcessors - 200 - application/grpc 1.5876ms
## Script Compilation Error for: Csc Library/Bee/artifacts/2400b0aE.dag/Assembly-CSharp.dll (+2 others)
## CmdLine: "/home/asif/Unity/Hub/Editor/6000.5.10f1/Editor/Data/DotNetSdk/dotnet" exec "/home/asif/Unity/Hub/Editor/6000.5.10f1/Editor/Data/DotNetSdk/sdk/8.0.318/Roslyn/bincore/csc.dll" /nostdlib /noconfig /shared "@Library/Bee/artifacts/2400b0aE.dag/Assembly-CSharp.rsp" "@Library/Bee/artifacts/2400b0aE.dag/Assembly-CSharp.rsp2"
## Output:
Assets/Scripts/Player/PlayerController.cs(14,13): warning CS0618: 'XRBaseController' is obsolete: 'XRBaseController has been deprecated in version 3.0.0. Its functionality has been distributed into different components.'
Assets/Scripts/Player/PlayerController.cs(20,47): warning CS0618: 'XRBaseController' is obsolete: 'XRBaseController has been deprecated in version 3.0.0. Its functionality has been distributed into different components.'
Assets/Scripts/Core/ConveyorBelt.cs(28,58): warning CS0618: 'FindObjectsSortMode' is obsolete: 'FindObjectsSortMode has been deprecated. Use the FindObjectsByType overloads that do not take a FindObjectsSortMode parameter.'
Assets/Scripts/Core/ConveyorBelt.cs(28,32): warning CS0618: 'Object.FindObjectsByType<T>(FindObjectsSortMode)' is obsolete: 'FindObjectsByType with FindObjectsSortMode parameter has been deprecated. Use FindObjectsByType<T>() or FindObjectsByType<T>(FindObjectsInactive) instead. InstanceID will be replaced in the future with EntityId and previous sort order cannot be maintained.'
Assets/Scripts/Core/ConveyorBelt.cs(43,23): warning CS0618: 'Object.FindFirstObjectByType<T>()' is obsolete: 'FindFirstObjectByType has been deprecated because it relies on instance ID ordering. Use FindAnyObjectByType instead, which does not depend on ordering.'
Assets/Scripts/Combat/GunController.cs(50,34): warning CS0618: 'Object.FindFirstObjectByType<T>()' is obsolete: 'FindFirstObjectByType has been deprecated because it relies on instance ID ordering. Use FindAnyObjectByType instead, which does not depend on ordering.'
Assets/Scripts/Core/HallwaySceneBuilder.cs(202,30): error CS0246: The type or namespace name 'ZombieSpawner' could not be found (are you missing a using directive or an assembly reference?)
Assets/Scripts/Core/HallwaySceneBuilder.cs(208,55): warning CS0618: 'FindObjectsSortMode' is obsolete: 'FindObjectsSortMode has been deprecated. Use the FindObjectsByType overloads that do not take a FindObjectsSortMode parameter.'
Assets/Scripts/Core/HallwaySceneBuilder.cs(208,29): warning CS0618: 'Object.FindObjectsByType<T>(FindObjectsSortMode)' is obsolete: 'FindObjectsByType with FindObjectsSortMode parameter has been deprecated. Use FindObjectsByType<T>() or FindObjectsByType<T>(FindObjectsInactive) instead. InstanceID will be replaced in the future with EntityId and previous sort order cannot be maintained.'
Assets/Scripts/Core/HallwaySceneBuilder.cs(228,59): warning CS0618: 'FindObjectsSortMode' is obsolete: 'FindObjectsSortMode has been deprecated. Use the FindObjectsByType overloads that do not take a FindObjectsSortMode parameter.'
Assets/Scripts/Core/HallwaySceneBuilder.cs(228,34): warning CS0618: 'Object.FindObjectsByType<T>(FindObjectsSortMode)' is obsolete: 'FindObjectsByType with FindObjectsSortMode parameter has been deprecated. Use FindObjectsByType<T>() or FindObjectsByType<T>(FindObjectsInactive) instead. InstanceID will be replaced in the future with EntityId and previous sort order cannot be maintained.'

ExitCode: 3 Duration: 0s522ms
[ 991/1356  0s] ILPP-Configuration Library/ilpp-configuration.nevergeneratedoutput
[1348/1356  0s] Csc Library/Bee/artifacts/2400b0aE.dag/Assembly-CSharp.dll (+2 others)
##### CommandLine
"/home/asif/Unity/Hub/Editor/6000.5.10f1/Editor/Data/DotNetSdk/dotnet" exec "/home/asif/Unity/Hub/Editor/6000.5.10f1/Editor/Data/DotNetSdk/sdk/8.0.318/Roslyn/bincore/csc.dll" /nostdlib /noconfig /shared "@Library/Bee/artifacts/2400b0aE.dag/Assembly-CSharp.rsp" "@Library/Bee/artifacts/2400b0aE.dag/Assembly-CSharp.rsp2"
##### Contents of Library/Bee/artifacts/2400b0aE.dag/Assembly-CSharp.rsp
-target:library
-out:"Library/Bee/artifacts/2400b0aE.dag/Assembly-CSharp.dll"
-refout:"Library/Bee/artifacts/2400b0aE.dag/Assembly-CSharp.ref.dll"
-define:UNITY_6000_5_10
-define:UNITY_6000_5
-define:UNITY_6000
-define:UNITY_5_3_OR_NEWER
-define:UNITY_5_4_OR_NEWER
-define:UNITY_5_5_OR_NEWER
-define:UNITY_5_6_OR_NEWER
-define:UNITY_2017_1_OR_NEWER
-define:UNITY_2017_2_OR_NEWER
-define:UNITY_2017_3_OR_NEWER
-define:UNITY_2017_4_OR_NEWER
-define:UNITY_2018_1_OR_NEWER
-define:UNITY_2018_2_OR_NEWER
-define:UNITY_2018_3_OR_NEWER
-define:UNITY_2018_4_OR_NEWER
-define:UNITY_2019_1_OR_NEWER
-define:UNITY_2019_2_OR_NEWER
-define:UNITY_2019_3_OR_NEWER
-define:UNITY_2019_4_OR_NEWER
-define:UNITY_2020_1_OR_NEWER
-define:UNITY_2020_2_OR_NEWER
-define:UNITY_2020_3_OR_NEWER
-define:UNITY_2021_1_OR_NEWER
-define:UNITY_2021_2_OR_NEWER
-define:UNITY_2021_3_OR_NEWER
-define:UNITY_2022_1_OR_NEWER
-define:UNITY_2022_2_OR_NEWER
-define:UNITY_2022_3_OR_NEWER
-define:UNITY_2023_1_OR_NEWER
-define:UNITY_2023_2_OR_NEWER
-define:UNITY_2023_3_OR_NEWER
-define:UNITY_6000_0_OR_NEWER
-define:UNITY_6000_1_OR_NEWER
-define:UNITY_6000_2_OR_NEWER
-define:UNITY_6000_3_OR_NEWER
-define:UNITY_6000_4_OR_NEWER
-define:UNITY_6000_5_OR_NEWER
-define:PLATFORM_ARCH_64
-define:UNITY_64
-define:UNITY_INCLUDE_TESTS
-define:UNITY_ENABLE_CLOUD_SERVICES_ENGINE_DIAGNOSTICS_MANAGED
-define:ENABLE_AUDIO
-define:ENABLE_AUDIO_SCRIPTABLE_PIPELINE
-define:ENABLE_CACHING
-define:ENABLE_CLOTH
-define:ENABLE_MICROPHONE
-define:ENABLE_MULTIPLE_DISPLAYS
-define:ENABLE_PHYSICS
-define:ENABLE_TEXTURE_STREAMING
-define:ENABLE_VIRTUALTEXTURING
-define:ENABLE_LZMA
-define:ENABLE_UNITYEVENTS
-define:ENABLE_VR
-define:ENABLE_WEBCAM
-define:ENABLE_UNITYWEBREQUEST
-define:ENABLE_WWW
-define:ENABLE_CLOUD_SERVICES
-define:ENABLE_CLOUD_SERVICES_ADS
-define:ENABLE_CLOUD_SERVICES_USE_WEBREQUEST
-define:ENABLE_UNITY_CONSENT
-define:ENABLE_UNITY_CLOUD_IDENTIFIERS
-define:ENABLE_CLOUD_SERVICES_CRASH_REPORTING
-define:ENABLE_CLOUD_SERVICES_PURCHASING
-define:ENABLE_CLOUD_SERVICES_ANALYTICS
-define:ENABLE_CLOUD_SERVICES_BUILD
-define:ENABLE_EDITOR_GAME_SERVICES
-define:ENABLE_UNITY_GAME_SERVICES_ANALYTICS_SUPPORT
-define:ENABLE_CLOUD_LICENSE
-define:ENABLE_EDITOR_HUB_LICENSE
-define:ENABLE_WEBSOCKET_CLIENT
-define:ENABLE_GENERATE_NATIVE_PLUGINS_FOR_ASSEMBLIES_API
-define:ENABLE_DIRECTOR_AUDIO
-define:ENABLE_DIRECTOR_TEXTURE
-define:ENABLE_MANAGED_JOBS
-define:ENABLE_MANAGED_TRANSFORM_JOBS
-define:ENABLE_MANAGED_ANIMATION_JOBS
-define:ENABLE_MANAGED_AUDIO_JOBS
-define:ENABLE_MANAGED_UNITYTLS
-define:INCLUDE_DYNAMIC_GI
-define:ENABLE_SCRIPTING_GC_WBARRIERS
-define:PLATFORM_SUPPORTS_MONO
-define:RENDER_SOFTWARE_CURSOR
-define:ENABLE_MARSHALLING_TESTS
-define:ENABLE_VIDEO
-define:ENABLE_NAVIGATION_OFFMESHLINK_TO_NAVMESHLINK
-define:ENABLE_ACCELERATOR_CLIENT_DEBUGGING
-define:TEXTCORE_1_0_OR_NEWER
-define:EDITOR_ONLY_NAVMESH_BUILDER_DEPRECATED
-define:PLATFORM_STANDALONE_LINUX
-define:PLATFORM_STANDALONE
-define:UNITY_STANDALONE_LINUX
-define:UNITY_STANDALONE
-define:UNITY_STANDALONE_LINUX_API
-define:ENABLE_RUNTIME_GI
-define:ENABLE_MOVIES
-define:ENABLE_NETWORK
-define:ENABLE_CRUNCH_TEXTURE_COMPRESSION
-define:ENABLE_CLUSTER_SYNC
-define:ENABLE_CLUSTERINPUT
-define:ENABLE_SPATIALTRACKING
-define:ENABLE_MODULAR_UNITYENGINE_ASSEMBLIES
-define:PLATFORM_SUPPORTS_SPLIT_GRAPHICS_JOBS
-define:PLATFORM_USES_EXPLICIT_MEMORY_MANAGER_INITIALIZER
-define:PLATFORM_SUPPORTS_DISPLAYINFO_API
-define:ENABLE_MONO
-define:NET_STANDARD_2_0
-define:NET_STANDARD
-define:NET_STANDARD_2_1
-define:NETSTANDARD
-define:NETSTANDARD2_1
-define:ENABLE_PROFILER
-define:DEBUG
-define:TRACE
-define:UNITY_ASSERTIONS
-define:UNITY_EDITOR
-define:UNITY_EDITOR_64
-define:UNITY_EDITOR_LINUX
-define:ENABLE_UNITY_COLLECTIONS_CHECKS
-define:ENABLE_BURST_AOT
-define:UNITY_TEAM_LICENSE
-define:ENABLE_CUSTOM_RENDER_TEXTURE
-define:ENABLE_DIRECTOR
-define:ENABLE_LOCALIZATION
-define:ENABLE_SPRITES
-define:ENABLE_TERRAIN
-define:ENABLE_TILEMAP
-define:ENABLE_TIMELINE
-define:ENABLE_INPUT_SYSTEM
-define:TEXTCORE_FONT_ENGINE_1_5_OR_NEWER
-define:TEXTCORE_TEXT_ENGINE_1_5_OR_NEWER
-define:TEXTCORE_FONT_ENGINE_1_6_OR_NEWER
-define:USE_INPUT_SYSTEM_POSE_CONTROL
-define:UNITY_POST_PROCESSING_STACK_V2
-define:USE_STICK_CONTROL_THUMBSTICKS
-define:CSHARP_7_OR_LATER
-define:CSHARP_7_3_OR_NEWER
-r:"/home/asif/Unity/Hub/Editor/6000.5.10f1/Editor/Data/BCLExtensions/TargetingPacks/netstandard2.1/ref/Microsoft.Bcl.AsyncInterfaces.dll"
-r:"/home/asif/Unity/Hub/Editor/6000.5.10f1/Editor/Data/BCLExtensions/TargetingPacks/netstandard2.1/ref/Microsoft.Extensions.DependencyInjection.Abstractions.dll"
-r:"/home/asif/Unity/Hub/Editor/6000.5.10f1/Editor/Data/BCLExtensions/TargetingPacks/netstandard2.1/ref/Microsoft.Extensions.Logging.Abstractions.dll"
-r:"/home/asif/Unity/Hub/Editor/6000.5.10f1/Editor/Data/BCLExtensions/TargetingPacks/netstandard2.1/ref/System.Collections.Immutable.dll"
-r:"/home/asif/Unity/Hub/Editor/6000.5.10f1/Editor/Data/BCLExtensions/TargetingPacks/netstandard2.1/ref/System.Diagnostics.DiagnosticSource.dll"
-r:"/home/asif/Unity/Hub/Editor/6000.5.10f1/Editor/Data/BCLExtensions/TargetingPacks/netstandard2.1/ref/System.IO.Hashing.dll"
-r:"/home/asif/Unity/Hub/Editor/6000.5.10f1/Editor/Data/BCLExtensions/TargetingPacks/netstandard2.1/ref/System.Reflection.Metadata.dll"
-r:"/home/asif/Unity/Hub/Editor/6000.5.10f1/Editor/Data/BCLExtensions/TargetingPacks/netstandard2.1/ref/System.Runtime.CompilerServices.Unsafe.dll"
-r:"/home/asif/Unity/Hub/Editor/6000.5.10f1/Editor/Data/BCLExtensions/TargetingPacks/netstandard2.1/ref/System.Text.Encodings.Web.dll"
-r:"/home/asif/Unity/Hub/Editor/6000.5.10f1/Editor/Data/BCLExtensions/TargetingPacks/netstandard2.1/ref/System.Text.Json.dll"
-r:"/home/asif/Unity/Hub/Editor/6000.5.10f1/Editor/Data/Managed/UnityEngine/Unity.Scripting.dll"
-r:"/home/asif/Unity/Hub/Editor/6000.5.10f1/Editor/Data/Managed/UnityEngine/UnityEditor.AIModule.dll"
-r:"/home/asif/Unity/Hub/Editor/6000.5.10f1/Editor/Data/Managed/UnityEngine/UnityEditor.AccessibilityModule.dll"
-r:"/home/asif/Unity/Hub/Editor/6000.5.10f1/Editor/Data/Managed/UnityEngine/UnityEditor.AdaptivePerformanceModule.dll"
-r:"/home/asif/Unity/Hub/Editor/6000.5.10f1/Editor/Data/Managed/UnityEngine/UnityEditor.AssetComplianceModule.dll"
-r:"/home/asif/Unity/Hub/Editor/6000.5.10f1/Editor/Data/Managed/UnityEngine/UnityEditor.BuildProfileModule.dll"
-r:"/home/asif/Unity/Hub/Editor/6000.5.10f1/Editor/Data/Managed/UnityEngine/UnityEditor.ClothModule.dll"
-r:"/home/asif/Unity/Hub/Editor/6000.5.10f1/Editor/Data/Managed/UnityEngine/UnityEditor.ContentLoadModule.dll"
-r:"/home/asif/Unity/Hub/Editor/6000.5.10f1/Editor/Data/Managed/UnityEngine/UnityEditor.CoreBusinessMetricsModule.dll"
-r:"/home/asif/Unity/Hub/Editor/6000.5.10f1/Editor/Data/Managed/UnityEngine/UnityEditor.CoreModule.dll"
-r:"/home/asif/Unity/Hub/Editor/6000.5.10f1/Editor/Data/Managed/UnityEngine/UnityEditor.DeviceSimulatorModule.dll"
-r:"/home/asif/Unity/Hub/Editor/6000.5.10f1/Editor/Data/Managed/UnityEngine/UnityEditor.DiagnosticsModule.dll"
-r:"/home/asif/Unity/Hub/Editor/6000.5.10f1/Editor/Data/Managed/UnityEngine/UnityEditor.EditorToolbarModule.dll"
-r:"/home/asif/Unity/Hub/Editor/6000.5.10f1/Editor/Data/Managed/UnityEngine/UnityEditor.EmbreeModule.dll"
-r:"/home/asif/Unity/Hub/Editor/6000.5.10f1/Editor/Data/Managed/UnityEngine/UnityEditor.GIModule.dll"
-r:"/home/asif/Unity/Hub/Editor/6000.5.10f1/Editor/Data/Managed/UnityEngine/UnityEditor.GenericRemoteModule.dll"
-r:"/home/asif/Unity/Hub/Editor/6000.5.10f1/Editor/Data/Managed/UnityEngine/UnityEditor.GraphToolkitModule.dll"
-r:"/home/asif/Unity/Hub/Editor/6000.5.10f1/Editor/Data/Managed/UnityEngine/UnityEditor.GraphViewModule.dll"
-r:"/home/asif/Unity/Hub/Editor/6000.5.10f1/Editor/Data/Managed/UnityEngine/UnityEditor.GraphicsStateCollectionSerializerModule.dll"
-r:"/home/asif/Unity/Hub/Editor/6000.5.10f1/Editor/Data/Managed/UnityEngine/UnityEditor.GridAndSnapModule.dll"
-r:"/home/asif/Unity/Hub/Editor/6000.5.10f1/Editor/Data/Managed/UnityEngine/UnityEditor.GridModule.dll"
-r:"/home/asif/Unity/Hub/Editor/6000.5.10f1/Editor/Data/Managed/UnityEngine/UnityEditor.HierarchyModule.dll"
-r:"/home/asif/Unity/Hub/Editor/6000.5.10f1/Editor/Data/Managed/UnityEngine/UnityEditor.LightingModule.dll"
-r:"/home/asif/Unity/Hub/Editor/6000.5.10f1/Editor/Data/Managed/UnityEngine/UnityEditor.MathematicsModule.dll"
-r:"/home/asif/Unity/Hub/Editor/6000.5.10f1/Editor/Data/Managed/UnityEngine/UnityEditor.MediaModule.dll"
-r:"/home/asif/Unity/Hub/Editor/6000.5.10f1/Editor/Data/Managed/UnityEngine/UnityEditor.MultiplayerModule.dll"
-r:"/home/asif/Unity/Hub/Editor/6000.5.10f1/Editor/Data/Managed/UnityEngine/UnityEditor.Physics2DModule.dll"
-r:"/home/asif/Unity/Hub/Editor/6000.5.10f1/Editor/Data/Managed/UnityEngine/UnityEditor.PhysicsCore2DModule.dll"
-r:"/home/asif/Unity/Hub/Editor/6000.5.10f1/Editor/Data/Managed/UnityEngine/UnityEditor.PhysicsModule.dll"
-r:"/home/asif/Unity/Hub/Editor/6000.5.10f1/Editor/Data/Managed/UnityEngine/UnityEditor.PlayModeModule.dll"
-r:"/home/asif/Unity/Hub/Editor/6000.5.10f1/Editor/Data/Managed/UnityEngine/UnityEditor.PresetsUIModule.dll"
-r:"/home/asif/Unity/Hub/Editor/6000.5.10f1/Editor/Data/Managed/UnityEngine/UnityEditor.ProjectAuditorModule.dll"
-r:"/home/asif/Unity/Hub/Editor/6000.5.10f1/Editor/Data/Managed/UnityEngine/UnityEditor.PropertiesModule.dll"
-r:"/home/asif/Unity/Hub/Editor/6000.5.10f1/Editor/Data/Managed/UnityEngine/UnityEditor.QuickInstallModule.dll"
-r:"/home/asif/Unity/Hub/Editor/6000.5.10f1/Editor/Data/Managed/UnityEngine/UnityEditor.QuickSearchModule.dll"
-r:"/home/asif/Unity/Hub/Editor/6000.5.10f1/Editor/Data/Managed/UnityEngine/UnityEditor.SafeModeModule.dll"
-r:"/home/asif/Unity/Hub/Editor/6000.5.10f1/Editor/Data/Managed/UnityEngine/UnityEditor.SceneTemplateModule.dll"
-r:"/home/asif/Unity/Hub/Editor/6000.5.10f1/Editor/Data/Managed/UnityEngine/UnityEditor.SceneViewModule.dll"
-r:"/home/asif/Unity/Hub/Editor/6000.5.10f1/Editor/Data/Managed/UnityEngine/UnityEditor.ShaderBuildSettingsModule.dll"
-r:"/home/asif/Unity/Hub/Editor/6000.5.10f1/Editor/Data/Managed/UnityEngine/UnityEditor.ShaderCompilationModule.dll"
-r:"/home/asif/Unity/Hub/Editor/6000.5.10f1/Editor/Data/Managed/UnityEngine/UnityEditor.ShaderFoundryModule.dll"
-r:"/home/asif/Unity/Hub/Editor/6000.5.10f1/Editor/Data/Managed/UnityEngine/UnityEditor.SketchUpModule.dll"
-r:"/home/asif/Unity/Hub/Editor/6000.5.10f1/Editor/Data/Managed/UnityEngine/UnityEditor.SpriteMaskModule.dll"
-r:"/home/asif/Unity/Hub/Editor/6000.5.10f1/Editor/Data/Managed/UnityEngine/UnityEditor.SpriteShapeModule.dll"
-r:"/home/asif/Unity/Hub/Editor/6000.5.10f1/Editor/Data/Managed/UnityEngine/UnityEditor.SubstanceModule.dll"
-r:"/home/asif/Unity/Hub/Editor/6000.5.10f1/Editor/Data/Managed/UnityEngine/UnityEditor.TerrainModule.dll"
-r:"/home/asif/Unity/Hub/Editor/6000.5.10f1/Editor/Data/Managed/UnityEngine/UnityEditor.TextCoreFontEngineModule.dll"
-r:"/home/asif/Unity/Hub/Editor/6000.5.10f1/Editor/Data/Managed/UnityEngine/UnityEditor.TextCoreTextEngineModule.dll"
-r:"/home/asif/Unity/Hub/Editor/6000.5.10f1/Editor/Data/Managed/UnityEngine/UnityEditor.TextRenderingModule.dll"
-r:"/home/asif/Unity/Hub/Editor/6000.5.10f1/Editor/Data/Managed/UnityEngine/UnityEditor.TilemapModule.dll"
-r:"/home/asif/Unity/Hub/Editor/6000.5.10f1/Editor/Data/Managed/UnityEngine/UnityEditor.TreeModule.dll"
-r:"/home/asif/Unity/Hub/Editor/6000.5.10f1/Editor/Data/Managed/UnityEngine/UnityEditor.U2DModule.dll"
-r:"/home/asif/Unity/Hub/Editor/6000.5.10f1/Editor/Data/Managed/UnityEngine/UnityEditor.UIAutomationModule.dll"
-r:"/home/asif/Unity/Hub/Editor/6000.5.10f1/Editor/Data/Managed/UnityEngine/UnityEditor.UIBuilderModule.dll"
-r:"/home/asif/Unity/Hub/Editor/6000.5.10f1/Editor/Data/Managed/UnityEngine/UnityEditor.UIElementsModule.dll"
-r:"/home/asif/Unity/Hub/Editor/6000.5.10f1/Editor/Data/Managed/UnityEngine/UnityEditor.UIElementsSamplesModule.dll"
-r:"/home/asif/Unity/Hub/Editor/6000.5.10f1/Editor/Data/Managed/UnityEngine/UnityEditor.UIToolkitAuthoringModule.dll"
-r:"/home/asif/Unity/Hub/Editor/6000.5.10f1/Editor/Data/Managed/UnityEngine/UnityEditor.UmbraModule.dll"
-r:"/home/asif/Unity/Hub/Editor/6000.5.10f1/Editor/Data/Managed/UnityEngine/UnityEditor.UnityConnectModule.dll"
-r:"/home/asif/Unity/Hub/Editor/6000.5.10f1/Editor/Data/Managed/UnityEngine/UnityEditor.VFXModule.dll"
-r:"/home/asif/Unity/Hub/Editor/6000.5.10f1/Editor/Data/Managed/UnityEngine/UnityEditor.VectorGraphicsModule.dll"
-r:"/home/asif/Unity/Hub/Editor/6000.5.10f1/Editor/Data/Managed/UnityEngine/UnityEditor.VideoModule.dll"
-r:"/home/asif/Unity/Hub/Editor/6000.5.10f1/Editor/Data/Managed/UnityEngine/UnityEditor.XRModule.dll"
-r:"/home/asif/Unity/Hub/Editor/6000.5.10f1/Editor/Data/Managed/UnityEngine/UnityEditor.dll"
-r:"/home/asif/Unity/Hub/Editor/6000.5.10f1/Editor/Data/Managed/UnityEngine/UnityEngine.AIModule.dll"
-r:"/home/asif/Unity/Hub/Editor/6000.5.10f1/Editor/Data/Managed/UnityEngine/UnityEngine.AccessibilityModule.dll"
-r:"/home/asif/Unity/Hub/Editor/6000.5.10f1/Editor/Data/Managed/UnityEngine/UnityEngine.AdaptivePerformanceModule.dll"
-r:"/home/asif/Unity/Hub/Editor/6000.5.10f1/Editor/Data/Managed/UnityEngine/UnityEngine.AndroidJNIModule.dll"
-r:"/home/asif/Unity/Hub/Editor/6000.5.10f1/Editor/Data/Managed/UnityEngine/UnityEngine.AnimationModule.dll"
-r:"/home/asif/Unity/Hub/Editor/6000.5.10f1/Editor/Data/Managed/UnityEngine/UnityEngine.AssetBundleModule.dll"
-r:"/home/asif/Unity/Hub/Editor/6000.5.10f1/Editor/Data/Managed/UnityEngine/UnityEngine.AudioModule.dll"
-r:"/home/asif/Unity/Hub/Editor/6000.5.10f1/Editor/Data/Managed/UnityEngine/UnityEngine.ClothModule.dll"
-r:"/home/asif/Unity/Hub/Editor/6000.5.10f1/Editor/Data/Managed/UnityEngine/UnityEngine.ClusterInputModule.dll"
-r:"/home/asif/Unity/Hub/Editor/6000.5.10f1/Editor/Data/Managed/UnityEngine/UnityEngine.ClusterRendererModule.dll"
-r:"/home/asif/Unity/Hub/Editor/6000.5.10f1/Editor/Data/Managed/UnityEngine/UnityEngine.ContentLoadModule.dll"
-r:"/home/asif/Unity/Hub/Editor/6000.5.10f1/Editor/Data/Managed/UnityEngine/UnityEngine.CoreModule.dll"
-r:"/home/asif/Unity/Hub/Editor/6000.5.10f1/Editor/Data/Managed/UnityEngine/UnityEngine.CrashReportingModule.dll"
-r:"/home/asif/Unity/Hub/Editor/6000.5.10f1/Editor/Data/Managed/UnityEngine/UnityEngine.DSPGraphModule.dll"
-r:"/home/asif/Unity/Hub/Editor/6000.5.10f1/Editor/Data/Managed/UnityEngine/UnityEngine.DirectorModule.dll"
-r:"/home/asif/Unity/Hub/Editor/6000.5.10f1/Editor/Data/Managed/UnityEngine/UnityEngine.GIModule.dll"
-r:"/home/asif/Unity/Hub/Editor/6000.5.10f1/Editor/Data/Managed/UnityEngine/UnityEngine.GameCenterModule.dll"
-r:"/home/asif/Unity/Hub/Editor/6000.5.10f1/Editor/Data/Managed/UnityEngine/UnityEngine.GraphicsStateCollectionSerializerModule.dll"
-r:"/home/asif/Unity/Hub/Editor/6000.5.10f1/Editor/Data/Managed/UnityEngine/UnityEngine.GridModule.dll"
-r:"/home/asif/Unity/Hub/Editor/6000.5.10f1/Editor/Data/Managed/UnityEngine/UnityEngine.HierarchyCoreModule.dll"
-r:"/home/asif/Unity/Hub/Editor/6000.5.10f1/Editor/Data/Managed/UnityEngine/UnityEngine.HotReloadModule.dll"
-r:"/home/asif/Unity/Hub/Editor/6000.5.10f1/Editor/Data/Managed/UnityEngine/UnityEngine.IMGUIModule.dll"
-r:"/home/asif/Unity/Hub/Editor/6000.5.10f1/Editor/Data/Managed/UnityEngine/UnityEngine.IdentifiersModule.dll"
-r:"/home/asif/Unity/Hub/Editor/6000.5.10f1/Editor/Data/Managed/UnityEngine/UnityEngine.ImageConversionModule.dll"
-r:"/home/asif/Unity/Hub/Editor/6000.5.10f1/Editor/Data/Managed/UnityEngine/UnityEngine.InputForUIModule.dll"
-r:"/home/asif/Unity/Hub/Editor/6000.5.10f1/Editor/Data/Managed/UnityEngine/UnityEngine.InputLegacyModule.dll"
-r:"/home/asif/Unity/Hub/Editor/6000.5.10f1/Editor/Data/Managed/UnityEngine/UnityEngine.InputModule.dll"
-r:"/home/asif/Unity/Hub/Editor/6000.5.10f1/Editor/Data/Managed/UnityEngine/UnityEngine.JSONSerializeModule.dll"
-r:"/home/asif/Unity/Hub/Editor/6000.5.10f1/Editor/Data/Managed/UnityEngine/UnityEngine.LocalizationModule.dll"
-r:"/home/asif/Unity/Hub/Editor/6000.5.10f1/Editor/Data/Managed/UnityEngine/UnityEngine.MarshallingModule.dll"
-r:"/home/asif/Unity/Hub/Editor/6000.5.10f1/Editor/Data/Managed/UnityEngine/UnityEngine.MathematicsModule.dll"
-r:"/home/asif/Unity/Hub/Editor/6000.5.10f1/Editor/Data/Managed/UnityEngine/UnityEngine.MultiplayerModule.dll"
-r:"/home/asif/Unity/Hub/Editor/6000.5.10f1/Editor/Data/Managed/UnityEngine/UnityEngine.ParticleSystemModule.dll"
-r:"/home/asif/Unity/Hub/Editor/6000.5.10f1/Editor/Data/Managed/UnityEngine/UnityEngine.PerformanceReportingModule.dll"
-r:"/home/asif/Unity/Hub/Editor/6000.5.10f1/Editor/Data/Managed/UnityEngine/UnityEngine.Physics2DModule.dll"
-r:"/home/asif/Unity/Hub/Editor/6000.5.10f1/Editor/Data/Managed/UnityEngine/UnityEngine.PhysicsBackendPhysXModule.dll"
-r:"/home/asif/Unity/Hub/Editor/6000.5.10f1/Editor/Data/Managed/UnityEngine/UnityEngine.PhysicsCore2DModule.dll"
-r:"/home/asif/Unity/Hub/Editor/6000.5.10f1/Editor/Data/Managed/UnityEngine/UnityEngine.PhysicsModule.dll"
-r:"/home/asif/Unity/Hub/Editor/6000.5.10f1/Editor/Data/Managed/UnityEngine/UnityEngine.PropertiesModule.dll"
-r:"/home/asif/Unity/Hub/Editor/6000.5.10f1/Editor/Data/Managed/UnityEngine/UnityEngine.RenderAs2DModule.dll"
-r:"/home/asif/Unity/Hub/Editor/6000.5.10f1/Editor/Data/Managed/UnityEngine/UnityEngine.RuntimeInitializeOnLoadManagerInitializerModule.dll"
-r:"/home/asif/Unity/Hub/Editor/6000.5.10f1/Editor/Data/Managed/UnityEngine/UnityEngine.ScreenCaptureModule.dll"
-r:"/home/asif/Unity/Hub/Editor/6000.5.10f1/Editor/Data/Managed/UnityEngine/UnityEngine.ScriptingModule.dll"
-r:"/home/asif/Unity/Hub/Editor/6000.5.10f1/Editor/Data/Managed/UnityEngine/UnityEngine.ShaderVariantAnalyticsModule.dll"
-r:"/home/asif/Unity/Hub/Editor/6000.5.10f1/Editor/Data/Managed/UnityEngine/UnityEngine.SharedInternalsModule.dll"
-r:"/home/asif/Unity/Hub/Editor/6000.5.10f1/Editor/Data/Managed/UnityEngine/UnityEngine.SpriteMaskModule.dll"
-r:"/home/asif/Unity/Hub/Editor/6000.5.10f1/Editor/Data/Managed/UnityEngine/UnityEngine.SpriteShapeModule.dll"
-r:"/home/asif/Unity/Hub/Editor/6000.5.10f1/Editor/Data/Managed/UnityEngine/UnityEngine.StreamingModule.dll"
-r:"/home/asif/Unity/Hub/Editor/6000.5.10f1/Editor/Data/Managed/UnityEngine/UnityEngine.SubstanceModule.dll"
-r:"/home/asif/Unity/Hub/Editor/6000.5.10f1/Editor/Data/Managed/UnityEngine/UnityEngine.SubsystemsModule.dll"
-r:"/home/asif/Unity/Hub/Editor/6000.5.10f1/Editor/Data/Managed/UnityEngine/UnityEngine.TLSModule.dll"
-r:"/home/asif/Unity/Hub/Editor/6000.5.10f1/Editor/Data/Managed/UnityEngine/UnityEngine.TerrainModule.dll"
-r:"/home/asif/Unity/Hub/Editor/6000.5.10f1/Editor/Data/Managed/UnityEngine/UnityEngine.TerrainPhysicsModule.dll"
-r:"/home/asif/Unity/Hub/Editor/6000.5.10f1/Editor/Data/Managed/UnityEngine/UnityEngine.TextCoreFontEngineModule.dll"
-r:"/home/asif/Unity/Hub/Editor/6000.5.10f1/Editor/Data/Managed/UnityEngine/UnityEngine.TextCoreTextEngineModule.dll"
-r:"/home/asif/Unity/Hub/Editor/6000.5.10f1/Editor/Data/Managed/UnityEngine/UnityEngine.TextRenderingModule.dll"
-r:"/home/asif/Unity/Hub/Editor/6000.5.10f1/Editor/Data/Managed/UnityEngine/UnityEngine.TilemapModule.dll"
-r:"/home/asif/Unity/Hub/Editor/6000.5.10f1/Editor/Data/Managed/UnityEngine/UnityEngine.U2DRuntimeModule.dll"
-r:"/home/asif/Unity/Hub/Editor/6000.5.10f1/Editor/Data/Managed/UnityEngine/UnityEngine.UIElementsModule.dll"
-r:"/home/asif/Unity/Hub/Editor/6000.5.10f1/Editor/Data/Managed/UnityEngine/UnityEngine.UIModule.dll"
-r:"/home/asif/Unity/Hub/Editor/6000.5.10f1/Editor/Data/Managed/UnityEngine/UnityEngine.UmbraModule.dll"
-r:"/home/asif/Unity/Hub/Editor/6000.5.10f1/Editor/Data/Managed/UnityEngine/UnityEngine.UnityAnalyticsCommonModule.dll"
-r:"/home/asif/Unity/Hub/Editor/6000.5.10f1/Editor/Data/Managed/UnityEngine/UnityEngine.UnityAnalyticsModule.dll"
-r:"/home/asif/Unity/Hub/Editor/6000.5.10f1/Editor/Data/Managed/UnityEngine/UnityEngine.UnityConnectModule.dll"
-r:"/home/asif/Unity/Hub/Editor/6000.5.10f1/Editor/Data/Managed/UnityEngine/UnityEngine.UnityConsentModule.dll"
-r:"/home/asif/Unity/Hub/Editor/6000.5.10f1/Editor/Data/Managed/UnityEngine/UnityEngine.UnityCurlModule.dll"
-r:"/home/asif/Unity/Hub/Editor/6000.5.10f1/Editor/Data/Managed/UnityEngine/UnityEngine.UnityWebRequestAssetBundleModule.dll"
-r:"/home/asif/Unity/Hub/Editor/6000.5.10f1/Editor/Data/Managed/UnityEngine/UnityEngine.UnityWebRequestAudioModule.dll"
-r:"/home/asif/Unity/Hub/Editor/6000.5.10f1/Editor/Data/Managed/UnityEngine/UnityEngine.UnityWebRequestModule.dll"
-r:"/home/asif/Unity/Hub/Editor/6000.5.10f1/Editor/Data/Managed/UnityEngine/UnityEngine.UnityWebRequestTextureModule.dll"
-r:"/home/asif/Unity/Hub/Editor/6000.5.10f1/Editor/Data/Managed/UnityEngine/UnityEngine.UnityWebRequestWWWModule.dll"
-r:"/home/asif/Unity/Hub/Editor/6000.5.10f1/Editor/Data/Managed/UnityEngine/UnityEngine.VFXModule.dll"
-r:"/home/asif/Unity/Hub/Editor/6000.5.10f1/Editor/Data/Managed/UnityEngine/UnityEngine.VectorGraphicsModule.dll"
-r:"/home/asif/Unity/Hub/Editor/6000.5.10f1/Editor/Data/Managed/UnityEngine/UnityEngine.VehiclesModule.dll"
-r:"/home/asif/Unity/Hub/Editor/6000.5.10f1/Editor/Data/Managed/UnityEngine/UnityEngine.VideoModule.dll"
-r:"/home/asif/Unity/Hub/Editor/6000.5.10f1/Editor/Data/Managed/UnityEngine/UnityEngine.VirtualTexturingModule.dll"
-r:"/home/asif/Unity/Hub/Editor/6000.5.10f1/Editor/Data/Managed/UnityEngine/UnityEngine.WindModule.dll"
-r:"/home/asif/Unity/Hub/Editor/6000.5.10f1/Editor/Data/Managed/UnityEngine/UnityEngine.XRModule.dll"
-r:"/home/asif/Unity/Hub/Editor/6000.5.10f1/Editor/Data/Managed/UnityEngine/UnityEngine.dll"
-r:"/home/asif/Unity/Hub/Editor/6000.5.10f1/Editor/Data/NetStandard/Extensions/2.0.0/System.Runtime.InteropServices.WindowsRuntime.dll"
-r:"/home/asif/Unity/Hub/Editor/6000.5.10f1/Editor/Data/NetStandard/compat/2.1.0/shims/netfx/System.ComponentModel.Composition.dll"
-r:"/home/asif/Unity/Hub/Editor/6000.5.10f1/Editor/Data/NetStandard/compat/2.1.0/shims/netfx/System.Core.dll"
-r:"/home/asif/Unity/Hub/Editor/6000.5.10f1/Editor/Data/NetStandard/compat/2.1.0/shims/netfx/System.Data.dll"
-r:"/home/asif/Unity/Hub/Editor/6000.5.10f1/Editor/Data/NetStandard/compat/2.1.0/shims/netfx/System.Drawing.dll"
-r:"/home/asif/Unity/Hub/Editor/6000.5.10f1/Editor/Data/NetStandard/compat/2.1.0/shims/netfx/System.IO.Compression.FileSystem.dll"
-r:"/home/asif/Unity/Hub/Editor/6000.5.10f1/Editor/Data/NetStandard/compat/2.1.0/shims/netfx/System.Net.dll"
-r:"/home/asif/Unity/Hub/Editor/6000.5.10f1/Editor/Data/NetStandard/compat/2.1.0/shims/netfx/System.Numerics.dll"
-r:"/home/asif/Unity/Hub/Editor/6000.5.10f1/Editor/Data/NetStandard/compat/2.1.0/shims/netfx/System.Runtime.Serialization.dll"
-r:"/home/asif/Unity/Hub/Editor/6000.5.10f1/Editor/Data/NetStandard/compat/2.1.0/shims/netfx/System.ServiceModel.Web.dll"
-r:"/home/asif/Unity/Hub/Editor/6000.5.10f1/Editor/Data/NetStandard/compat/2.1.0/shims/netfx/System.Transactions.dll"
-r:"/home/asif/Unity/Hub/Editor/6000.5.10f1/Editor/Data/NetStandard/compat/2.1.0/shims/netfx/System.Web.dll"
-r:"/home/asif/Unity/Hub/Editor/6000.5.10f1/Editor/Data/NetStandard/compat/2.1.0/shims/netfx/System.Windows.dll"
-r:"/home/asif/Unity/Hub/Editor/6000.5.10f1/Editor/Data/NetStandard/compat/2.1.0/shims/netfx/System.Xml.Linq.dll"
-r:"/home/asif/Unity/Hub/Editor/6000.5.10f1/Editor/Data/NetStandard/compat/2.1.0/shims/netfx/System.Xml.Serialization.dll"
-r:"/home/asif/Unity/Hub/Editor/6000.5.10f1/Editor/Data/NetStandard/compat/2.1.0/shims/netfx/System.Xml.dll"
-r:"/home/asif/Unity/Hub/Editor/6000.5.10f1/Editor/Data/NetStandard/compat/2.1.0/shims/netfx/System.dll"
-r:"/home/asif/Unity/Hub/Editor/6000.5.10f1/Editor/Data/NetStandard/compat/2.1.0/shims/netfx/mscorlib.dll"
-r:"/home/asif/Unity/Hub/Editor/6000.5.10f1/Editor/Data/NetStandard/compat/2.1.0/shims/netstandard/Microsoft.Win32.Primitives.dll"
-r:"/home/asif/Unity/Hub/Editor/6000.5.10f1/Editor/Data/NetStandard/compat/2.1.0/shims/netstandard/System.AppContext.dll"
-r:"/home/asif/Unity/Hub/Editor/6000.5.10f1/Editor/Data/NetStandard/compat/2.1.0/shims/netstandard/System.Buffers.dll"
-r:"/home/asif/Unity/Hub/Editor/6000.5.10f1/Editor/Data/NetStandard/compat/2.1.0/shims/netstandard/System.Collections.Concurrent.dll"
-r:"/home/asif/Unity/Hub/Editor/6000.5.10f1/Editor/Data/NetStandard/compat/2.1.0/shims/netstandard/System.Collections.NonGeneric.dll"
-r:"/home/asif/Unity/Hub/Editor/6000.5.10f1/Editor/Data/NetStandard/compat/2.1.0/shims/netstandard/System.Collections.Specialized.dll"
-r:"/home/asif/Unity/Hub/Editor/6000.5.10f1/Editor/Data/NetStandard/compat/2.1.0/shims/netstandard/System.Collections.dll"
-r:"/home/asif/Unity/Hub/Editor/6000.5.10f1/Editor/Data/NetStandard/compat/2.1.0/shims/netstandard/System.ComponentModel.EventBasedAsync.dll"
-r:"/home/asif/Unity/Hub/Editor/6000.5.10f1/Editor/Data/NetStandard/compat/2.1.0/shims/netstandard/System.ComponentModel.Primitives.dll"
-r:"/home/asif/Unity/Hub/Editor/6000.5.10f1/Editor/Data/NetStandard/compat/2.1.0/shims/netstandard/System.ComponentModel.TypeConverter.dll"
-r:"/home/asif/Unity/Hub/Editor/6000.5.10f1/Editor/Data/NetStandard/compat/2.1.0/shims/netstandard/System.ComponentModel.dll"
-r:"/home/asif/Unity/Hub/Editor/6000.5.10f1/Editor/Data/NetStandard/compat/2.1.0/shims/netstandard/System.Console.dll"
-r:"/home/asif/Unity/Hub/Editor/6000.5.10f1/Editor/Data/NetStandard/compat/2.1.0/shims/netstandard/System.Data.Common.dll"
-r:"/home/asif/Unity/Hub/Editor/6000.5.10f1/Editor/Data/NetStandard/compat/2.1.0/shims/netstandard/System.Diagnostics.Contracts.dll"
-r:"/home/asif/Unity/Hub/Editor/6000.5.10f1/Editor/Data/NetStandard/compat/2.1.0/shims/netstandard/System.Diagnostics.Debug.dll"
-r:"/home/asif/Unity/Hub/Editor/6000.5.10f1/Editor/Data/NetStandard/compat/2.1.0/shims/netstandard/System.Diagnostics.FileVersionInfo.dll"
-r:"/home/asif/Unity/Hub/Editor/6000.5.10f1/Editor/Data/NetStandard/compat/2.1.0/shims/netstandard/System.Diagnostics.Process.dll"
-r:"/home/asif/Unity/Hub/Editor/6000.5.10f1/Editor/Data/NetStandard/compat/2.1.0/shims/netstandard/System.Diagnostics.StackTrace.dll"
-r:"/home/asif/Unity/Hub/Editor/6000.5.10f1/Editor/Data/NetStandard/compat/2.1.0/shims/netstandard/System.Diagnostics.TextWriterTraceListener.dll"
-r:"/home/asif/Unity/Hub/Editor/6000.5.10f1/Editor/Data/NetStandard/compat/2.1.0/shims/netstandard/System.Diagnostics.Tools.dll"
-r:"/home/asif/Unity/Hub/Editor/6000.5.10f1/Editor/Data/NetStandard/compat/2.1.0/shims/netstandard/System.Diagnostics.TraceSource.dll"
-r:"/home/asif/Unity/Hub/Editor/6000.5.10f1/Editor/Data/NetStandard/compat/2.1.0/shims/netstandard/System.Diagnostics.Tracing.dll"
-r:"/home/asif/Unity/Hub/Editor/6000.5.10f1/Editor/Data/NetStandard/compat/2.1.0/shims/netstandard/System.Drawing.Primitives.dll"
-r:"/home/asif/Unity/Hub/Editor/6000.5.10f1/Editor/Data/NetStandard/compat/2.1.0/shims/netstandard/System.Dynamic.Runtime.dll"
-r:"/home/asif/Unity/Hub/Editor/6000.5.10f1/Editor/Data/NetStandard/compat/2.1.0/shims/netstandard/System.Globalization.Calendars.dll"
-r:"/home/asif/Unity/Hub/Editor/6000.5.10f1/Editor/Data/NetStandard/compat/2.1.0/shims/netstandard/System.Globalization.Extensions.dll"
-r:"/home/asif/Unity/Hub/Editor/6000.5.10f1/Editor/Data/NetStandard/compat/2.1.0/shims/netstandard/System.Globalization.dll"
-r:"/home/asif/Unity/Hub/Editor/6000.5.10f1/Editor/Data/NetStandard/compat/2.1.0/shims/netstandard/System.IO.Compression.ZipFile.dll"
-r:"/home/asif/Unity/Hub/Editor/6000.5.10f1/Editor/Data/NetStandard/compat/2.1.0/shims/netstandard/System.IO.Compression.dll"
-r:"/home/asif/Unity/Hub/Editor/6000.5.10f1/Editor/Data/NetStandard/compat/2.1.0/shims/netstandard/System.IO.FileSystem.DriveInfo.dll"
-r:"/home/asif/Unity/Hub/Editor/6000.5.10f1/Editor/Data/NetStandard/compat/2.1.0/shims/netstandard/System.IO.FileSystem.Primitives.dll"
-r:"/home/asif/Unity/Hub/Editor/6000.5.10f1/Editor/Data/NetStandard/compat/2.1.0/shims/netstandard/System.IO.FileSystem.Watcher.dll"
-r:"/home/asif/Unity/Hub/Editor/6000.5.10f1/Editor/Data/NetStandard/compat/2.1.0/shims/netstandard/System.IO.FileSystem.dll"
-r:"/home/asif/Unity/Hub/Editor/6000.5.10f1/Editor/Data/NetStandard/compat/2.1.0/shims/netstandard/System.IO.IsolatedStorage.dll"
-r:"/home/asif/Unity/Hub/Editor/6000.5.10f1/Editor/Data/NetStandard/compat/2.1.0/shims/netstandard/System.IO.MemoryMappedFiles.dll"
-r:"/home/asif/Unity/Hub/Editor/6000.5.10f1/Editor/Data/NetStandard/compat/2.1.0/shims/netstandard/System.IO.Pipes.dll"
-r:"/home/asif/Unity/Hub/Editor/6000.5.10f1/Editor/Data/NetStandard/compat/2.1.0/shims/netstandard/System.IO.UnmanagedMemoryStream.dll"
-r:"/home/asif/Unity/Hub/Editor/6000.5.10f1/Editor/Data/NetStandard/compat/2.1.0/shims/netstandard/System.IO.dll"
-r:"/home/asif/Unity/Hub/Editor/6000.5.10f1/Editor/Data/NetStandard/compat/2.1.0/shims/netstandard/System.Linq.Expressions.dll"
-r:"/home/asif/Unity/Hub/Editor/6000.5.10f1/Editor/Data/NetStandard/compat/2.1.0/shims/netstandard/System.Linq.Parallel.dll"
-r:"/home/asif/Unity/Hub/Editor/6000.5.10f1/Editor/Data/NetStandard/compat/2.1.0/shims/netstandard/System.Linq.Queryable.dll"
-r:"/home/asif/Unity/Hub/Editor/6000.5.10f1/Editor/Data/NetStandard/compat/2.1.0/shims/netstandard/System.Linq.dll"
-r:"/home/asif/Unity/Hub/Editor/6000.5.10f1/Editor/Data/NetStandard/compat/2.1.0/shims/netstandard/System.Memory.dll"
-r:"/home/asif/Unity/Hub/Editor/6000.5.10f1/Editor/Data/NetStandard/compat/2.1.0/shims/netstandard/System.Net.Http.dll"
-r:"/home/asif/Unity/Hub/Editor/6000.5.10f1/Editor/Data/NetStandard/compat/2.1.0/shims/netstandard/System.Net.NameResolution.dll"
-r:"/home/asif/Unity/Hub/Editor/6000.5.10f1/Editor/Data/NetStandard/compat/2.1.0/shims/netstandard/System.Net.NetworkInformation.dll"
-r:"/home/asif/Unity/Hub/Editor/6000.5.10f1/Editor/Data/NetStandard/compat/2.1.0/shims/netstandard/System.Net.Ping.dll"
-r:"/home/asif/Unity/Hub/Editor/6000.5.10f1/Editor/Data/NetStandard/compat/2.1.0/shims/netstandard/System.Net.Primitives.dll"
-r:"/home/asif/Unity/Hub/Editor/6000.5.10f1/Editor/Data/NetStandard/compat/2.1.0/shims/netstandard/System.Net.Requests.dll"
-r:"/home/asif/Unity/Hub/Editor/6000.5.10f1/Editor/Data/NetStandard/compat/2.1.0/shims/netstandard/System.Net.Security.dll"
-r:"/home/asif/Unity/Hub/Editor/6000.5.10f1/Editor/Data/NetStandard/compat/2.1.0/shims/netstandard/System.Net.Sockets.dll"
-r:"/home/asif/Unity/Hub/Editor/6000.5.10f1/Editor/Data/NetStandard/compat/2.1.0/shims/netstandard/System.Net.WebHeaderCollection.dll"
-r:"/home/asif/Unity/Hub/Editor/6000.5.10f1/Editor/Data/NetStandard/compat/2.1.0/shims/netstandard/System.Net.WebSockets.Client.dll"
-r:"/home/asif/Unity/Hub/Editor/6000.5.10f1/Editor/Data/NetStandard/compat/2.1.0/shims/netstandard/System.Net.WebSockets.dll"
-r:"/home/asif/Unity/Hub/Editor/6000.5.10f1/Editor/Data/NetStandard/compat/2.1.0/shims/netstandard/System.Numerics.Vectors.dll"
-r:"/home/asif/Unity/Hub/Editor/6000.5.10f1/Editor/Data/NetStandard/compat/2.1.0/shims/netstandard/System.ObjectModel.dll"
-r:"/home/asif/Unity/Hub/Editor/6000.5.10f1/Editor/Data/NetStandard/compat/2.1.0/shims/netstandard/System.Reflection.DispatchProxy.dll"
-r:"/home/asif/Unity/Hub/Editor/6000.5.10f1/Editor/Data/NetStandard/compat/2.1.0/shims/netstandard/System.Reflection.Emit.ILGeneration.dll"
-r:"/home/asif/Unity/Hub/Editor/6000.5.10f1/Editor/Data/NetStandard/compat/2.1.0/shims/netstandard/System.Reflection.Emit.Lightweight.dll"
-r:"/home/asif/Unity/Hub/Editor/6000.5.10f1/Editor/Data/NetStandard/compat/2.1.0/shims/netstandard/System.Reflection.Emit.dll"
-r:"/home/asif/Unity/Hub/Editor/6000.5.10f1/Editor/Data/NetStandard/compat/2.1.0/shims/netstandard/System.Reflection.Extensions.dll"
-r:"/home/asif/Unity/Hub/Editor/6000.5.10f1/Editor/Data/NetStandard/compat/2.1.0/shims/netstandard/System.Reflection.Primitives.dll"
-r:"/home/asif/Unity/Hub/Editor/6000.5.10f1/Editor/Data/NetStandard/compat/2.1.0/shims/netstandard/System.Reflection.dll"
-r:"/home/asif/Unity/Hub/Editor/6000.5.10f1/Editor/Data/NetStandard/compat/2.1.0/shims/netstandard/System.Resources.Reader.dll"
-r:"/home/asif/Unity/Hub/Editor/6000.5.10f1/Editor/Data/NetStandard/compat/2.1.0/shims/netstandard/System.Resources.ResourceManager.dll"
-r:"/home/asif/Unity/Hub/Editor/6000.5.10f1/Editor/Data/NetStandard/compat/2.1.0/shims/netstandard/System.Resources.Writer.dll"
-r:"/home/asif/Unity/Hub/Editor/6000.5.10f1/Editor/Data/NetStandard/compat/2.1.0/shims/netstandard/System.Runtime.CompilerServices.VisualC.dll"
-r:"/home/asif/Unity/Hub/Editor/6000.5.10f1/Editor/Data/NetStandard/compat/2.1.0/shims/netstandard/System.Runtime.Extensions.dll"
-r:"/home/asif/Unity/Hub/Editor/6000.5.10f1/Editor/Data/NetStandard/compat/2.1.0/shims/netstandard/System.Runtime.Handles.dll"
-r:"/home/asif/Unity/Hub/Editor/6000.5.10f1/Editor/Data/NetStandard/compat/2.1.0/shims/netstandard/System.Runtime.InteropServices.RuntimeInformation.dll"
-r:"/home/asif/Unity/Hub/Editor/6000.5.10f1/Editor/Data/NetStandard/compat/2.1.0/shims/netstandard/System.Runtime.InteropServices.dll"
-r:"/home/asif/Unity/Hub/Editor/6000.5.10f1/Editor/Data/NetStandard/compat/2.1.0/shims/netstandard/System.Runtime.Numerics.dll"
-r:"/home/asif/Unity/Hub/Editor/6000.5.10f1/Editor/Data/NetStandard/compat/2.1.0/shims/netstandard/System.Runtime.Serialization.Formatters.dll"
-r:"/home/asif/Unity/Hub/Editor/6000.5.10f1/Editor/Data/NetStandard/compat/2.1.0/shims/netstandard/System.Runtime.Serialization.Json.dll"
-r:"/home/asif/Unity/Hub/Editor/6000.5.10f1/Editor/Data/NetStandard/compat/2.1.0/shims/netstandard/System.Runtime.Serialization.Primitives.dll"
-r:"/home/asif/Unity/Hub/Editor/6000.5.10f1/Editor/Data/NetStandard/compat/2.1.0/shims/netstandard/System.Runtime.Serialization.Xml.dll"
-r:"/home/asif/Unity/Hub/Editor/6000.5.10f1/Editor/Data/NetStandard/compat/2.1.0/shims/netstandard/System.Runtime.dll"
-r:"/home/asif/Unity/Hub/Editor/6000.5.10f1/Editor/Data/NetStandard/compat/2.1.0/shims/netstandard/System.Security.Claims.dll"
-r:"/home/asif/Unity/Hub/Editor/6000.5.10f1/Editor/Data/NetStandard/compat/2.1.0/shims/netstandard/System.Security.Cryptography.Algorithms.dll"
-r:"/home/asif/Unity/Hub/Editor/6000.5.10f1/Editor/Data/NetStandard/compat/2.1.0/shims/netstandard/System.Security.Cryptography.Csp.dll"
-r:"/home/asif/Unity/Hub/Editor/6000.5.10f1/Editor/Data/NetStandard/compat/2.1.0/shims/netstandard/System.Security.Cryptography.Encoding.dll"
-r:"/home/asif/Unity/Hub/Editor/6000.5.10f1/Editor/Data/NetStandard/compat/2.1.0/shims/netstandard/System.Security.Cryptography.Primitives.dll"
-r:"/home/asif/Unity/Hub/Editor/6000.5.10f1/Editor/Data/NetStandard/compat/2.1.0/shims/netstandard/System.Security.Cryptography.X509Certificates.dll"
-r:"/home/asif/Unity/Hub/Editor/6000.5.10f1/Editor/Data/NetStandard/compat/2.1.0/shims/netstandard/System.Security.Principal.dll"
-r:"/home/asif/Unity/Hub/Editor/6000.5.10f1/Editor/Data/NetStandard/compat/2.1.0/shims/netstandard/System.Security.SecureString.dll"
-r:"/home/asif/Unity/Hub/Editor/6000.5.10f1/Editor/Data/NetStandard/compat/2.1.0/shims/netstandard/System.Text.Encoding.Extensions.dll"
-r:"/home/asif/Unity/Hub/Editor/6000.5.10f1/Editor/Data/NetStandard/compat/2.1.0/shims/netstandard/System.Text.Encoding.dll"
-r:"/home/asif/Unity/Hub/Editor/6000.5.10f1/Editor/Data/NetStandard/compat/2.1.0/shims/netstandard/System.Text.RegularExpressions.dll"
-r:"/home/asif/Unity/Hub/Editor/6000.5.10f1/Editor/Data/NetStandard/compat/2.1.0/shims/netstandard/System.Threading.Overlapped.dll"
-r:"/home/asif/Unity/Hub/Editor/6000.5.10f1/Editor/Data/NetStandard/compat/2.1.0/shims/netstandard/System.Threading.Tasks.Extensions.dll"
-r:"/home/asif/Unity/Hub/Editor/6000.5.10f1/Editor/Data/NetStandard/compat/2.1.0/shims/netstandard/System.Threading.Tasks.Parallel.dll"
-r:"/home/asif/Unity/Hub/Editor/6000.5.10f1/Editor/Data/NetStandard/compat/2.1.0/shims/netstandard/System.Threading.Tasks.dll"
-r:"/home/asif/Unity/Hub/Editor/6000.5.10f1/Editor/Data/NetStandard/compat/2.1.0/shims/netstandard/System.Threading.Thread.dll"
-r:"/home/asif/Unity/Hub/Editor/6000.5.10f1/Editor/Data/NetStandard/compat/2.1.0/shims/netstandard/System.Threading.ThreadPool.dll"
-r:"/home/asif/Unity/Hub/Editor/6000.5.10f1/Editor/Data/NetStandard/compat/2.1.0/shims/netstandard/System.Threading.Timer.dll"
-r:"/home/asif/Unity/Hub/Editor/6000.5.10f1/Editor/Data/NetStandard/compat/2.1.0/shims/netstandard/System.Threading.dll"
-r:"/home/asif/Unity/Hub/Editor/6000.5.10f1/Editor/Data/NetStandard/compat/2.1.0/shims/netstandard/System.ValueTuple.dll"
-r:"/home/asif/Unity/Hub/Editor/6000.5.10f1/Editor/Data/NetStandard/compat/2.1.0/shims/netstandard/System.Xml.ReaderWriter.dll"
-r:"/home/asif/Unity/Hub/Editor/6000.5.10f1/Editor/Data/NetStandard/compat/2.1.0/shims/netstandard/System.Xml.XDocument.dll"
-r:"/home/asif/Unity/Hub/Editor/6000.5.10f1/Editor/Data/NetStandard/compat/2.1.0/shims/netstandard/System.Xml.XPath.XDocument.dll"
-r:"/home/asif/Unity/Hub/Editor/6000.5.10f1/Editor/Data/NetStandard/compat/2.1.0/shims/netstandard/System.Xml.XPath.dll"
-r:"/home/asif/Unity/Hub/Editor/6000.5.10f1/Editor/Data/NetStandard/compat/2.1.0/shims/netstandard/System.Xml.XmlDocument.dll"
-r:"/home/asif/Unity/Hub/Editor/6000.5.10f1/Editor/Data/NetStandard/compat/2.1.0/shims/netstandard/System.Xml.XmlSerializer.dll"
-r:"/home/asif/Unity/Hub/Editor/6000.5.10f1/Editor/Data/NetStandard/ref/2.1.0/netstandard.dll"
-r:"/home/asif/Unity/Hub/Editor/6000.5.10f1/Editor/Data/PlaybackEngines/AndroidPlayer/Unity.Android.Gradle.dll"
-r:"/home/asif/Unity/Hub/Editor/6000.5.10f1/Editor/Data/PlaybackEngines/AndroidPlayer/Unity.Android.Types.dll"
-r:"Library/PackageCache/com.unity.collections@c461d9198d5e/Unity.Collections.LowLevel.ILSupport/Unity.Collections.LowLevel.ILSupport.dll"
-r:"Library/PackageCache/com.unity.ext.nunit@9054f8d1d690/net472/unity-custom/nunit.framework.dll"
-r:"Library/PackageCache/com.unity.nuget.mono-cecil@ecb9724e46ff/Mono.Cecil.dll"
-r:"Library/PackageCache/com.unity.testtools.codecoverage@19a841221620/lib/ReportGenerator/ReportGeneratorMerged.dll"
-r:"Library/Bee/artifacts/2400b0aE.dag/Unity.Burst.Editor.ref.dll"
-r:"Library/Bee/artifacts/2400b0aE.dag/Unity.Burst.ref.dll"
-r:"Library/Bee/artifacts/2400b0aE.dag/Unity.Collections.Editor.ref.dll"
-r:"Library/Bee/artifacts/2400b0aE.dag/Unity.Collections.ref.dll"
-r:"Library/Bee/artifacts/2400b0aE.dag/Unity.EditorCoroutines.Editor.ref.dll"
-r:"Library/Bee/artifacts/2400b0aE.dag/Unity.InputSystem.ForUI.Editor.ref.dll"
-r:"Library/Bee/artifacts/2400b0aE.dag/Unity.InputSystem.ForUI.ref.dll"
-r:"Library/Bee/artifacts/2400b0aE.dag/Unity.InputSystem.ref.dll"
-r:"Library/Bee/artifacts/2400b0aE.dag/Unity.InternalAPIEditorBridge.007.ref.dll"
-r:"Library/Bee/artifacts/2400b0aE.dag/Unity.InternalAPIEditorBridge.ShaderGraph.Editor.ref.dll"
-r:"Library/Bee/artifacts/2400b0aE.dag/Unity.InternalAPIEngineBridge.004.ref.dll"
-r:"Library/Bee/artifacts/2400b0aE.dag/Unity.InternalAPIEngineBridge.007.ref.dll"
-r:"Library/Bee/artifacts/2400b0aE.dag/Unity.InternalAPIEngineBridge.RenderPipelines.Core.Editor.ref.dll"
-r:"Library/Bee/artifacts/2400b0aE.dag/Unity.InternalAPIEngineBridge.RenderPipelines.Core.Runtime.Shared.ref.dll"
-r:"Library/Bee/artifacts/2400b0aE.dag/Unity.Mathematics.ref.dll"
-r:"Library/Bee/artifacts/2400b0aE.dag/Unity.Multiplayer.Center.Common.ref.dll"
-r:"Library/Bee/artifacts/2400b0aE.dag/Unity.Multiplayer.Center.Editor.ref.dll"
-r:"Library/Bee/artifacts/2400b0aE.dag/Unity.PathTracing.Editor.ref.dll"
-r:"Library/Bee/artifacts/2400b0aE.dag/Unity.PathTracing.Runtime.ref.dll"
-r:"Library/Bee/artifacts/2400b0aE.dag/Unity.Performance.Profile-Analyzer.Editor.ref.dll"
-r:"Library/Bee/artifacts/2400b0aE.dag/Unity.RenderPipeline.Universal.ShaderLibrary.ref.dll"
-r:"Library/Bee/artifacts/2400b0aE.dag/Unity.RenderPipelines.Core.Editor.Shared.ref.dll"
-r:"Library/Bee/artifacts/2400b0aE.dag/Unity.RenderPipelines.Core.Editor.ref.dll"
-r:"Library/Bee/artifacts/2400b0aE.dag/Unity.RenderPipelines.Core.Runtime.Shared.ref.dll"
-r:"Library/Bee/artifacts/2400b0aE.dag/Unity.RenderPipelines.Core.Runtime.ref.dll"
-r:"Library/Bee/artifacts/2400b0aE.dag/Unity.RenderPipelines.Core.ShaderLibrary.ref.dll"
-r:"Library/Bee/artifacts/2400b0aE.dag/Unity.RenderPipelines.GPUDriven.Runtime.ref.dll"
-r:"Library/Bee/artifacts/2400b0aE.dag/Unity.RenderPipelines.ShaderGraph.ShaderGraphLibrary.ref.dll"
-r:"Library/Bee/artifacts/2400b0aE.dag/Unity.RenderPipelines.Universal.2D.Editor.Overrides.ref.dll"
-r:"Library/Bee/artifacts/2400b0aE.dag/Unity.RenderPipelines.Universal.2D.Runtime.ref.dll"
-r:"Library/Bee/artifacts/2400b0aE.dag/Unity.RenderPipelines.Universal.Config.Runtime.ref.dll"
-r:"Library/Bee/artifacts/2400b0aE.dag/Unity.RenderPipelines.Universal.Editor.ref.dll"
-r:"Library/Bee/artifacts/2400b0aE.dag/Unity.RenderPipelines.Universal.Runtime.ref.dll"
-r:"Library/Bee/artifacts/2400b0aE.dag/Unity.RenderPipelines.Universal.Shaders.ref.dll"
-r:"Library/Bee/artifacts/2400b0aE.dag/Unity.Rendering.LightTransport.Editor.ref.dll"
-r:"Library/Bee/artifacts/2400b0aE.dag/Unity.Rider.Editor.ref.dll"
-r:"Library/Bee/artifacts/2400b0aE.dag/Unity.Searcher.Editor.ref.dll"
-r:"Library/Bee/artifacts/2400b0aE.dag/Unity.Settings.Editor.ref.dll"
-r:"Library/Bee/artifacts/2400b0aE.dag/Unity.ShaderGraph.Editor.ref.dll"
-r:"Library/Bee/artifacts/2400b0aE.dag/Unity.SurfaceCache.Runtime.ref.dll"
-r:"Library/Bee/artifacts/2400b0aE.dag/Unity.Sysroot.Linux_x86_64.ref.dll"
-r:"Library/Bee/artifacts/2400b0aE.dag/Unity.SysrootPackage.Editor.ref.dll"
-r:"Library/Bee/artifacts/2400b0aE.dag/Unity.TestTools.CodeCoverage.Editor.OpenCover.Model.ref.dll"
-r:"Library/Bee/artifacts/2400b0aE.dag/Unity.TestTools.CodeCoverage.Editor.OpenCover.Mono.Reflection.ref.dll"
-r:"Library/Bee/artifacts/2400b0aE.dag/Unity.TestTools.CodeCoverage.Editor.ref.dll"
-r:"Library/Bee/artifacts/2400b0aE.dag/Unity.TextMeshPro.Editor.ref.dll"
-r:"Library/Bee/artifacts/2400b0aE.dag/Unity.TextMeshPro.ref.dll"
-r:"Library/Bee/artifacts/2400b0aE.dag/Unity.Toolchain.Linux-x86_64-Linux.ref.dll"
-r:"Library/Bee/artifacts/2400b0aE.dag/Unity.Tutorials.Editor.ref.dll"
-r:"Library/Bee/artifacts/2400b0aE.dag/Unity.Tutorials.ref.dll"
-r:"Library/Bee/artifacts/2400b0aE.dag/Unity.UnifiedRayTracing.Runtime.ref.dll"
-r:"Library/Bee/artifacts/2400b0aE.dag/Unity.VisualStudio.Editor.ref.dll"
-r:"Library/Bee/artifacts/2400b0aE.dag/Unity.XR.ARAnalytics.Editor.ref.dll"
-r:"Library/Bee/artifacts/2400b0aE.dag/Unity.XR.ARCore.Editor.ref.dll"
-r:"Library/Bee/artifacts/2400b0aE.dag/Unity.XR.ARCore.ref.dll"
-r:"Library/Bee/artifacts/2400b0aE.dag/Unity.XR.ARFoundation.Editor.ref.dll"
-r:"Library/Bee/artifacts/2400b0aE.dag/Unity.XR.ARFoundation.InternalUtils.Editor.ref.dll"
-r:"Library/Bee/artifacts/2400b0aE.dag/Unity.XR.ARFoundation.InternalUtils.ref.dll"
-r:"Library/Bee/artifacts/2400b0aE.dag/Unity.XR.ARFoundation.VisualScripting.Editor.ref.dll"
-r:"Library/Bee/artifacts/2400b0aE.dag/Unity.XR.ARFoundation.VisualScripting.ref.dll"
-r:"Library/Bee/artifacts/2400b0aE.dag/Unity.XR.ARFoundation.ref.dll"
-r:"Library/Bee/artifacts/2400b0aE.dag/Unity.XR.ARSubsystems.Editor.ref.dll"
-r:"Library/Bee/artifacts/2400b0aE.dag/Unity.XR.ARSubsystems.ref.dll"
-r:"Library/Bee/artifacts/2400b0aE.dag/Unity.XR.AndroidOpenXR.Editor.ref.dll"
-r:"Library/Bee/artifacts/2400b0aE.dag/Unity.XR.AndroidOpenXR.ref.dll"
-r:"Library/Bee/artifacts/2400b0aE.dag/Unity.XR.CompositionLayers.Editor.ref.dll"
-r:"Library/Bee/artifacts/2400b0aE.dag/Unity.XR.CompositionLayers.UIInteraction.Editor.ref.dll"
-r:"Library/Bee/artifacts/2400b0aE.dag/Unity.XR.CompositionLayers.UIInteraction.ref.dll"
-r:"Library/Bee/artifacts/2400b0aE.dag/Unity.XR.CompositionLayers.ref.dll"
-r:"Library/Bee/artifacts/2400b0aE.dag/Unity.XR.CoreUtils.Editor.ref.dll"
-r:"Library/Bee/artifacts/2400b0aE.dag/Unity.XR.CoreUtils.ref.dll"
-r:"Library/Bee/artifacts/2400b0aE.dag/Unity.XR.Hands.Analytics.Editor.ref.dll"
-r:"Library/Bee/artifacts/2400b0aE.dag/Unity.XR.Hands.Analytics.Hooks.Editor.ref.dll"
-r:"Library/Bee/artifacts/2400b0aE.dag/Unity.XR.Hands.Editor.ref.dll"
-r:"Library/Bee/artifacts/2400b0aE.dag/Unity.XR.Hands.Samples.VisualizerSample.ref.dll"
-r:"Library/Bee/artifacts/2400b0aE.dag/Unity.XR.Hands.ref.dll"
-r:"Library/Bee/artifacts/2400b0aE.dag/Unity.XR.Interaction.Toolkit.Analytics.Editor.ref.dll"
-r:"Library/Bee/artifacts/2400b0aE.dag/Unity.XR.Interaction.Toolkit.Analytics.Hooks.Editor.ref.dll"
-r:"Library/Bee/artifacts/2400b0aE.dag/Unity.XR.Interaction.Toolkit.Editor.ref.dll"
-r:"Library/Bee/artifacts/2400b0aE.dag/Unity.XR.Interaction.Toolkit.Samples.Hands.Editor.ref.dll"
-r:"Library/Bee/artifacts/2400b0aE.dag/Unity.XR.Interaction.Toolkit.Samples.Hands.ref.dll"
-r:"Library/Bee/artifacts/2400b0aE.dag/Unity.XR.Interaction.Toolkit.Samples.StarterAssets.Editor.ref.dll"
-r:"Library/Bee/artifacts/2400b0aE.dag/Unity.XR.Interaction.Toolkit.Samples.StarterAssets.ref.dll"
-r:"Library/Bee/artifacts/2400b0aE.dag/Unity.XR.Interaction.Toolkit.ref.dll"
-r:"Library/Bee/artifacts/2400b0aE.dag/Unity.XR.Management.Editor.ref.dll"
-r:"Library/Bee/artifacts/2400b0aE.dag/Unity.XR.Management.ref.dll"
-r:"Library/Bee/artifacts/2400b0aE.dag/Unity.XR.MetaOpenXR.Editor.ref.dll"
-r:"Library/Bee/artifacts/2400b0aE.dag/Unity.XR.MetaOpenXR.ref.dll"
-r:"Library/Bee/artifacts/2400b0aE.dag/Unity.XR.OpenXR.Editor.ref.dll"
-r:"Library/Bee/artifacts/2400b0aE.dag/Unity.XR.OpenXR.Features.ConformanceAutomation.ref.dll"
-r:"Library/Bee/artifacts/2400b0aE.dag/Unity.XR.OpenXR.Features.MetaQuestSupport.Editor.ref.dll"
-r:"Library/Bee/artifacts/2400b0aE.dag/Unity.XR.OpenXR.Features.MetaQuestSupport.ref.dll"
-r:"Library/Bee/artifacts/2400b0aE.dag/Unity.XR.OpenXR.Features.OculusQuestSupport.Editor.ref.dll"
-r:"Library/Bee/artifacts/2400b0aE.dag/Unity.XR.OpenXR.Features.OculusQuestSupport.ref.dll"
-r:"Library/Bee/artifacts/2400b0aE.dag/Unity.XR.OpenXR.Features.RuntimeDebugger.Editor.ref.dll"
-r:"Library/Bee/artifacts/2400b0aE.dag/Unity.XR.OpenXR.ref.dll"
-r:"Library/Bee/artifacts/2400b0aE.dag/Unity.XR.Simulation.Editor.ref.dll"
-r:"Library/Bee/artifacts/2400b0aE.dag/Unity.XR.Simulation.ref.dll"
-r:"Library/Bee/artifacts/2400b0aE.dag/UnityEditor.SpatialTracking.ref.dll"
-r:"Library/Bee/artifacts/2400b0aE.dag/UnityEditor.UI.Analytics.ref.dll"
-r:"Library/Bee/artifacts/2400b0aE.dag/UnityEditor.UI.ref.dll"
-r:"Library/Bee/artifacts/2400b0aE.dag/UnityEditor.XR.LegacyInputHelpers.ref.dll"
-r:"Library/Bee/artifacts/2400b0aE.dag/UnityEngine.SpatialTracking.ref.dll"
-r:"Library/Bee/artifacts/2400b0aE.dag/UnityEngine.UI.ref.dll"
-r:"Library/Bee/artifacts/2400b0aE.dag/UnityEngine.XR.LegacyInputHelpers.ref.dll"
-analyzer:"/home/asif/Unity/Hub/Editor/6000.5.10f1/Editor/Data/BCLExtensions/TargetingPacks/netstandard2.1/analyzers/dotnet/roslyn4.0/cs/Microsoft.Extensions.Logging.Generators.dll"
-analyzer:"/home/asif/Unity/Hub/Editor/6000.5.10f1/Editor/Data/BCLExtensions/TargetingPacks/netstandard2.1/analyzers/dotnet/roslyn4.0/cs/System.Text.Json.SourceGeneration.dll"
-analyzer:"/home/asif/Unity/Hub/Editor/6000.5.10f1/Editor/Data/Tools/BuildPipeline/Unity.Analyzers.Common/Unity.Analyzers.Common.dll"
-analyzer:"/home/asif/Unity/Hub/Editor/6000.5.10f1/Editor/Data/Tools/BuildPipeline/Unity.Analyzers.LongLiving/Unity.Analyzers.LongLiving.dll"
-analyzer:"/home/asif/Unity/Hub/Editor/6000.5.10f1/Editor/Data/Tools/BuildPipeline/Unity.SourceGenerators/Unity.Properties.SourceGenerator.dll"
-analyzer:"/home/asif/Unity/Hub/Editor/6000.5.10f1/Editor/Data/Tools/BuildPipeline/Unity.SourceGenerators/Unity.SourceGenerators.dll"
-analyzer:"/home/asif/Unity/Hub/Editor/6000.5.10f1/Editor/Data/Tools/BuildPipeline/Unity.SourceGenerators/Unity.UIToolkit.SourceGenerator.dll"
"Assets/Scripts/Audio/AudioManager.cs"
"Assets/Scripts/Combat/CombatSystem.cs"
"Assets/Scripts/Combat/GunController.cs"
"Assets/Scripts/Config/Config.cs"
"Assets/Scripts/Core/ConveyorBelt.cs"
"Assets/Scripts/Core/HallwaySceneBuilder.cs"
"Assets/Scripts/Enemies/BeatRing.cs"
"Assets/Scripts/Enemies/RingPulse.cs"
"Assets/Scripts/Enemies/Zombie.cs"
"Assets/Scripts/Player/HeroController.cs"
"Assets/Scripts/Player/PlayerController.cs"
"Assets/Scripts/Player/ThirdPersonCamera.cs"
"Assets/Scripts/Player/VRInputHandler.cs"
"Assets/Scripts/UI/HUD.cs"
"Assets/VRTemplateAssets/Scripts/AnchorVisuals.cs"
"Assets/VRTemplateAssets/Scripts/BezierCurve.cs"
"Assets/VRTemplateAssets/Scripts/BooleanToggleVisualsController.cs"
"Assets/VRTemplateAssets/Scripts/Callout.cs"
"Assets/VRTemplateAssets/Scripts/CalloutGazeController.cs"
"Assets/VRTemplateAssets/Scripts/DestroyObject.cs"
"Assets/VRTemplateAssets/Scripts/LaunchProjectile.cs"
"Assets/VRTemplateAssets/Scripts/RayAttachModifier.cs"
"Assets/VRTemplateAssets/Scripts/Rotator.cs"
"Assets/VRTemplateAssets/Scripts/StepManager.cs"
"Assets/VRTemplateAssets/Scripts/VideoPlayerRenderTexture.cs"
"Assets/VRTemplateAssets/Scripts/VideoTimeScrubControl.cs"
"Assets/VRTemplateAssets/Scripts/XRKnob.cs"
"Assets/VRTemplateAssets/Scripts/XRPokeFollowAffordanceFill.cs"
-langversion:9.0
/deterministic
/optimize+
/debug:portable
/nologo
/RuntimeMetadataVersion:v4.0.30319
/nowarn:0169
/nowarn:0649
/nowarn:0282
/nowarn:1701
/nowarn:1702
/utf8output
/preferreduilang:en-US
/additionalfile:"Library/Bee/artifacts/2400b0aE.dag/Assembly-CSharp.UnityAdditionalFile.txt"
##### Custom Environment Variables
DOTNET_HOST_PATH=/home/asif/Unity/Hub/Editor/6000.5.10f1/Editor/Data/DotNetSdk/dotnet
DOTNET_MULTILEVEL_LOOKUP=0
##### ExitCode
1
##### Output
Assets/Scripts/Player/PlayerController.cs(14,13): warning CS0618: 'XRBaseController' is obsolete: 'XRBaseController has been deprecated in version 3.0.0. Its functionality has been distributed into different components.'
Assets/Scripts/Player/PlayerController.cs(20,47): warning CS0618: 'XRBaseController' is obsolete: 'XRBaseController has been deprecated in version 3.0.0. Its functionality has been distributed into different components.'
Assets/Scripts/Core/ConveyorBelt.cs(28,58): warning CS0618: 'FindObjectsSortMode' is obsolete: 'FindObjectsSortMode has been deprecated. Use the FindObjectsByType overloads that do not take a FindObjectsSortMode parameter.'
Assets/Scripts/Core/ConveyorBelt.cs(28,32): warning CS0618: 'Object.FindObjectsByType<T>(FindObjectsSortMode)' is obsolete: 'FindObjectsByType with FindObjectsSortMode parameter has been deprecated. Use FindObjectsByType<T>() or FindObjectsByType<T>(FindObjectsInactive) instead. InstanceID will be replaced in the future with EntityId and previous sort order cannot be maintained.'
Assets/Scripts/Core/ConveyorBelt.cs(43,23): warning CS0618: 'Object.FindFirstObjectByType<T>()' is obsolete: 'FindFirstObjectByType has been deprecated because it relies on instance ID ordering. Use FindAnyObjectByType instead, which does not depend on ordering.'
Assets/Scripts/Combat/GunController.cs(50,34): warning CS0618: 'Object.FindFirstObjectByType<T>()' is obsolete: 'FindFirstObjectByType has been deprecated because it relies on instance ID ordering. Use FindAnyObjectByType instead, which does not depend on ordering.'
Assets/Scripts/Core/HallwaySceneBuilder.cs(202,30): error CS0246: The type or namespace name 'ZombieSpawner' could not be found (are you missing a using directive or an assembly reference?)
Assets/Scripts/Core/HallwaySceneBuilder.cs(208,55): warning CS0618: 'FindObjectsSortMode' is obsolete: 'FindObjectsSortMode has been deprecated. Use the FindObjectsByType overloads that do not take a FindObjectsSortMode parameter.'
Assets/Scripts/Core/HallwaySceneBuilder.cs(208,29): warning CS0618: 'Object.FindObjectsByType<T>(FindObjectsSortMode)' is obsolete: 'FindObjectsByType with FindObjectsSortMode parameter has been deprecated. Use FindObjectsByType<T>() or FindObjectsByType<T>(FindObjectsInactive) instead. InstanceID will be replaced in the future with EntityId and previous sort order cannot be maintained.'
Assets/Scripts/Core/HallwaySceneBuilder.cs(228,59): warning CS0618: 'FindObjectsSortMode' is obsolete: 'FindObjectsSortMode has been deprecated. Use the FindObjectsByType overloads that do not take a FindObjectsSortMode parameter.'
Assets/Scripts/Core/HallwaySceneBuilder.cs(228,34): warning CS0618: 'Object.FindObjectsByType<T>(FindObjectsSortMode)' is obsolete: 'FindObjectsByType with FindObjectsSortMode parameter has been deprecated. Use FindObjectsByType<T>() or FindObjectsByType<T>(FindObjectsInactive) instead. InstanceID will be replaced in the future with EntityId and previous sort order cannot be maintained.'
*** Tundra build failed (0.43 seconds), 2 items updated, 1356 evaluated
Assets/Scripts/Player/PlayerController.cs(14,13): warning CS0618: 'XRBaseController' is obsolete: 'XRBaseController has been deprecated in version 3.0.0. Its functionality has been distributed into different components.'
Assets/Scripts/Player/PlayerController.cs(20,47): warning CS0618: 'XRBaseController' is obsolete: 'XRBaseController has been deprecated in version 3.0.0. Its functionality has been distributed into different components.'
Assets/Scripts/Core/ConveyorBelt.cs(28,58): warning CS0618: 'FindObjectsSortMode' is obsolete: 'FindObjectsSortMode has been deprecated. Use the FindObjectsByType overloads that do not take a FindObjectsSortMode parameter.'
Assets/Scripts/Core/ConveyorBelt.cs(28,32): warning CS0618: 'Object.FindObjectsByType<T>(FindObjectsSortMode)' is obsolete: 'FindObjectsByType with FindObjectsSortMode parameter has been deprecated. Use FindObjectsByType<T>() or FindObjectsByType<T>(FindObjectsInactive) instead. InstanceID will be replaced in the future with EntityId and previous sort order cannot be maintained.'
Assets/Scripts/Core/ConveyorBelt.cs(43,23): warning CS0618: 'Object.FindFirstObjectByType<T>()' is obsolete: 'FindFirstObjectByType has been deprecated because it relies on instance ID ordering. Use FindAnyObjectByType instead, which does not depend on ordering.'
Assets/Scripts/Combat/GunController.cs(50,34): warning CS0618: 'Object.FindFirstObjectByType<T>()' is obsolete: 'FindFirstObjectByType has been deprecated because it relies on instance ID ordering. Use FindAnyObjectByType instead, which does not depend on ordering.'
Assets/Scripts/Core/HallwaySceneBuilder.cs(202,30): error CS0246: The type or namespace name 'ZombieSpawner' could not be found (are you missing a using directive or an assembly reference?)
Assets/Scripts/Core/HallwaySceneBuilder.cs(208,55): warning CS0618: 'FindObjectsSortMode' is obsolete: 'FindObjectsSortMode has been deprecated. Use the FindObjectsByType overloads that do not take a FindObjectsSortMode parameter.'
Assets/Scripts/Core/HallwaySceneBuilder.cs(208,29): warning CS0618: 'Object.FindObjectsByType<T>(FindObjectsSortMode)' is obsolete: 'FindObjectsByType with FindObjectsSortMode parameter has been deprecated. Use FindObjectsByType<T>() or FindObjectsByType<T>(FindObjectsInactive) instead. InstanceID will be replaced in the future with EntityId and previous sort order cannot be maintained.'
Assets/Scripts/Core/HallwaySceneBuilder.cs(228,59): warning CS0618: 'FindObjectsSortMode' is obsolete: 'FindObjectsSortMode has been deprecated. Use the FindObjectsByType overloads that do not take a FindObjectsSortMode parameter.'
Assets/Scripts/Core/HallwaySceneBuilder.cs(228,34): warning CS0618: 'Object.FindObjectsByType<T>(FindObjectsSortMode)' is obsolete: 'FindObjectsByType with FindObjectsSortMode parameter has been deprecated. Use FindObjectsByType<T>() or FindObjectsByType<T>(FindObjectsInactive) instead. InstanceID will be replaced in the future with EntityId and previous sort order cannot be maintained.'
Total cache size 67411408
Total cache size after purge 67411408, took 00:00:00.2463229
Refreshing native plugins compatible for Editor in 4.68 ms, found 1 plugins.

Asset Pipeline Refresh (id=94babc9f923adea3fb4219af59813b65): Total: 1.430 seconds - Initiated by RefreshV2(ForceSynchronousImport)
	(Values over 0.05ms)
	Summary:
		Imports: total=0 (actual=0, local cache=0, cache server=0)
		Asset DB Process Time: managed=0 ms, native=679 ms
		Asset DB Callback time: managed=3 ms, native=16 ms
		Scripting: domain reloads=0, domain reload time=0 ms, compile time=730 ms, other=0 ms
		Project Asset Count: scripts=1829, non-scripts=2725
		Asset File Changes: new=0, changed=1, moved=0, deleted=0
		Scan Filter Count: 1
	InvokePackagesCallback: 0.310ms
	ApplyChangesToAssetFolders: 0.316ms
	Scan: 512.857ms
	Collect global state as custom dependencies: 0.298ms
	OnSourceAssetsModified: 0.104ms
	CategorizeScriptCompilationAssets: 0.052ms
	ProcessAssetsWithTransientArtifactChanges: 0.978ms
	CategorizeAssets: 39.049ms
	CompileScripts: 730.151ms
	ImportOutOfDateAssets: 114.811ms (25.832ms without children)
		ReloadNativeAssets: 0.180ms
		UnloadImportedAssets: 0.617ms
		EnsureUptoDateAssetsAreRegisteredWithGuidPM: 1.025ms
		ImportSchedulerStart: 87.152ms
	PostProcessAllAssets: 14.290ms
		XRBuildSystem.XRAssetImported 10.402ms
		PostProcessCallbackCreateDeferredMaterials 0.079ms
		MonoPostProcessAllAssets: 3.463ms
			TextAssetPostProcessor.OnPostprocessAllAssets 1.232ms
			AssetPostprocessor.OnPostprocessAllAssets 0.281ms
			ShaderGraphAssetPostProcessor.OnPostprocessAllAssets 0.200ms
			AssetChangedListener.OnPostprocessAllAssets 0.165ms
			EnvironmentAssetPostprocessor.OnPostprocessAllAssets 0.099ms
			SyncVS.PostprocessSyncProject 0.098ms
			RenderPipelineGlobalSettingsPostprocessor.OnPostprocessAllAssets 0.082ms
			RetainedModeAssetPostprocessor.OnPostprocessAllAssets 0.080ms
	PostAssetChangesProfiler: 5.748ms
	GatherAllCurrentPrimaryImportResultRevisions: 0.367ms
	PersistCurrentRevisions: 0.275ms
	Untracked: 9.839ms

[Licensing::Client] Successfully resolved entitlement details
Asset Pipeline Refresh (id=d3cd6a567b8f6add38f34add94649a7d): Total: 0.273 seconds - Initiated by RefreshV2(ForceSynchronousImport)
Default GameObject Tag: Player already registered
AcceleratorClientConnectionCallback - disconnected - :0
Importing 'GUID: 00000000000000003000000000000000 - Path: ProjectSettings/TagManager.asset' with importer (LibraryAssetImporter)
Imported 'GUID: 00000000000000003000000000000000' -> (Import Result ID: 'dc4df84083f682f687382a2e942126ce') in 0.001 seconds [static dependencies only]. Details - ImportResultOutputID=fd6696bcbef029973bb12ace65e33982 DependenciesID=6bb2d799baa673cdbf8dbbd2504e7d50 StaticDependenciesID=9d926a118718dbae0222fc2a2ee8c118 
Asset Pipeline Refresh (id=2ebaf3264c1c32ca5a3c7dd90c6d4b50): Total: 0.185 seconds - Initiated by RefreshV2(AllowForceSynchronousImport)
[Licensing::Client] Successfully resolved entitlement details
GLX Extensions: GLX_ARB_context_flush_control GLX_ARB_create_context GLX_ARB_create_context_no_error GLX_ARB_create_context_profile GLX_ARB_create_context_robustness GLX_ARB_fbconfig_float GLX_ARB_framebuffer_sRGB GLX_ARB_get_proc_address GLX_ARB_multisample GLX_EXT_buffer_age GLX_EXT_create_context_es2_profile GLX_EXT_create_context_es_profile GLX_EXT_fbconfig_packed_float GLX_EXT_framebuffer_sRGB GLX_EXT_no_config_context GLX_EXT_swap_control GLX_EXT_swap_control_tear GLX_EXT_texture_from_pixmap GLX_EXT_visual_info GLX_EXT_visual_rating GLX_MESA_copy_sub_buffer GLX_MESA_gl_interop GLX_MESA_query_renderer GLX_MESA_swap_control GLX_OML_sync_control GLX_SGIS_multisample GLX_SGIX_fbconfig GLX_SGIX_pbuffer GLX_SGIX_visual_select_group GLX_SGI_make_current_read GLX_SGI_video_sync 
MonoPathRemapper: Attempts to remap: 130169; Successful remaps: 17628
Serialized file version minimum: 23, current 23
[LAYOUT] About to save layout /home/asif/Projects/vrGame/vrgame/UserSettings/Layouts/default-6000.dwlt
[LAYOUT] About to save layout /home/asif/.config/unity3d/Preferences/Editor-5.x/Layouts/current/default-6000.dwlt
Killing ADB server in 0.068722 seconds.
Shutting down MSBuild server...
Shutting down VB/C# compiler server...
VB/C# compiler server shut down successfully.
MSBuild server shut down successfully.
[Physics::Module] Cleanup current backend.
[Physics::Module] Id: 0xf2b8ea05
Input System module state changed to: ShutdownInProgress.
Input Polling Thread exited.
Input System module state changed to: Shutdown.
[Licensing::IpcConnector] LicenseClient-asif-6000.5.10-notifications channel disconnected successfully.
[Licensing::IpcConnector] LicenseClient-asif-6000.5.10 channel disconnected successfully.
Lingering sessions upon destruction of worker manager
AcceleratorClientConnectionCallback - disconnected - :0
info: Microsoft.Hosting.Lifetime[0]
      Application is shutting down...
info: Unity.ILPP.Runner.PostProcessingAssemblyLoadContext[0]
      ALC ILPP context 1 is unloading
Cleanup mono
CodeReloadManager destroyed
debugger-agent: Unable to listen on 145

SDL leaked 2 allocations
Turn on UNITY_SDL_ALLOCATION_TRACKING for detailed information.
Checking for leaked weakptr:
  Found no leaked weakptrs.
[Package Manager] Server process was shutdown
##utp:{"type":"MemoryLeaks","version":2,"phase":"Immediate","time":1788193717800,"processId":136228,"allocatedMemory":47898466,"memoryLabels":[{"Default":268795},{"Permanent":16152},{"Thread":1051832},{"Manager":817593},{"VertexData":8},{"Geometry":408},{"Texture":24},{"Shader":857300},{"Material":24},{"GfxDevice":36744},{"Animation":1016},{"Audio":1176},{"FreeType":8},{"FontEngine":736},{"Physics":2146},{"Physics2D":16},{"Serialization":528},{"Input":60256},{"JobScheduler":256},{"TextLib":22232},{"Mono":80},{"MonoCode":192},{"ScriptingNativeRuntime":155088},{"BaseObject":1624784},{"Resource":1032},{"Renderer":3072},{"Transform":4717},{"File":81131},{"WebCam":80},{"Culling":32},{"Terrain":11346},{"Wind":24},{"String":49276},{"StaticString":4140},{"Utility":2673328},{"PoolAlloc":2152},{"AI":80},{"TypeTree":444324},{"CodeReload":448},{"RuntimeInitializeOnLoadManager":64},{"Sprites":102},{"SpriteAtlas":120},{"GI":7408},{"Director":8280},{"CloudService":8632},{"WebRequest":5657},{"VR":47450},{"SceneManager":640},{"Video":64},{"LazyScriptCache":32},{"NativeArray":33048580},{"Camera":17},{"Secure":8049},{"SerializationCache":1576},{"APIUpdating":10320},{"VirtualTexturing":57552},{"StaticSafetyDebugInfo":278528},{"Analytics":760},{"Hierarchy":1424},{"UIElements":931736},{"CoreStats":13688},{"Identifiers":6768},{"Gui":267562},{"EditorUtility":179217},{"VersionControl":8},{"Undo":963},{"AssetDatabase":4757566},{"AssetImporter":40},{"EditorGi":328},{"UnityConnect":35346},{"Upm":1836},{"UpmDiagnostics":8},{"AssetCompliance":64},{"DrivenProperties":72},{"LocalIPC":216},{"ProfilerEditor":9746},{"CoreBusinessMetrics":2401},{"Windowing":480},{"Licensing":12726},{"AssetReference":32},{"IPCStream":32}]}
